{"type":"FeatureCollection","features":[{"type":"Feature","properties":{"id":"ayeyarwady","name":"Ayeyarwady","nameMy":"ဧရာဝတီ","stSource":"Ayeyarwady"},"geometry":{"type":"MultiPolygon","coordinates":[[[[95.27338533700004,15.67788537000007],[95.28298311400005,15.67610009300006],[95.29700209200007,15.672277766000036],[95.30719877700005,15.673380214000076],[95.32588697800009,15.676950771000065],[95.33005262900008,15.678224878000037],[95.28289919200006,15.669813472000044],[95.26709871300005,15.682386713000028],[95.27364092100004,15.687059718000057],[95.27287416700005,15.678819970000063],[95.27338533700004,15.67788537000007]]],[[[95.24598731500004,15.688185285000031],[95.21998705400006,15.67887655000004],[95.19944363900004,15.680481504000056],[95.21196228100007,15.684493889000066],[95.23041925800004,15.68625934000005],[95.24534533300005,15.692037175000053],[95.24598731500004,15.688185285000031]]],[[[95.04436638900006,15.71653393400004],[95.03727464900004,15.709669427000051],[95.02768068600005,15.731260614000064],[95.06418685300008,15.736875989000055],[95.04436638900006,15.71653393400004]]],[[[95.06350069400008,15.814859704000071],[95.05418947300006,15.824171447000026],[95.06576281000008,15.841310815000043],[95.06350069400008,15.814859704000071]]],[[[95.00189336700004,15.844309167000063],[95.01671615400005,15.84696987500007],[95.03328451000004,15.846559841000044],[95.04249697000006,15.833978968000054],[95.02557477200008,15.795314904000065],[94.99597999400004,15.775497998000048],[94.98907041700005,15.777974872000073],[94.98528965400004,15.795184005000067],[94.98548039100007,15.819397426000023],[94.98240026500008,15.841009454000073],[94.99125055300004,15.850094333000072],[95.00189336700004,15.844309167000063]]],[[[94.27571622200009,15.85923985900007],[94.27520399600007,15.85864444300006],[94.27281218100006,15.860704378000037],[94.27210370300008,15.863302511000029],[94.27641706900005,15.869752839000057],[94.27957182400007,15.867036777000067],[94.28034142000007,15.864678085000037],[94.27867139800009,15.861442818000057],[94.27571622200009,15.85923985900007]]],[[[94.84494146400004,15.892278987000054],[94.83366903100006,15.895883874000049],[94.84056600500008,15.902181939000059],[94.84494146400004,15.892278987000054]]],[[[94.50885522300007,15.932367605000024],[94.50682357200009,15.92505340200006],[94.51400087200005,15.926678524000067],[94.51752196700005,15.93006387400004],[94.50980296100005,15.911239874000046],[94.50140586500004,15.930199619000064],[94.50885522300007,15.932367605000024]]],[[[94.81903599800006,15.840349046000028],[94.81145244900006,15.817742139000075],[94.81365709000005,15.792036666000058],[94.78040565300006,15.79272125500006],[94.74640783200005,15.796629267000071],[94.73051580400005,15.826017695000075],[94.73659199700006,15.835165733000053],[94.75750478600008,15.851805048000074],[94.77729543500004,15.89198525300003],[94.79978307700009,15.931867880000027],[94.81684398700008,15.93411954100003],[94.82779740100005,15.892913842000041],[94.83685748100004,15.859628474000033],[94.81903599800006,15.840349046000028]]],[[[95.31704454600003,15.928591092000033],[95.31072740900004,15.933855372000039],[95.33094148800006,15.95828087700005],[95.32988863000008,15.932588893000059],[95.31704454600003,15.928591092000033]]],[[[95.34493761300007,15.962271053000052],[95.34273271600006,15.956873255000062],[95.34075288900004,15.959078150000039],[95.33931856300006,15.96127922900007],[95.33899050100007,15.96678765200005],[95.34130220600008,15.971521692000067],[95.34328584900004,15.976255731000037],[95.34512834800006,15.970381100000054],[95.34610872400003,15.965940789000058],[95.34592943400008,15.964250880000066],[95.34493761300007,15.962271053000052]]],[[[95.24204315800006,15.914703159000055],[95.24133043400008,15.937765436000063],[95.25706987500007,15.965700467000033],[95.26754392700008,15.981634812000038],[95.25985323100008,15.939854058000037],[95.24204315800006,15.914703159000055]]],[[[95.11095934100007,15.940985040000044],[95.10211305900003,15.963259059000052],[95.11933502500005,15.990593734000072],[95.11992030300007,15.96160592700005],[95.11095934100007,15.940985040000044]]],[[[95.34735994700009,15.97130044100004],[95.34649931200005,15.986639493000041],[95.35137713600005,15.992736489000038],[95.34735994700009,15.97130044100004]]],[[[94.33104488900005,16.017295759000035],[94.34801995200007,16.013836533000074],[94.33575730600006,15.990636937000033],[94.32651440800004,15.978387777000023],[94.28946057600007,15.985014241000044],[94.27592512600006,15.992501190000041],[94.29152271300006,15.998963934000074],[94.31066238200003,16.005923814000028],[94.32874564300005,16.01785503700006],[94.33104488900005,16.017295759000035]]],[[[94.69478617500005,16.00625552300005],[94.69357095600009,16.013436352000042],[94.69633281400007,16.02812943300006],[94.71102589500003,16.046689111000035],[94.71677055500004,16.026251368000032],[94.69478617500005,16.00625552300005]]],[[[94.81579537100004,15.985688244000073],[94.80038198400007,15.994238181000071],[94.82347254100006,16.033576829000026],[94.83651232000005,16.06761065200004],[94.85437681600007,16.053527691000056],[94.84229872100008,16.003878734000068],[94.81579537100004,15.985688244000073]]],[[[94.45919934400007,16.04870061300005],[94.45250073700004,16.05000142500006],[94.45210400800005,16.05500249200003],[94.45420209100007,16.058801931000062],[94.45630017400003,16.062502188000053],[94.45829907700005,16.066202442000076],[94.46040479100009,16.068300528000066],[94.46250287100008,16.070402425000054],[94.46460095700007,16.072500510000054],[94.46669903900005,16.075002949000066],[94.46880475200004,16.078302663000045],[94.47170392400005,16.080400748000045],[94.47290173600004,16.080000202000065],[94.47080365400006,16.075800223000044],[94.46880475200004,16.07169942300004],[94.46669903900005,16.068300528000066],[94.46460095700007,16.063299458000074],[94.46250287100008,16.058302205000075],[94.46040479100009,16.05000142500006],[94.45919934400007,16.04870061300005]]],[[[95.34423952400005,16.068186120000064],[95.33481340700007,16.07828362500004],[95.33515291400005,16.080313044000036],[95.34423952400005,16.068186120000064]]],[[[95.24856691600007,15.850145655000063],[95.23174948800005,15.864630150000039],[95.23607677100006,15.884500858000024],[95.24221544500006,15.895647363000023],[95.25114438900005,15.915327464000029],[95.25862245700006,15.92690499400004],[95.27366762200006,15.956594782000025],[95.27282457600006,15.98375924100003],[95.27114229400007,16.026079492000065],[95.29630403800007,16.056444485000043],[95.30580645000003,16.079786615000046],[95.32331209200004,16.086786585000027],[95.34172945300008,16.054277735000028],[95.34315233600006,15.994917232000034],[95.33578233800006,15.967756586000064],[95.32184649100003,15.95674415700006],[95.29027142800004,15.905201111000054],[95.25263719800006,15.852419214000065],[95.24856691600007,15.850145655000063]]],[[[95.34816866200003,16.06993706700007],[95.33753710000008,16.080789882000033],[95.33831530000003,16.085954982000032],[95.34816866200003,16.06993706700007]]],[[[94.62561085900006,16.054864210000062],[94.63994796600008,16.086288006000075],[94.63189561800004,16.066844531000072],[94.62561085900006,16.054864210000062]]],[[[95.18274838800005,16.112317380000036],[95.20925173600006,16.116131515000063],[95.19211702600006,16.09449990400003],[95.17763222900004,16.072531871000024],[95.17912985000004,16.029579985000055],[95.13257784200005,16.042880558000036],[95.11079728400006,16.022779137000043],[95.10734286400003,15.987893074000056],[95.09784416800005,15.988152185000047],[95.09534028900003,16.00516325700005],[95.09519323200004,16.01809533200003],[95.08992132200007,16.043066340000053],[95.10455068400006,16.071222619000025],[95.12592755300005,16.094029092000028],[95.15949566700004,16.11270805600003],[95.18274838800005,16.112317380000036]]],[[[94.66609401400007,16.133683947000065],[94.66359790500007,16.119859345000066],[94.66071777700006,16.123891521000075],[94.66244585300007,16.130227797000032],[94.66417392900007,16.133875955000065],[94.66609401400007,16.133683947000065]]],[[[94.54278151400007,16.15692835400006],[94.52039205900007,16.13630648700007],[94.52569482500007,16.151478290000057],[94.54278151400007,16.15692835400006]]],[[[95.32483797400005,16.119871454000076],[95.30484896000007,16.14733727600003],[95.32773371400003,16.187562623000076],[95.36228304100007,16.209741907000023],[95.36096315700007,16.179785090000053],[95.34576158900006,16.142118769000035],[95.32483797400005,16.119871454000076]]],[[[95.87071911000004,16.216495879000036],[95.87410945400006,16.233317191000026],[95.89197394700005,16.238663502000065],[95.87071911000004,16.216495879000036]]],[[[94.64263484500003,16.10889793800004],[94.59677900100007,16.048432240000068],[94.57356394400006,16.048862732000032],[94.57258594800004,16.076273451000077],[94.58538186500004,16.102789205000022],[94.57220104500004,16.069956924000053],[94.57998407000008,16.041017815000032],[94.58400069700008,16.01997297500003],[94.54995825200007,15.990644101000044],[94.49889458400008,15.97912204000005],[94.47797735800003,15.960535210000046],[94.47770650400008,15.943336331000069],[94.46993387000003,15.925272269000061],[94.45522502900008,15.92573021800007],[94.44444406100007,15.91447667600005],[94.43491101800004,15.893362910000064],[94.43328589700008,15.885643903000073],[94.42855203300007,15.879392903000053],[94.41865670900006,15.858400626000048],[94.41415917900008,15.853342335000036],[94.40733468600007,15.842352192000021],[94.39712667100008,15.832150020000029],[94.40078351200003,15.84352586600005],[94.40998590000004,15.856333059000065],[94.39983520800007,15.886591571000054],[94.38393586300003,15.955292327000052],[94.38267297700008,16.000534861000062],[94.40932857600006,16.010218502000043],[94.45337099400007,16.025832200000025],[94.49452340600004,16.077902120000033],[94.51920762700007,16.12811570300005],[94.57038372100004,16.188875881000058],[94.61306771000005,16.229464951000068],[94.64526891700007,16.251428875000045],[94.65522773500004,16.223348306000048],[94.66753562500008,16.203016587000036],[94.65129999700008,16.137026615000025],[94.64263484500003,16.10889793800004]]],[[[94.66397589500008,16.282067077000022],[94.65705283900007,16.271903441000063],[94.65528525400003,16.272787237000045],[94.65807393300008,16.277147717000048],[94.66310250900005,16.284761708000076],[94.66320446600008,16.285170004000065],[94.66338670000005,16.285454954000045],[94.66603808300005,16.285749551000038],[94.66397589500008,16.282067077000022]]],[[[94.54782241700008,16.20391674800004],[94.52901543500008,16.200665230000027],[94.52042479400006,16.226895400000046],[94.51954099800008,16.240152313000067],[94.51526932600007,16.26946482200003],[94.51821530900008,16.288613699000052],[94.55759790300004,16.25425129200005],[94.54782241700008,16.20391674800004]]],[[[94.51291254200004,16.279481160000046],[94.49287987200006,16.280954149000024],[94.50775707500009,16.29111778500004],[94.51291254200004,16.279481160000046]]],[[[94.67811660500007,16.300184857000033],[94.67517062500008,16.299301064000076],[94.67548082000008,16.30232548400005],[94.67575982100004,16.30504572500007],[94.67782200600004,16.31049579100005],[94.68076798800007,16.316682350000065],[94.68091339400007,16.31665591500007],[94.68238827700009,16.316387753000072],[94.68150448200004,16.30710791300004],[94.67811660500007,16.300184857000033]]],[[[95.12432989000007,16.145082788000025],[95.09429900400005,16.100098290000062],[95.07287566500008,16.08190981200005],[95.05169646200005,16.023316064000028],[95.06664568300005,15.983946727000045],[95.06664568300005,15.958046189000072],[95.06408660100004,15.931702292000068],[95.06065067100008,15.911302449000061],[95.05908178600004,15.89819577000003],[95.05188191400003,15.852600189000043],[95.04309047300006,15.838318503000039],[95.03757571900007,15.846784889000048],[95.02388009900005,15.850853957000027],[95.00653045000007,15.844910300000038],[94.99631809800007,15.849553960000037],[94.98514964100008,15.852968890000056],[94.97869841700003,15.838074365000068],[94.98191905700008,15.81595704800003],[94.97942280500007,15.78032148400007],[94.98620212100008,15.766241171000047],[94.96364718200005,15.747337368000046],[94.92449920100006,15.748718895000025],[94.91214940900005,15.758288228000026],[94.90110450800006,15.752550099000075],[94.85449187600005,15.759522117000074],[94.83947722600004,15.779480612000043],[94.84069792900004,15.80731264700006],[94.87632927600004,15.816482546000032],[94.88189344300008,15.861833086000047],[94.86932341700003,15.889710106000052],[94.90948455200004,15.925720847000036],[94.94607152600008,15.936240256000076],[94.94251847300006,15.950028072000066],[94.91761249900009,15.938161872000023],[94.87523321700007,15.911821520000046],[94.86206304100006,15.87922207500003],[94.87595764900004,15.834495634000064],[94.85772674000003,15.830506003000039],[94.84263377100007,15.834104440000033],[94.83738263000004,15.849445787000036],[94.84829158500008,15.893000775000075],[94.83024364800008,15.91978149700003],[94.83394783100005,15.934858462000022],[94.83916374300009,15.939291987000047],[94.82824897000006,15.933743607000054],[94.81999526700008,15.941117557000041],[94.83694697800007,15.969935465000049],[94.89275722900004,16.001882925000075],[94.91970967800006,16.032955438000045],[94.90957854500004,16.05612840400005],[94.906449,16.082468753000057],[94.93604929500003,16.096030124000038],[94.95652174800006,16.14166934800005],[94.99653213300007,16.136482416000035],[95.02111785100004,16.142883933000064],[95.02032439300007,16.17028872000003],[95.04748503900004,16.188294090000056],[95.05940966800006,16.222478324000065],[95.07952849600008,16.250305774000026],[95.09191863200004,16.262329699000077],[95.10748259800005,16.291687611000043],[95.11749236400004,16.30487120300006],[95.11352507800007,16.32049620400005],[95.11712615400006,16.311524038000073],[95.12768523300008,16.299683215000073],[95.14129607500007,16.28888002800005],[95.13171355400004,16.259888328000045],[95.14788787200007,16.24127260700004],[95.13427703100007,16.23211733200003],[95.11590545100006,16.204285301000027],[95.13153044800003,16.177918113000032],[95.12432989000007,16.145082788000025]]],[[[95.95798714700004,16.29932223900005],[95.95446216800008,16.336358592000067],[95.94884218400006,16.36239435500005],[95.96515902400006,16.33009611600005],[95.95798714700004,16.29932223900005]]],[[[96.05555079300007,16.361788147000027],[96.05540299800003,16.36117553500003],[96.04780593900006,16.364366664000045],[96.04522454100004,16.36707083400006],[96.04485655400003,16.368668797000055],[96.04755975900008,16.36879155400004],[96.04952665900004,16.36829983000007],[96.05296809900005,16.36633356400006],[96.05481222500003,16.364243893000037],[96.05555079300007,16.361788147000027]]],[[[94.66654544600004,16.338548075000062],[94.62942608600008,16.27300000100007],[94.58317418600006,16.231461669000055],[94.56763611100007,16.24618143300006],[94.60026087500006,16.270495916000073],[94.61206949000007,16.308496756000068],[94.62898418900005,16.328973639000026],[94.65741290500006,16.34370354400005],[94.68156994800006,16.37934991000003],[94.66654544600004,16.338548075000062]]],[[[95.88586155400009,16.196871010000052],[95.86444371700009,16.195795228000065],[95.85106394600007,16.20344387800003],[95.88370998900007,16.222787572000072],[95.89528829400007,16.262557126000047],[95.90688819400003,16.30435138400003],[95.90894196200009,16.341319154000075],[95.92311861300004,16.368797981000057],[95.93133778100008,16.387284372000067],[95.94483395000003,16.352468164000072],[95.94414936100009,16.26259149300006],[95.90359614300007,16.214922302000048],[95.88586155400009,16.196871010000052]]],[[[95.93118403200003,16.21381603900005],[95.93824885200007,16.232359281000072],[95.95723078700007,16.284891479000066],[95.96908937700005,16.32086787000003],[95.96790307100008,16.353231980000032],[95.97932522000008,16.36703717100005],[95.98155600400008,16.382188960000065],[95.99197919800008,16.38785622100005],[96.03320356100005,16.365140463000046],[96.07594176900005,16.31416292700004],[96.04887921300008,16.286990807000052],[96.01195580700005,16.24535610600003],[95.95723078700007,16.219557159000033],[95.93118403200003,16.21381603900005]]],[[[94.22527010600004,16.378210394000064],[94.22154160000008,16.388525928000035],[94.22763149300005,16.38411386300004],[94.22527010600004,16.378210394000064]]],[[[94.64916415800008,16.34061026300003],[94.61808406100005,16.340021068000055],[94.63384505800008,16.371395763000066],[94.65093174700007,16.39378521900005],[94.66492515700008,16.37772962100007],[94.65078444900007,16.346649524000043],[94.64916415800008,16.34061026300003]]],[[[96.01019437800005,16.387351153000054],[95.99207094400003,16.393466008000075],[96.00209614100004,16.392315574000065],[96.01019437800005,16.387351153000054]]],[[[95.94798164200006,16.378507167000066],[95.93743863500003,16.389756582000075],[95.93080634100005,16.40298440400005],[95.94517407700005,16.396324307000043],[95.94928477100007,16.379579858000056],[95.94798164200006,16.378507167000066]]],[[[95.96188787500006,16.34912808000007],[95.95476112300008,16.363752134000038],[95.95391962800005,16.380903558000057],[95.94615688900006,16.398782294000057],[95.97569577700006,16.405349899000043],[95.98719319300005,16.38813128000004],[95.97811628700003,16.369042265000076],[95.96304311600005,16.350943462000032],[95.96188787500006,16.34912808000007]]],[[[94.24250115500007,16.52059640300007],[94.24183830900006,16.531643831000054],[94.24570490800005,16.536836123000057],[94.24250115500007,16.52059640300007]]],[[[94.73749815000008,16.628027160000045],[94.75872284700006,16.61313675100007],[94.76670563600004,16.591327721000027],[94.73732294300004,16.57394517000006],[94.71096979700008,16.506694246000052],[94.68764078100008,16.49186160000005],[94.68893684000005,16.54154376200006],[94.69931071300005,16.615324722000025],[94.72113568700007,16.623908150000034],[94.73749815000008,16.628027160000045]]],[[[95.12636750300004,18.50511737900007],[95.13921901200007,18.496629547000055],[95.16261760900005,18.489013645000057],[95.19132936100004,18.47319279000004],[95.18898642700003,18.424556868000025],[95.23293316900003,18.389692082000067],[95.26369594700003,18.362151764000032],[95.27160372100008,18.32137516100005],[95.33623271200008,18.275708965000035],[95.34339712400003,18.264459481000074],[95.35152593700008,18.25095568100005],[95.38997016500008,18.22884454000007],[95.41692427900006,18.201597140000047],[95.39641673000006,18.162336518000075],[95.40999367500007,18.12436836200004],[95.41860003100004,18.10724844300006],[95.42435612400004,18.093278807000047],[95.42866684500007,18.08336447100004],[95.43631145300009,18.068952428000046],[95.44155683500009,18.06039970300003],[95.45703677700004,18.026466044000074],[95.46016288100003,17.965134054000032],[95.45742936200008,17.911614968000038],[95.48365181000008,17.88490080500003],[95.47657147000007,17.842860889000065],[95.48165026300006,17.811218300000064],[95.47344760800007,17.77371577200006],[95.43165048600008,17.739728575000072],[95.47158834400005,17.677681565000057],[95.51468820000008,17.64563527300004],[95.55695703500004,17.63460025200004],[95.58215543200004,17.60781086000003],[95.59728791200007,17.61756711000004],[95.60991318800006,17.62590864300006],[95.63212391400003,17.623144239000055],[95.63544489900005,17.60818190400005],[95.64774106000004,17.608758609000063],[95.65528301000006,17.607435010000074],[95.66378594400004,17.602502498000035],[95.67371563100005,17.59441163500003],[95.67799167100009,17.58674809000007],[95.67288022600007,17.570916814000043],[95.67763716900004,17.560544806000053],[95.68004766900003,17.548807198000077],[95.68524366800006,17.544763501000034],[95.70179546500003,17.52415978700003],[95.71961574900007,17.502422956000032],[95.73639491200004,17.47584692600003],[95.69103594000006,17.42057135500005],[95.63556660600005,17.38892783800003],[95.61798874300007,17.348299964000034],[95.63908135000008,17.34669268500005],[95.65527487300005,17.355927467000072],[95.66489590000003,17.35945266300007],[95.67292206000008,17.35315895100007],[95.68423653800005,17.347784041000068],[95.69245526800006,17.334833211000046],[95.70832737900008,17.298691201000054],[95.70309641900008,17.275053030000038],[95.70546222400009,17.257719533000056],[95.69772631600006,17.244539834000022],[95.69529910600005,17.236573933000045],[95.69285555900007,17.227062411000077],[95.70975995500004,17.20242210500004],[95.73242368400008,17.203862918000027],[95.73783844000008,17.206433317000062],[95.75359677300008,17.196691801000043],[95.76226972300003,17.18387401500007],[95.77250677600006,17.176349225000024],[95.78013427300004,17.16470117500006],[95.78394899400007,17.150827080000056],[95.79227632300007,17.140821342000038],[95.79772011100005,17.12706861500004],[95.80548672700007,17.10880863700004],[95.80316389900008,17.096124975000066],[95.81428304200006,17.083871635000037],[95.82355289400004,17.100858506000066],[95.83478320900008,17.094110467000064],[95.82463274600008,17.090879151000024],[95.83582663000004,17.06260270000007],[95.82886319400006,17.045495834000064],[95.82579859600008,17.019625424000026],[95.84986587200007,17.00587269700003],[95.86820284400005,16.986676180000075],[95.87794435800004,16.958597695000037],[95.87049496500003,16.94828314600005],[95.85473662900006,16.945131479000054],[95.84637261000006,16.932691513000066],[95.83806246900008,16.92231136500004],[95.84245861200009,16.908090370000025],[95.84629609300003,16.894522883000036],[95.84583102200008,16.885759019000034],[95.84115007900004,16.865705197000068],[95.85993303300006,16.832770699000037],[95.87125426900008,16.79160257700005],[95.87588568100006,16.755837771000074],[95.87429622700006,16.73111159700005],[95.85144211000005,16.711582039000064],[95.83199866200005,16.694127698000045],[95.82371545200004,16.657381224000062],[95.82406660200007,16.614892102000056],[95.85560397300009,16.557065833000024],[95.87874416200003,16.55631756100007],[95.88076583000009,16.549333491000027],[95.88158214400005,16.540357289000042],[95.87095034300006,16.53180506600006],[95.85102250800009,16.514623654000047],[95.83450503200004,16.50155442600004],[95.83114217200006,16.49686996500003],[95.82042470600004,16.479089772000066],[95.81898286600006,16.45985997500003],[95.82607489600008,16.45098458900003],[95.83828152500007,16.458307295000054],[95.85804048300008,16.460188049000067],[95.85927309100003,16.442027651000046],[95.86960758000004,16.422300113000063],[95.88680129700003,16.410965972000042],[95.90767343000005,16.403899031000037],[95.92869722400008,16.387479970000072],[95.91881959400007,16.36919167900004],[95.90463883300004,16.337896213000022],[95.89701056300004,16.28694328000006],[95.88871400600004,16.248312937000037],[95.87606542000003,16.238011510000035],[95.84646512200004,16.20384729400007],[95.82625346600008,16.176594155000032],[95.78948129100007,16.149080225000034],[95.75805542700004,16.13030294400005],[95.73732217700007,16.146733064000045],[95.72962870800006,16.18141887300004],[95.72532558300009,16.266047035000042],[95.71313571900004,16.275308980000034],[95.72193524300008,16.266829421000068],[95.71515455500008,16.225884517000054],[95.72389120800005,16.162902388000077],[95.73862615700006,16.119219130000033],[95.72897672100004,16.099268271000028],[95.70915625700007,16.071232747000067],[95.70354915300004,16.046848363000038],[95.69429091100005,16.010988974000043],[95.68842301200004,15.992733284000053],[95.65921390700004,15.956091505000074],[95.62730183200006,15.908100623000053],[95.57523773600008,15.858684363000066],[95.56063318400004,15.840428673000076],[95.53233686500005,15.814740311000037],[95.50886526400006,15.793485471000054],[95.50821327700004,15.78474882100005],[95.50599651300007,15.775620974000049],[95.49211695900004,15.763420114000041],[95.46713797600006,15.744195109000032],[95.42449790000006,15.723070668000048],[95.38970805100007,15.713318972000025],[95.37604229800007,15.71184640100006],[95.33452342800007,15.709118106000062],[95.30283676400006,15.71224765200003],[95.28246936700003,15.720704227000056],[95.27911243400007,15.729310184000042],[95.28167591100004,15.733887820000064],[95.28271351000006,15.738709596000035],[95.28192005100004,15.746094851000066],[95.28790149500009,15.754517702000044],[95.28491077500007,15.760499148000065],[95.28167591100004,15.765504032000024],[95.27929553800004,15.775880006000023],[95.27612171200008,15.786500123000053],[95.26845151800006,15.802762907000044],[95.27068958100006,15.809327273000065],[95.27041566200006,15.829523192000067],[95.27790368600006,15.84805897800004],[95.29165206900007,15.857511148000071],[95.29632432900007,15.874879039000064],[95.30847032600008,15.901307262000046],[95.32867296200004,15.918275037000058],[95.34411485600003,15.935731090000047],[95.35247667300007,15.954285778000042],[95.35430772800004,15.969727674000069],[95.36010606900004,15.991700330000072],[95.36108263000006,16.009278454000025],[95.36028917300007,16.039124645000072],[95.35809190800006,16.047730603000048],[95.35607774900006,16.056092419000038],[95.35272081300008,16.069092906000037],[95.33288438600005,16.09649769300006],[95.34472520900005,16.123292125000035],[95.35827501400007,16.147278941000025],[95.36852891800004,16.169129527000052],[95.37188585100006,16.20709339600006],[95.38505285500008,16.231594225000038],[95.39227159400008,16.26110950700007],[95.39251573700005,16.297486461000062],[95.38673987500005,16.265701398000033],[95.37969835200005,16.23431507500004],[95.36230333400005,16.216675914000064],[95.34771593100004,16.208680310000034],[95.33428819700003,16.202698863000023],[95.31609971900008,16.189088025000046],[95.30608995400007,16.171326794000038],[95.29992540400008,16.15350452800004],[95.30431993300004,16.13787952800004],[95.31628282700007,16.11248890400003],[95.31984581000006,16.10154688500006],[95.31783687100005,16.089957782000056],[95.30090196500004,16.081727183000055],[95.29131944700003,16.06109730000003],[95.27529459200008,16.04321017700005],[95.26367052000006,16.02227894300006],[95.26251085200005,15.986512341000036],[95.25329454400008,15.963318983000022],[95.24352891800004,15.949525036000068],[95.23150499500008,15.923707165000053],[95.22570665400008,15.898072399000057],[95.22088487500008,15.877320447000045],[95.21443973200007,15.852109919000043],[95.21612413300005,15.834290661000068],[95.22466905500005,15.80267445000004],[95.21349962100004,15.791077769000026],[95.19488389900005,15.776917613000023],[95.18609483800003,15.773316540000053],[95.16790636000007,15.773499645000072],[95.13732774600004,15.78509632600003],[95.11187608800003,15.808106578000036],[95.11309679200008,15.816102183000055],[95.10912950400007,15.847901500000035],[95.11150987600007,15.869691051000075],[95.11046776100005,15.89053179900003],[95.11390485700008,15.909681420000027],[95.11791856800005,15.917481580000072],[95.12292345200007,15.947083630000066],[95.12625330200007,15.960260746000074],[95.12792833400005,15.981873669000038],[95.12435356400005,15.999896159000059],[95.11796359000004,16.008963213000072],[95.11767442500008,16.030701795000027],[95.14801372200009,16.03141502400007],[95.17828233600005,16.024720347000027],[95.18847520900005,16.046509898000068],[95.18310411300007,16.08709827900003],[95.20190294300005,16.094117320000066],[95.21227891700005,16.108277478000048],[95.21990831300008,16.12048450800006],[95.24828966200005,16.14251819900005],[95.27087267000007,16.159913218000042],[95.27752550200006,16.17852894300006],[95.26881813500006,16.17497141900003],[95.25906395400006,16.15612681300007],[95.22470116100004,16.135954694000077],[95.19094872100004,16.11548502900007],[95.17821144600003,16.127680616000077],[95.19273781500004,16.16501506000003],[95.20515084000004,16.17988093500003],[95.18346809900004,16.165438490000042],[95.16955208400003,16.137286025000037],[95.15207695500004,16.13966258000005],[95.15722679800007,16.14184077400006],[95.15122255100005,16.145670730000063],[95.16366600600008,16.13302500800006],[95.16381859500007,16.124380904000077],[95.13454087900004,16.122225600000036],[95.13523515400004,16.14550669600004],[95.14042695800003,16.17535670500007],[95.12453492900005,16.217039899000042],[95.14494356000006,16.231600600000036],[95.13832887400008,16.265917615000035],[95.14524110600007,16.291144210000027],[95.14098008800005,16.301050977000045],[95.12663301500004,16.315394153000057],[95.11771623100003,16.32546482300006],[95.10852528500004,16.316326323000055],[95.10954317100004,16.295302142000025],[95.09332689100006,16.269148578000056],[95.07857955000009,16.254721154000038],[95.06311650200007,16.232618183000056],[95.05089171200007,16.223327339000036],[95.04355683500006,16.19115168700006],[95.01245252000007,16.171859709000046],[95.01058610700005,16.151968792000048],[94.98673600100005,16.14489307200006],[94.94624748700005,16.13863397700004],[94.93011076400006,16.103524376000053],[94.90174924500008,16.08797443900005],[94.89638663700003,16.061764484000037],[94.91307755000008,16.03333776900007],[94.88148764900006,16.010921962000054],[94.87474855200009,16.059012164000023],[94.86458536100008,16.095600639000054],[94.85791929100009,16.110924450000027],[94.86047996500008,16.133067394000022],[94.88178208500005,16.186033572000042],[94.94619859100004,16.19672619200003],[94.98101479900004,16.227239272000077],[95.01868471100005,16.262617817000034],[95.03529008800007,16.30677675100003],[95.04866824800007,16.327990275000047],[95.04166803300006,16.329297892000056],[95.02647813500005,16.307596912000065],[95.00668749100004,16.26517803200005],[94.96980058800006,16.232846379000023],[94.92285738500004,16.210809152000024],[94.86926389800004,16.189554315000066],[94.85452894700006,16.157215664000034],[94.84527070500008,16.136612815000035],[94.83640365600007,16.110794051000028],[94.84383633000004,16.091234383000028],[94.84357553200005,16.071153125000023],[94.83462755500005,16.065203947000043],[94.81619199900007,16.024470717000042],[94.79767551500004,15.99747837700005],[94.80546809700007,15.977520362000064],[94.78916662000006,15.95596480100005],[94.75982712100006,15.923756549000075],[94.73231547400007,15.879393329000038],[94.70862620300005,15.849707354000032],[94.66004603500005,15.854502429000036],[94.62646143900008,15.889586199000064],[94.60757106000005,15.93216966600005],[94.63785594200004,15.945963609000046],[94.67144053400006,15.960654010000042],[94.71350615800009,16.00162937300007],[94.72811549100004,16.052412736000065],[94.74770335400007,16.078947603000074],[94.77057153200008,16.10148435700006],[94.78464472800005,16.102159478000033],[94.76289790400006,16.109686603000057],[94.78289555200007,16.142396666000025],[94.80152466100009,16.203093951000028],[94.83060336800008,16.211569807000046],[94.84846786600008,16.242604479000022],[94.86478932100005,16.221566969000037],[94.86287682000005,16.242604479000022],[94.87284510800004,16.260870683000064],[94.88200182700007,16.282766997000067],[94.90944512700008,16.29163404600007],[94.92695103300008,16.31500785000003],[94.94787987600006,16.327721633000067],[94.96225623200007,16.328993010000033],[94.96897229000007,16.329565200000047],[94.95768386500004,16.33256072000006],[94.94514152300007,16.332513752000068],[94.94171858100003,16.329384207000032],[94.92069193700007,16.310411328000043],[94.91355265800007,16.298284332000037],[94.89281941100006,16.286255139000048],[94.87149937400005,16.27324795800007],[94.85780760700004,16.247331399000075],[94.83834573500008,16.244201850000024],[94.83227421300006,16.224915573000033],[94.80335023000004,16.21417776100003],[94.79122323800004,16.19240133200003],[94.77779226500007,16.153281995000043],[94.75079992500008,16.13385272900007],[94.75123303800007,16.107470300000045],[94.74890859600004,16.091959246000044],[94.71434012100008,16.063923101000057],[94.70550217900006,16.043264409000074],[94.69246621400004,16.02846085400006],[94.68583775800005,16.01299445500007],[94.68731571700005,15.997315474000061],[94.65051151600005,15.974671432000036],[94.59593410600007,15.94753466700007],[94.56408573700008,15.939698287000056],[94.55248905500008,15.96551615900006],[94.58686019600003,15.989246738000077],[94.59451234900007,16.002585323000062],[94.64426874000009,16.06566613900003],[94.67038976900005,16.120854182000073],[94.67388798300004,16.155091355000025],[94.67830925400006,16.20590095700004],[94.71294405000003,16.207991177000054],[94.72638463300007,16.22680799400007],[94.75730397800004,16.231788211000037],[94.74196731200004,16.252201097000068],[94.73581104200008,16.25673729600004],[94.75298378900004,16.276286146000075],[94.74401940200005,16.270777905000045],[94.73203088000008,16.25824936300006],[94.75030399700006,16.248902388000033],[94.74769756200004,16.229880127000058],[94.72081638900005,16.224119879000057],[94.70625254000004,16.218186571000047],[94.67311025500004,16.215829789000054],[94.66467167400003,16.236512251000022],[94.66532598100008,16.25176908000003],[94.68587087200007,16.25004100500007],[94.69091678900008,16.25390727200005],[94.69725336900007,16.246908870000027],[94.70892216300007,16.260682174000067],[94.70664977700005,16.261165488000074],[94.70189756900004,16.253497156000037],[94.69300625200003,16.249762979000025],[94.69023306300005,16.260409456000048],[94.68450881400008,16.25446919700005],[94.67543641700007,16.252957132000063],[94.65772364700007,16.25209309400003],[94.68332076100006,16.303395323000075],[94.69433724000004,16.353293493000024],[94.71615418900006,16.358477720000053],[94.72829644100005,16.360575708000056],[94.70831180800008,16.38751323100007],[94.72247196700005,16.404481002000068],[94.73687626300006,16.402710984000066],[94.74127079400006,16.423707076000028],[94.74706913300008,16.427491257000042],[94.75231815800004,16.415711472000055],[94.76812626400005,16.415711472000055],[94.77850224000008,16.42327983200005],[94.77947880100004,16.43072612000003],[94.77368046100008,16.418885300000056],[94.76190067500005,16.41333110100004],[94.75268437000005,16.420289108000077],[94.74291874300008,16.429322312000068],[94.74090458400008,16.420289108000077],[94.73950077500007,16.403687545000025],[94.72192265000007,16.407715865000057],[94.70532108700007,16.399720260000038],[94.69689823400006,16.476075240000057],[94.71191288400007,16.49450785700003],[94.73852421100008,16.536316939000073],[94.74212528800007,16.57531840400003],[94.77288700500009,16.57971293600002],[94.77724879500005,16.585383166000042],[94.77102833100008,16.599439800000027],[94.76904494800004,16.61161962700004],[94.75774956300006,16.61739572500005],[94.73903530300004,16.628551456000025],[94.73210179500006,16.644549150000046],[94.71974604500008,16.652865161000022],[94.71591227600004,16.658568134000063],[94.72182272500004,16.680090380000024],[94.71522565100008,16.696692014000064],[94.71934168800004,16.700022449000073],[94.72806590200008,16.696005571000057],[94.73688531600004,16.695612635000032],[94.73904078600003,16.710116137000057],[94.73923533600004,16.724325884000052],[94.74192438000006,16.72984094800006],[94.73327518800005,16.71411235000005],[94.73434158000003,16.699098977000062],[94.71536870100005,16.701837330000046],[94.71507531000003,16.686971981000056],[94.71595549400007,16.673769207000078],[94.71038180500005,16.655908097000065],[94.71409732400008,16.646385672000065],[94.73208497600007,16.63424782100003],[94.70813162600007,16.629857753000067],[94.69297288200005,16.649319623000054],[94.67644496300005,16.64677686400006],[94.67608637100005,16.65481806100007],[94.68527941400004,16.67320415000006],[94.69188385700005,16.687482705000036],[94.68279616800004,16.696895855000037],[94.68731580600007,16.713074752000068],[94.68731580600007,16.725525924000067],[94.68474598800003,16.734443947000045],[94.68511853700005,16.739930223000044],[94.68408094200004,16.734131881000053],[94.68688855900007,16.725892136000027],[94.68652234900009,16.71868998700006],[94.68487439800003,16.70752055300005],[94.68165170800006,16.702280818000077],[94.68445729600006,16.691553562000024],[94.69078362800008,16.681761504000065],[94.67854355400004,16.670612492000032],[94.67272776400006,16.664406076000034],[94.66747938000003,16.656678268000064],[94.66052137100007,16.659119675000056],[94.65411268000008,16.66528422600004],[94.64947400900007,16.67309672500005],[94.66189282200008,16.655748077000055],[94.66931043300008,16.657898971000066],[94.67260380900007,16.663604321000037],[94.67018179600007,16.65080832800004],[94.66725191900008,16.64041997100003],[94.65408232000004,16.631405674000064],[94.68387763800007,16.644331907000037],[94.69932977500008,16.635725652000076],[94.68857195700008,16.594943745000023],[94.68583360400004,16.54985871100007],[94.66412237300005,16.526582708000035],[94.66588274300005,16.50232871700007],[94.67429340200005,16.460764426000026],[94.67788747200007,16.412639496000054],[94.66595625100007,16.38789325600004],[94.63531804800004,16.389366247000055],[94.60630013700006,16.336780487000055],[94.60290409300006,16.29168803400006],[94.58155389700005,16.273883797000053],[94.56625554800007,16.261513844000035],[94.53161952000005,16.289055596000026],[94.53868987400006,16.30142871700002],[94.53161952000005,16.30393280000004],[94.51335444000006,16.293916465000052],[94.47594048100007,16.290823184000033],[94.47932836000007,16.28552042000007],[94.51011385900006,16.268728329000055],[94.51777341100006,16.245455080000056],[94.51482743000008,16.223212923000062],[94.51379633700003,16.194784209000034],[94.50094858700004,16.16841768000006],[94.44826602200004,16.105214352000075],[94.43548474800008,16.084290574000022],[94.39739735600006,16.054702814000052],[94.35191417100003,16.036290432000044],[94.34332726600007,16.019627170000035],[94.32656032300008,16.01996785700004],[94.30339179300006,16.009093044000053],[94.28588758100005,16.00128275900005],[94.27343945300004,15.987778412000068],[94.26867566900006,15.976685592000024],[94.25872693600007,15.964478562000068],[94.24682895900008,15.955582064000055],[94.23862624300006,15.95247497500003],[94.21961085700008,15.99870846300007],[94.20277043400006,16.021328072000074],[94.19891764300007,16.03363214600006],[94.19910406700006,16.039100623000024],[94.19287000400004,16.04669291700003],[94.19512830400004,16.049683638000033],[94.19750867500005,16.052491254000074],[94.19970594000006,16.05590922600004],[94.20007215200008,16.065918991000046],[94.20251355600004,16.07013041600004],[94.20158974000003,16.080528480000055],[94.20245972500004,16.083387001000062],[94.20251355600004,16.089722702000074],[94.20092664300006,16.09832865900006],[94.20028476100003,16.102961665000066],[94.20092664300006,16.109314986000072],[94.20040904700005,16.113277200000027],[94.20550428100006,16.121705123000027],[94.20751844100005,16.124695847000055],[94.20751844100005,16.129700728000046],[94.20550428100006,16.137513229000035],[94.20026404800007,16.148345883000047],[94.20784534600006,16.14828373900002],[94.21087537400007,16.155091355000025],[94.21486736900005,16.15661073900003],[94.21832166300004,16.160523483000077],[94.22220010000007,16.171897621000028],[94.21946585800004,16.179665343000067],[94.22077415900009,16.182793908000065],[94.21832314100004,16.17530851300006],[94.21009914500007,16.201456476000033],[94.21763247300004,16.20759249500003],[94.22332654700006,16.215088913000045],[94.22466932100008,16.22247408000004],[94.22552381200006,16.228272417000028],[94.22724051100005,16.23934209600003],[94.22510504900004,16.251705663000052],[94.22272400200006,16.257332958000063],[94.22802117800006,16.26021103100004],[94.23467908500004,16.260926228000073],[94.23635752200005,16.26263000600005],[94.23962493000005,16.27205779800005],[94.23901740300005,16.281170693000035],[94.23632703600003,16.28833101200007],[94.23312439900008,16.299335733000078],[94.22888083300006,16.31091401900005],[94.22668356900004,16.31512544700007],[94.22711081400007,16.332520465000073],[94.23010153700005,16.339295367000034],[94.22962233400006,16.35592680900004],[94.23770076400007,16.352695437000023],[94.24254782500003,16.352757578000023],[94.24328513200004,16.363282183000024],[94.24264624900007,16.375294539000038],[94.24707106700004,16.39009793200006],[94.25284256900005,16.407959208000022],[94.25338934100006,16.41968446900006],[94.26025439100005,16.434204350000073],[94.26437544600003,16.44756993200002],[94.26251120500007,16.46753023200006],[94.26129050100008,16.475098590000073],[94.26330466300004,16.480103474000032],[94.26550192700006,16.484314899000026],[94.26708884300007,16.49011323900004],[94.26928610800007,16.493714312000066],[94.26891989600006,16.50750825800003],[94.26672263100005,16.512879352000027],[94.26470847000007,16.51831148200006],[94.26251120500007,16.521729451000056],[94.26049704600007,16.524292925000054],[94.25787253400006,16.52832124500003],[94.25628561800005,16.53247163700007],[94.25750632200004,16.53833101300006],[94.26330466300004,16.537903766000056],[94.26708884300007,16.54010103300004],[94.27831930800005,16.54211519200004],[94.28210349000005,16.544312458000036],[94.29131979700009,16.531678182000064],[94.28430075300008,16.524292925000054],[94.28967185100004,16.515931110000054],[94.29431052000007,16.511292438000055],[94.28869528700005,16.52008150000006],[94.28710837400007,16.52667329700006],[94.29827780800008,16.525879840000073],[94.31249899800008,16.529725056000075],[94.31787009100003,16.533326129000045],[94.32171530600004,16.535523397000077],[94.32391248400006,16.53747652100003],[94.32592664500004,16.539673786000037],[94.33087049100004,16.544678667000028],[94.33288465100009,16.547486287000027],[94.33508191900006,16.550904255000034],[94.33709607500003,16.55328462400007],[94.33929334400005,16.556702596000036],[94.34130750300005,16.560120564000044],[94.34387098000008,16.566712361000043],[94.34613612800007,16.576455535000036],[94.34127591500004,16.587451764000036],[94.33672995600006,16.58630464400005],[94.33471579600007,16.59167573800005],[94.32928366700008,16.595093707000046],[94.32592673000005,16.599305135000066],[94.31937796000005,16.59919727500005],[94.31927389800006,16.605103474000032],[94.32250876200004,16.60870454700006],[94.32678978400008,16.605515551000053],[94.34367901800005,16.627508006000028],[94.35327048200008,16.628296834000025],[94.35089011100007,16.631714803000023],[94.35290427100006,16.63671968400007],[94.35721673200004,16.649905482000065],[94.36169333300006,16.67169282800006],[94.35967917500005,16.68591402100003],[94.35748190700008,16.68872163700007],[94.35211081400007,16.69091890200002],[94.35009665400008,16.695923786000037],[94.35247702400005,16.704285601000038],[94.35589499200006,16.707093220000047],[94.35632223900006,16.711731893000035],[94.35413859900007,16.722079622000024],[94.35790915500007,16.732483844000058],[94.36431784700005,16.73547456800003],[94.36627096900008,16.739319781000063],[94.37098311400007,16.749326057000076],[94.37170310100004,16.754700642000046],[94.37206930900004,16.760071736000043],[94.37512106900004,16.76867769300003],[94.38049216300004,16.765931111000043],[94.38506979900006,16.767884236000043],[94.38751120300003,16.77008150100005],[94.39251608800004,16.773316366000074],[94.39428610700008,16.778321247000065],[94.39507956500006,16.782105426000044],[94.39709372400006,16.786683063000055],[94.39929098900006,16.789673785000048],[94.40130515000004,16.794312457000046],[94.40051169300006,16.810120562000066],[94.39831442800005,16.816712359000064],[94.39550680800005,16.827515582000046],[94.39330954300004,16.832093218000068],[94.39129538400005,16.838318806000075],[94.38965544800004,16.849501859000043],[94.38751120300003,16.856324176000044],[94.38549704400003,16.86010835700006],[94.38329977900008,16.863282183000024],[94.38061062300005,16.866581602000053],[94.37829489400008,16.86828706700004],[94.37591452500004,16.870484331000057],[94.37548727800004,16.875123004000045],[94.37488017800007,16.888686876000065],[94.38091940600003,16.902527791000068],[94.38287253200008,16.910096149000026],[94.39017898100008,16.910187243000053],[94.39892478000007,16.90167329600007],[94.40087790500007,16.899292927000033],[94.40368552200005,16.896729450000066],[94.41581659700006,16.894938332000038],[94.41870017000008,16.89331148100007],[94.42089743500009,16.890503865000028],[94.42128433300007,16.885460917000046],[94.41552634200008,16.896729450000066],[94.40667624300005,16.897095662000027],[94.40710349000005,16.899292927000033],[94.41088767100007,16.901307087000077],[94.41430563800009,16.903321247000065],[94.41747946700008,16.905518511000025],[94.42047018900007,16.907471636000025],[94.42248434800007,16.911316852000027],[94.42499895900005,16.918286743000067],[94.43174840300009,16.91647761300004],[94.43661913700004,16.910702316000027],[94.43369669700007,16.922461659000078],[94.43792624500009,16.94012544700007],[94.44287009100003,16.944275837000077],[94.44470114600006,16.94671724400007],[94.44891257100005,16.947510700000066],[94.45587058000007,16.945496538000043],[94.46946759700006,16.947841657000026],[94.47930799000005,16.95629976200007],[94.48686307100007,16.94839831300004],[94.48143568300009,16.95807019700004],[94.47997446200009,16.969759958000054],[94.47886115300008,16.971708251000052],[94.47475582200008,16.957443961000024],[94.46789450500006,16.950928669000064],[94.46008200600005,16.948731404000057],[94.45428366400006,16.948304157000052],[94.45092673200008,16.95050142200006],[94.44091696600003,16.95208833500004],[94.43469138200004,16.954285602000027],[94.43591208400005,16.957093220000047],[94.43829245500007,16.959290486000043],[94.44091696600003,16.96130464600003],[94.44372458200007,16.963318806000075],[94.44592185100004,16.965516071000025],[94.44891257100005,16.96753023100007],[94.45092673200008,16.970887164000032],[94.45129294400004,16.97747896100003],[94.45330710300004,16.987122517000046],[94.46274118900004,17.000331671000026],[94.45235817800005,17.031888868000067],[94.44999239300006,17.046013996000056],[94.45020113700008,17.05624253600007],[94.45208640000004,17.065918904000057],[94.45831198400003,17.072876910000048],[94.46402184400006,17.068558531000065],[94.46668335100009,17.073777175000032],[94.47294572500005,17.07894363300005],[94.47332663400005,17.072510701000056],[94.48089499200006,17.07128999500003],[94.47570749200008,17.073465703000068],[94.47466940800007,17.08007905900007],[94.46939704600004,17.079830800000025],[94.46050925300005,17.074280719000058],[94.46344779300006,17.080770157000075],[94.47651469700008,17.09273244600007],[94.47967429100004,17.10089204600007],[94.48669333300006,17.11431978300004],[94.48866833600005,17.11935912200005],[94.48384399200006,17.134852694000074],[94.48089499200006,17.138916950000066],[94.47827048100004,17.14172456700004],[94.47509665500007,17.14367769200004],[94.47247214300006,17.145874957000046],[94.46331686900004,17.145508747000065],[94.45831198400003,17.142518023000036],[94.45428366400006,17.145508747000065],[94.45208640000004,17.149292925000054],[94.45003628100005,17.152935912000032],[94.44727479000005,17.161182232000044],[94.44427390000004,17.17511079600007],[94.44329733900008,17.181702593000068],[94.45346135000005,17.188137957000038],[94.46396903200008,17.19446135100003],[94.46588034600006,17.182496052000033],[94.47051901700007,17.18090913800006],[94.47430319600005,17.181275350000078],[94.47711081400007,17.18011568000003],[94.48089494700008,17.175904208000077],[94.48132224000005,17.18090913800006],[94.48518919100007,17.18180701800003],[94.49021073400007,17.181426180000074],[94.48972366000004,17.170014750000064],[94.49389549600005,17.16247651300006],[94.50287464300004,17.165631089000044],[94.50469872000008,17.17089936700006],[94.50336171500004,17.174676735000048],[94.50707908900006,17.17327973500005],[94.50927635800008,17.16748139500004],[94.50732788300007,17.156307112000036],[94.51665185900004,17.162012829000048],[94.51367088700005,17.16668793900004],[94.51330467700006,17.172120069000073],[94.51592918900008,17.174317334000023],[94.51830955800006,17.176331494000067],[94.52050682500004,17.178284619000067],[94.52087303500008,17.186280225000075],[94.52288719600006,17.18512055700006],[94.52752586700007,17.182923292000055],[94.53387352400006,17.18432709900003],[94.53246971700008,17.188721629000042],[94.53008934400003,17.190918896000028],[94.52667137600008,17.193299266000054],[94.52868553600007,17.195923778000065],[94.52331444300006,17.197876903000065],[94.52130028300007,17.20007417100004],[94.52252098600007,17.202881787000024],[94.52587791900004,17.205872508000027],[94.52252098600007,17.206299755000032],[94.52050682500004,17.210083936000046],[94.51751610200006,17.20971772300004],[94.51470848600007,17.20929048000005],[94.51251122100007,17.211731884000073],[94.51208397400006,17.21753022400003],[94.50927635800008,17.21551606400004],[94.50628563300006,17.215088817000037],[94.50329491200006,17.21551606400004],[94.49749657200005,17.21753022400003],[94.49590965900006,17.219727489000036],[94.49627586800005,17.22747895400005],[94.49670311400007,17.232117626000047],[94.49871727500005,17.240113231000066],[94.49932762600008,17.248291944000073],[94.49264289700005,17.267826740000032],[94.49792381900005,17.27429292000005],[94.50012108400006,17.27929780100004],[94.50048729200006,17.294312451000053],[94.49932762600008,17.297913524000023],[94.50074434600003,17.300821726000038],[94.50128075200007,17.308289502000036],[94.50829979400004,17.302124951000053],[94.51753643500007,17.295077065000044],[94.52549058500006,17.290216196000074],[94.53552147300007,17.29827973600004],[94.53509422900004,17.304688428000077],[94.53210350500007,17.306702588000064],[94.52831932700008,17.310486767000043],[94.53051659200008,17.318299266000054],[94.53246971700008,17.321289988000046],[94.53747459800007,17.32507416900006],[94.54247948100004,17.324707959000023],[94.54290672900004,17.319275830000038],[94.55432030300005,17.31549165000007],[94.56673431800004,17.31496243500004],[94.57287498900007,17.29510590700005],[94.57427879900007,17.296692823000058],[94.57830711800005,17.300110791000066],[94.58172508600006,17.302491161000034],[94.59429832900008,17.303711864000036],[94.59966933500004,17.305909129000042],[94.60589492100007,17.311280225000075],[94.60967910200009,17.31091401300006],[94.60748183700008,17.308289502000036],[94.60790908000007,17.30090424800005],[94.61328017400007,17.29968354400006],[94.62206923900004,17.300110791000066],[94.62829482400008,17.297913524000023],[94.62792861400004,17.287476514000048],[94.62750136800008,17.28210541800007],[94.62969863200004,17.27929780100004],[94.63329970700005,17.278687450000064],[94.63391006000006,17.280091258000027],[94.63012587800006,17.280518505000032],[94.62890517500006,17.28588959800004],[94.63091933600003,17.29510590700005],[94.62170302700008,17.30291840900003],[94.61169326100008,17.30627534100006],[94.61328017400007,17.311280225000075],[94.61132705200004,17.315125438000052],[94.60668837800006,17.314698193000027],[94.60168349600008,17.31250092600004],[94.59588524200007,17.310486767000043],[94.58587547600007,17.314698193000027],[94.56829735300005,17.31671235300007],[94.56671044000007,17.32507416900006],[94.56469627900003,17.32830903200005],[94.56170555600005,17.330872509000073],[94.56390282100006,17.33429047800007],[94.56591698000005,17.340088817000037],[94.56707665000005,17.34430024200003],[94.56671044000007,17.350098583000033],[94.56469627900003,17.352478955000038],[94.56426903300007,17.357117627000036],[94.56829735300005,17.35968110400006],[94.56970116100007,17.368287061000046],[94.56750389600006,17.372925733000045],[94.56469627900003,17.376709910000045],[94.56426903300007,17.384278271000028],[94.56787010600004,17.38671967600004],[94.57012840800007,17.392518016000054],[94.56787010600004,17.39752290100006],[94.56512352500005,17.399720166000066],[94.56207176500004,17.401673290000076],[94.56011864300007,17.399720166000066],[94.55792137500003,17.405091259000073],[94.55749412900008,17.40887543900004],[94.55969139600006,17.413331006000078],[94.55828758700005,17.421692821000022],[94.55547996900003,17.424317333000033],[94.55828758700005,17.430481885000063],[94.56048485200006,17.43249604500005],[94.55932518400004,17.443909619000067],[94.55827601100003,17.456445656000028],[94.55792137500003,17.471680615000025],[94.56613947000005,17.465511164000077],[94.57541666000009,17.45143542900007],[94.58709312100007,17.442478141000038],[94.60564750300006,17.43320095000007],[94.62036304800006,17.409848022000062],[94.62495942200007,17.393500724000035],[94.63294264900009,17.400588712000058],[94.64211645800003,17.41112763600006],[94.65023588700006,17.405930429000023],[94.66112713800004,17.39880514500004],[94.66600643800007,17.381236623000063],[94.66887027700005,17.378516224000066],[94.68541467800009,17.368768257000056],[94.69955472500004,17.36573472300006],[94.70481746700005,17.34378803100003],[94.70355470200008,17.341382390000035],[94.70969847500004,17.338275991000046],[94.72673083100005,17.338189724000074],[94.73024976700003,17.359143379000045],[94.73872719800005,17.378017664000026],[94.75633421800006,17.379789127000038],[94.76224007800005,17.39353296400003],[94.76267919200006,17.40558846400006],[94.76415949500006,17.414326666000022],[94.77797119100006,17.43010893400003],[94.78863208600006,17.445037365000076],[94.78669538800006,17.453218354000057],[94.79933049300007,17.469398046000038],[94.80387062100004,17.486105721000058],[94.80586827700006,17.499907712000038],[94.80304895700004,17.516588280000065],[94.79590402000008,17.52556038800003],[94.78914436900004,17.54356937700004],[94.78053839600005,17.55749670800003],[94.78011865300005,17.57485108000003],[94.78830889700004,17.58240306400006],[94.78871693700006,17.589181713000073],[94.78456013000005,17.603868728000066],[94.79211233600006,17.62850366500004],[94.79345098400006,17.636644300000057],[94.79050264200004,17.64926349700005],[94.78903398900007,17.655122771000038],[94.79506106400004,17.66556349500007],[94.80061156600004,17.676450672000044],[94.81698269700007,17.678951750000067],[94.84038364000008,17.690829500000063],[94.85137499000007,17.712280363000048],[94.87136266200008,17.72040746500005],[94.87648636600005,17.75032780500004],[94.87263708600005,17.77904935500004],[94.87056439600008,17.812508482000055],[94.88388882700008,17.835011964000046],[94.88051401900003,17.855527764000044],[94.87518235900006,17.87971298700006],[94.88154018200004,17.898443083000075],[94.86821553700008,17.91097814400007],[94.85590147100004,17.916292288000022],[94.85027226600005,17.92931466600004],[94.84218741200004,17.935214426000073],[94.83213596900003,17.964276203000054],[94.82129218500006,17.981498097000042],[94.81724569900007,17.990258707000066],[94.82771086500009,18.004121741000063],[94.83676173900005,18.016410200000053],[94.84562384000009,18.029176515000074],[94.85588745800004,18.040414929000065],[94.86079582300005,18.05047382400005],[94.87162188000008,18.054177965000065],[94.87809151800008,18.06958585500007],[94.87798124000005,18.08916436800007],[94.86553976500005,18.103508657000077],[94.86334420900005,18.121951313000068],[94.85734303000004,18.150200778000055],[94.87735424600004,18.156328990000077],[94.88281146000008,18.172741805000044],[94.89412107500004,18.17585564600006],[94.89876582200009,18.192209052000067],[94.88969086300006,18.20465052800006],[94.87329739100005,18.22323955400003],[94.87513126500005,18.236665825000046],[94.88401230100004,18.247129418000043],[94.87695664600005,18.261734942000032],[94.87755776000006,18.28049644500004],[94.87842367000007,18.28908351000007],[94.88310419900006,18.29613196100007],[94.87359013000008,18.312525434000065],[94.85134184600008,18.320283060000065],[94.84460881500007,18.33506645800003],[94.83022985400004,18.35518852900003],[94.82337250500007,18.359512752000057],[94.83844228700008,18.371970746000045],[94.85239594400008,18.391381885000044],[94.86537442100007,18.408856059000072],[94.88580514200004,18.410634923000032],[94.90086939300005,18.41889347800003],[94.92060480900005,18.42388341000003],[94.92763058500003,18.440472043000057],[94.94033184300008,18.45083422700003],[94.94844620400005,18.442770107000058],[94.95420243800004,18.43423654700007],[94.96181286300003,18.429784444000063],[94.96753108200005,18.42531370300003],[94.97851354200009,18.414110067000024],[94.99085413700004,18.40969257200004],[94.99957132900005,18.396987989000024],[95.00693290200007,18.38226484200004],[95.02703566400004,18.379150327000048],[95.05138548900004,18.375752678000026],[95.06777760400007,18.376863530000037],[95.08083178900006,18.385662491000062],[95.09045846200007,18.396987989000024],[95.09413924800003,18.410861726000064],[95.10603102300007,18.43096448700004],[95.10932096200008,18.444511997000063],[95.10428253500004,18.455764481000074],[95.10361074500008,18.470543861000067],[95.09991590000004,18.484651452000037],[95.10612995900004,18.494056512000043],[95.10601212800003,18.50496857400003],[95.12065698500004,18.508688086000063],[95.12636750300004,18.50511737900007]]]]}},{"type":"Feature","properties":{"id":"bago","name":"Bago","nameMy":"ပဲခူး","stSource":"Bago (East)"},"geometry":{"type":"Polygon","coordinates":[[[96.17964363000004,19.493268968000052],[96.18985565100007,19.48612408200006],[96.21002382000006,19.482370453000044],[96.23447578300005,19.482950122000034],[96.25311449500003,19.482614487000035],[96.27226825100007,19.481965958000046],[96.28481451800008,19.474401561000036],[96.29598788300007,19.474832553000056],[96.30959138200006,19.479009389000055],[96.33137681700003,19.47781950800004],[96.34481242400005,19.47609519300005],[96.36180301100006,19.47426400100005],[96.37172117800009,19.473405755000044],[96.41214652900004,19.454182338000066],[96.43117330700005,19.443616689000066],[96.44026785500006,19.442284630000074],[96.42261115900004,19.42216940900005],[96.40987152100007,19.40607723100004],[96.43037986700006,19.37894989700004],[96.44062603200007,19.374734672000045],[96.45300103300008,19.36303126100006],[96.44920795300004,19.354224658000078],[96.45916921000008,19.341283524000062],[96.45901292800005,19.334493519000034],[96.46284160500005,19.320028781000076],[96.45190844800004,19.30281909200005],[96.47066419100008,19.281809861000056],[96.47803977300003,19.266835194000066],[96.49264443800007,19.220812994000028],[96.50438080700008,19.204237011000032],[96.51616457100005,19.19592480800003],[96.54009412000005,19.18305407200006],[96.55283911800007,19.172071293000045],[96.53526881900007,19.16354952300003],[96.52300051000003,19.155782659000067],[96.50088691000008,19.14687508800006],[96.49181141400004,19.145761185000026],[96.49750382500008,19.13087894000006],[96.51031204700007,19.102897840000026],[96.52980026400007,19.072657501000037],[96.55365911200005,19.050252794000073],[96.56658339300009,19.04123478200006],[96.57160473800008,19.00681009400006],[96.56473532700005,18.982020479000028],[96.58205818700009,18.977241760000027],[96.59108520600006,18.96037488500002],[96.58265552600005,18.942596037000044],[96.59639434800005,18.947972096000058],[96.60550125500004,18.944848972000045],[96.61282120000004,18.94767342700004],[96.61798295200003,18.944101054000043],[96.62954672100005,18.94498539700004],[96.64124808800005,18.94604745500004],[96.66180308600008,18.93811598700006],[96.67468494100007,18.92314102000006],[96.66398104900009,18.91263788200007],[96.66007493800004,18.91368721500004],[96.64774038500008,18.914546260000066],[96.64890344600008,18.909077183000022],[96.63802545900006,18.897412689000078],[96.63432544300008,18.901976912000066],[96.62237864000008,18.91661174500007],[96.61132784800009,18.908248984000068],[96.60319990700003,18.882121566000023],[96.61062271000009,18.840712808000035],[96.62507668000006,18.811023662000025],[96.63562412200008,18.79188199600003],[96.57351354700006,18.790318338000077],[96.58330327500005,18.748521724000057],[96.58556912200004,18.739580224000065],[96.58769389900004,18.734762181000065],[96.59591682900003,18.724169992000043],[96.60725972500006,18.709077931000024],[96.61361668300003,18.706524267000077],[96.63142480500005,18.67837277500007],[96.64442249500007,18.659612366000033],[96.65402078600005,18.64689979700006],[96.66645597900003,18.64524661200005],[96.68038842200008,18.60785651300006],[96.68700225300006,18.599641607000024],[96.68991668100006,18.60151477100004],[96.69605795700005,18.599939203000076],[96.70424080800007,18.604017369000076],[96.70760928200008,18.61533531300006],[96.71637533100005,18.623189808000063],[96.72549621100006,18.630357407000076],[96.75195884300007,18.624898922000057],[96.76738930400006,18.611085712000033],[96.79681987300006,18.607266267000057],[96.81691137900003,18.603669285000024],[96.83511905600005,18.614522786000066],[96.85371878200004,18.628503253000076],[96.88500009100005,18.63453462700005],[96.91124058500009,18.65133962400006],[96.93193996400004,18.649923297000043],[96.94778227000006,18.641088196000055],[96.95566228100006,18.611723707000067],[96.97447924500005,18.591758453000068],[96.97375416900007,18.571413816000074],[96.97317701400004,18.553205627000068],[96.98162363200004,18.547658901000034],[96.97908226600003,18.520726731000025],[96.97120859600005,18.494349930000055],[96.97553911300008,18.47309101700006],[96.97061806700003,18.454194203000043],[96.95605177700008,18.43057318800004],[96.96530334100004,18.425061619000076],[96.97495860100008,18.40953963000004],[96.98872751200008,18.39120483000005],[96.98970972600006,18.37643981100007],[97.00132175800007,18.37418940400005],[97.01766325700004,18.37447327700005],[97.03293044400004,18.367452379000042],[97.03833164600007,18.35026173800003],[97.06241132500008,18.33914111200005],[97.04765899000006,18.319744524000043],[97.05421558100005,18.297342831000037],[97.07134374300006,18.292499487000043],[97.07952625800004,18.29710351700004],[97.09453002100008,18.324865239000076],[97.10940024300004,18.326847502000078],[97.12032789900007,18.295976875000065],[97.12879683200003,18.265106248000052],[97.14006682100006,18.250294439000072],[97.12688449200004,18.220849243000032],[97.12808858800008,18.21230478500007],[97.13276859200005,18.205293362000077],[97.13997051300004,18.195264903000066],[97.14730790700008,18.192272700000046],[97.17360021800005,18.17413351700003],[97.19354319100006,18.12632502300005],[97.18533867000008,18.12077520300005],[97.17769808900005,18.10638205400005],[97.17360021800005,18.080975253000076],[97.16294575400008,18.052836540000044],[97.14764703600008,18.036171867000064],[97.12715768200007,18.000930179000022],[97.11568364300007,17.959951470000078],[97.14296179600007,17.917209574000026],[97.15408420700004,17.878502565000076],[97.16536980200004,17.859343297000066],[97.17018513500005,17.836148774000037],[97.19479036000007,17.806228820000058],[97.18022406800009,17.769025721000048],[97.16723250900009,17.752491012000064],[97.15561884500005,17.736153141000045],[97.16605145900007,17.698753200000056],[97.19176762000006,17.644456457000047],[97.19439667500006,17.633598568000025],[97.20108929800006,17.61411123000005],[97.20410343900005,17.603918143000044],[97.19990824800004,17.59186810800003],[97.19557772800005,17.566672356000026],[97.19856050900006,17.555940600000042],[97.20640402700008,17.551121856000066],[97.21619976000005,17.55082476700005],[97.22204371600009,17.546975915000075],[97.21751566900008,17.54215411000007],[97.21940041400006,17.53750427500006],[97.22415362300006,17.53344536000003],[97.21246135600006,17.532430343000044],[97.20486635800006,17.528001803000052],[97.19687835300005,17.523999943000035],[97.18734171000006,17.519147786000076],[97.18155860100006,17.513868372000047],[97.15163156300008,17.51438207700005],[97.13423310200005,17.49822823100004],[97.11438400500003,17.484262140000055],[97.10163271500005,17.481241280000063],[97.09905024000005,17.48472777300003],[97.09779116400006,17.498510845000055],[97.09131410500004,17.512372635000077],[97.09093671500005,17.51869395400007],[97.09601000300006,17.523496299000044],[97.09912434600005,17.52686230000006],[97.08104514200005,17.54289255300006],[97.05943236300004,17.559676945000035],[97.02149503700008,17.56933372000003],[97.01206818500003,17.58519842100003],[97.00172164200006,17.597384351000073],[96.99742664700005,17.60368918200004],[96.99427956000005,17.60857170500003],[96.97482062600005,17.60934035500003],[96.95987562000005,17.615778207000062],[96.93964238000007,17.623825517000057],[96.93907343300003,17.613836354000057],[96.92860606500005,17.61416874200006],[96.90952856200005,17.60848795100003],[96.90849082500006,17.615571742000043],[96.89204827900005,17.61554828100003],[96.88414947600006,17.607492345000026],[96.87848457900009,17.606771107000043],[96.87386865000008,17.579400872000065],[96.87766817600004,17.566667530000075],[96.87490297000005,17.528176737000024],[96.87458962800008,17.51887309400007],[96.87448701800008,17.504880919000072],[96.87533363800009,17.45485100700006],[96.88025016700004,17.427312004000044],[96.89190530600007,17.354390739000053],[96.87126792000004,17.32794331300005],[96.88622536300005,17.297899441000027],[96.93071158100008,17.285982653000076],[96.91849858000006,17.249339921000058],[96.89249597600008,17.213484982000068],[96.92401584600003,17.165810776000058],[96.97365901200004,17.126410976000045],[96.95671749700006,17.127592727000035],[96.93898795300004,17.131926510000028],[96.89776833800005,17.135626501000047],[96.92204717300007,17.09016162200004],[96.91272717600003,17.04829684500004],[96.87858563400005,16.945780670000033],[96.87157040600005,16.909926332000055],[96.85000592200004,16.920008575000054],[96.84981146100006,16.95605746600006],[96.82942571800004,16.939421570000036],[96.83851614300005,16.911562837000076],[96.84417325100009,16.891676819000054],[96.82750692600007,16.90612689200003],[96.81196203400003,16.90195742900005],[96.80787267900007,16.899855529000035],[96.83268346900007,16.879061616000058],[96.85139065700008,16.844801818000064],[96.83696430500004,16.822085635000064],[96.80690935300004,16.842714408000063],[96.80344205900008,16.84996218200007],[96.80156131900009,16.85387232200003],[96.79586981100005,16.842942983000057],[96.79794091700006,16.849630046000073],[96.79403848000004,16.85089284000003],[96.79465289200004,16.855356022000024],[96.79443925300006,16.85920139600006],[96.79396224500005,16.86211567500004],[96.78859132400004,16.861768467000047],[96.78904513100008,16.868517009000072],[96.78733642700007,16.87372778500003],[96.78568826600008,16.876169152000045],[96.78558157900005,16.880761791000054],[96.78136998200006,16.892881265000028],[96.77807410200006,16.89977437500005],[96.77913839600006,16.904649492000033],[96.77909261100007,16.908918304000053],[96.78029373500004,16.917993027000023],[96.77042672500005,16.917935662000048],[96.76356537100008,16.928913829000066],[96.75464561200005,16.93954892900007],[96.72857246600006,16.93097223600006],[96.71759430300006,16.95670231200006],[96.69563797100005,16.971111156000063],[96.67299550500007,16.98654920100006],[96.63834566800006,16.995125893000022],[96.60163742500004,16.983461591000037],[96.57693655200006,16.98654920100006],[96.54758247100006,16.98529254600004],[96.53884324300009,16.987253069000076],[96.50934771600004,16.990361876000065],[96.51011474600006,16.982953741000074],[96.50582294000009,16.985818797000036],[96.50191687600005,16.98408297900005],[96.49100269400009,16.984335025000064],[96.48909917100008,16.979463387000067],[96.48645208100004,16.97461878300004],[96.48365448100009,16.968666578000068],[96.44039561300008,16.972483424000075],[96.42015462200004,16.982089319000067],[96.40574577800004,16.996155096000052],[96.37537548500006,17.00562066200007],[96.37845018200005,17.014654239000038],[96.38518961600005,17.023754740000072],[96.39098140700008,17.033059947000027],[96.39741157100008,17.04184682300007],[96.39888061300007,17.04743537400003],[96.39517100600006,17.05646265100006],[96.39465653000008,17.066212077000046],[96.39972214100004,17.070409297000026],[96.40371543600008,17.072942271000045],[96.39595583600004,17.09257309700007],[96.39243475700005,17.10341042600004],[96.38430798300004,17.124748261000036],[96.34810169100007,17.160258276000036],[96.31885814800006,17.18427975900005],[96.30956846700008,17.194387508000034],[96.30938877900007,17.20145996100007],[96.29694158500007,17.211202705000062],[96.30562893000007,17.228145073000064],[96.31456555000005,17.23237395900003],[96.31427576600004,17.23795497900005],[96.31501583300007,17.242593573000022],[96.31016354500008,17.254838780000057],[96.31015471400008,17.27096597600007],[96.31210468300009,17.310242751000033],[96.31132281400005,17.312802995000027],[96.30781366200006,17.316430854000032],[96.30549797100008,17.318681758000025],[96.30309462800005,17.320817730000044],[96.30086325800005,17.32371694400007],[96.30021823100003,17.32680301700003],[96.30124079900008,17.331174745000055],[96.30217940300008,17.33368502600007],[96.30212196200006,17.34209996100003],[96.29864686800005,17.34626950300003],[96.29857420700006,17.352018265000027],[96.29800584200007,17.35804915500006],[96.29602974200009,17.36260786300005],[96.29445812200004,17.36846357400003],[96.29181849500009,17.370725438000022],[96.29092563200004,17.374521308000055],[96.29204356900004,17.377126541000052],[96.29244403500007,17.379537293000055],[96.29201667300003,17.38486663900005],[96.28911776700005,17.387822863000054],[96.28913299500005,17.392080320000048],[96.28643974300007,17.395757695000043],[96.28387988300005,17.40069766700003],[96.28421574500004,17.405214190000038],[96.28481835600007,17.408521653000037],[96.28267849500008,17.413427419000072],[96.28172111000003,17.420999422000023],[96.28114131600006,17.427934724000067],[96.28190423700005,17.433473321000065],[96.28061456500006,17.440507900000057],[96.25306018100008,17.47062278100003],[96.22520918600009,17.476541114000042],[96.20035373400003,17.497499496000046],[96.20472894300008,17.497571962000052],[96.20633883200009,17.50098998800007],[96.19387681900008,17.52771731400003],[96.17264043700004,17.571582628000044],[96.14948460000005,17.600633628000026],[96.14896709100003,17.613359117000073],[96.12564188500005,17.64399521000007],[96.09709461800009,17.67706826600005],[96.08500487600008,17.708086017000028],[96.08994454000003,17.713132784000038],[96.09111960600006,17.718057631000022],[96.09613962700007,17.719472993000068],[96.09705553700007,17.728288355000075],[96.08399594800005,17.79147492100003],[96.08119014700009,17.808488797000052],[96.07548678700005,17.827451646000043],[96.07023373000004,17.854547430000025],[96.06313857000004,17.861760869000022],[96.05225548900006,17.873933734000047],[96.04467532000007,17.886567632000038],[96.03609610300003,17.89646654200004],[96.04697990400007,17.90735414200003],[96.04884472400005,17.91729878600006],[96.05685603200004,17.921381057000076],[96.06205916800008,17.916875723000032],[96.07010824400004,17.906049860000053],[96.07249227800008,17.896116284000072],[96.08335631100005,17.89207596500006],[96.08946777200003,17.901574939000056],[96.09842087400006,17.907468280000046],[96.10029785700004,17.91198895800005],[96.09177953700004,17.92236136100007],[96.08844958800006,17.93319856200003],[96.07852995600007,17.93751849000006],[96.07426114200007,17.956455770000048],[96.07138364300005,17.96470819700005],[96.07183607600007,17.972917651000046],[96.07704226700008,17.988545696000074],[96.09336228800004,17.99381985100007],[96.10811430500007,18.005525071000022],[96.11803246300008,18.00464031100006],[96.11710532500007,17.996957648000034],[96.12325049500004,17.994260325000027],[96.12024497600004,17.966811706000044],[96.14879800600005,17.96765285600003],[96.17339040400003,17.963086545000067],[96.19296859900004,17.958162384000047],[96.19778083700004,17.977070395000055],[96.19975656600008,17.99654845200007],[96.19617252500007,18.029103486000054],[96.18810843600005,18.050607729000035],[96.18851135700004,18.07194826800003],[96.19708657800004,18.08759062100006],[96.18158733000007,18.09287445600006],[96.16503131700006,18.118589117000056],[96.14565725800009,18.11823686200006],[96.12698770500003,18.119645884000022],[96.12785796000009,18.12725689000007],[96.10838602300004,18.14941717100004],[96.10870125800005,18.167714528000033],[96.10307842400005,18.18159251800006],[96.09523126300007,18.193103965000034],[96.08402535700009,18.222986383000034],[96.06502403900004,18.24507338500007],[96.06263537800004,18.255708583000057],[96.05360997600008,18.271501063000073],[96.04728446900003,18.275497560000076],[96.04456474500006,18.295423080000035],[96.03603898900008,18.299920530000065],[96.02704061700007,18.303510644000028],[96.01678992100005,18.32010423400004],[96.01523564300004,18.33483299200003],[96.00607122800005,18.342191239000044],[96.00258753200006,18.346903979000047],[95.99860062600004,18.367363925000063],[95.99908783600006,18.383117156000026],[95.99085027900009,18.38699486200005],[95.98232029400003,18.39148874400007],[95.97034225400006,18.387989290000064],[95.95231535900007,18.407477821000043],[95.91967206900006,18.42842799300007],[95.91333829500007,18.453113467000037],[95.91041501400008,18.473414022000043],[95.90624178900003,18.496523067000055],[95.93314183300004,18.523710291000043],[95.95352724900005,18.51744640900006],[95.96582199600005,18.53607506700007],[95.95672734800007,18.55621321700005],[95.95261310100005,18.575701751000054],[95.94331905200005,18.598730198000055],[95.95867620000007,18.62918694500007],[95.95768153600005,18.654648180000038],[95.93875458900004,18.661018213000034],[95.92294722400004,18.683105216000058],[95.91515181200003,18.70216067100006],[95.89739559200007,18.730743853000035],[95.88505285700006,18.762575123000033],[95.87013064000007,18.787325070000065],[95.86205809600006,18.790460557000074],[95.85209034900004,18.792234148000034],[95.84139019700007,18.80284860100005],[95.83705657300004,18.821849873000076],[95.84629202900004,18.819768785000065],[95.84489043100007,18.83401735500007],[95.83855667300008,18.844018024000036],[95.85089083300005,18.851518525000074],[95.84989076700003,18.865852820000043],[95.86697576600005,18.869981712000026],[95.86029623100006,18.879445805000046],[95.85457001300006,18.888009603000057],[95.85217475100006,18.893422522000037],[95.85544382800003,18.907434597000076],[95.85588619000004,18.916020961000072],[95.85346767500005,18.927755452000042],[95.85199137100005,18.941304605000028],[95.85001537800008,18.96117193200007],[95.85567640600004,18.970678097000075],[95.86514434200006,18.978391142000078],[95.86124918800004,18.996449976000065],[95.84556371100007,19.006780363000075],[95.83884893700008,19.038861118000057],[95.86011645100007,19.051550015000032],[95.86244386800007,19.06544275300007],[95.85575645300008,19.073217451000062],[95.84512100600006,19.109048576000077],[95.83403914500008,19.15761013100007],[95.82614301700005,19.16553454600006],[95.82323098300009,19.19779090800006],[95.83465511300005,19.219519152000032],[95.84139803100004,19.219522379000068],[95.85550721200008,19.227417960000025],[95.85100729500004,19.250879506000047],[95.85033528900004,19.278207812000062],[95.85638335700008,19.298592043000042],[95.85638335700008,19.319424276000063],[95.83353509800008,19.355488682000043],[95.81471888800007,19.38864105500005],[95.81695891200008,19.40611325200007],[95.81225485900006,19.42336144500007],[95.80127873500004,19.450689751000027],[95.80011521300008,19.458536065000033],[95.82605283000004,19.456440387000043],[95.83881942200009,19.44604270600007],[95.85171312900007,19.440671913000074],[95.89483832000008,19.437616115000026],[95.90038463200005,19.44992644100006],[95.90171246800008,19.46469299200004],[95.91256140500008,19.474100176000036],[95.93276755300008,19.47426420200003],[95.94209843000004,19.481225677000054],[95.95575139800007,19.47617517300006],[95.96758819700005,19.47720918400006],[95.99674766400005,19.467885972000033],[96.00163063300005,19.46224005600004],[96.01050742300004,19.46165271500007],[96.01808354300005,19.45798689800006],[96.03842356400008,19.454614400000025],[96.04746418000008,19.455423102000054],[96.05113379000005,19.461114974000054],[96.05801554900006,19.45924552400004],[96.06495098200008,19.453374773000064],[96.07077966100007,19.446290807000025],[96.07813079900006,19.440599405000057],[96.08460785400007,19.437524847000077],[96.09226036200005,19.43034164100004],[96.09438515900007,19.42409694400004],[96.10282700900007,19.421094797000023],[96.10981154600006,19.42124375800006],[96.11875327100006,19.420286201000067],[96.12863340700005,19.419206539000072],[96.13205116500006,19.42795370500005],[96.13598055000006,19.43817703800005],[96.14252288500006,19.444169901000066],[96.15106008400005,19.44563873000004],[96.16042896200008,19.44185813300004],[96.16128334500007,19.455621461000078],[96.16373642000008,19.468587875000026],[96.16724585100008,19.478834077000045],[96.17047313000006,19.487192010000058],[96.17964363000004,19.493268968000052]]]}},{"type":"Feature","properties":{"id":"bago","name":"Bago","nameMy":"ပဲခူး","stSource":"Bago (West)"},"geometry":{"type":"Polygon","coordinates":[[[95.71362459900007,19.189206907000028],[95.72883411000004,19.189722053000025],[95.74123171500008,19.182096262000073],[95.75079494400006,19.179229031000034],[95.76679712600009,19.169526923000035],[95.78091781000006,19.175894947000074],[95.80061050900008,19.16697331000006],[95.81122777400003,19.155721451000034],[95.82642535800005,19.159391224000046],[95.83403914500008,19.15761013100007],[95.84512100600006,19.109048576000077],[95.85575645300008,19.073217451000062],[95.86244386800007,19.06544275300007],[95.86011645100007,19.051550015000032],[95.83884893700008,19.038861118000057],[95.84556371100007,19.006780363000075],[95.86124918800004,18.996449976000065],[95.86514434200006,18.978391142000078],[95.85567640600004,18.970678097000075],[95.85001537800008,18.96117193200007],[95.85199137100005,18.941304605000028],[95.85346767500005,18.927755452000042],[95.85588619000004,18.916020961000072],[95.85544382800003,18.907434597000076],[95.85217475100006,18.893422522000037],[95.85457001300006,18.888009603000057],[95.86029623100006,18.879445805000046],[95.86697576600005,18.869981712000026],[95.84989076700003,18.865852820000043],[95.85089083300005,18.851518525000074],[95.83855667300008,18.844018024000036],[95.84489043100007,18.83401735500007],[95.84629202900004,18.819768785000065],[95.83705657300004,18.821849873000076],[95.84139019700007,18.80284860100005],[95.85209034900004,18.792234148000034],[95.86205809600006,18.790460557000074],[95.87013064000007,18.787325070000065],[95.88505285700006,18.762575123000033],[95.89739559200007,18.730743853000035],[95.91515181200003,18.70216067100006],[95.92294722400004,18.683105216000058],[95.93875458900004,18.661018213000034],[95.95768153600005,18.654648180000038],[95.95867620000007,18.62918694500007],[95.94331905200005,18.598730198000055],[95.95261310100005,18.575701751000054],[95.95672734800007,18.55621321700005],[95.96582199600005,18.53607506700007],[95.95352724900005,18.51744640900006],[95.93314183300004,18.523710291000043],[95.90624178900003,18.496523067000055],[95.91041501400008,18.473414022000043],[95.91333829500007,18.453113467000037],[95.91967206900006,18.42842799300007],[95.95231535900007,18.407477821000043],[95.97034225400006,18.387989290000064],[95.98232029400003,18.39148874400007],[95.99085027900009,18.38699486200005],[95.99908783600006,18.383117156000026],[95.99860062600004,18.367363925000063],[96.00258753200006,18.346903979000047],[96.00607122800005,18.342191239000044],[96.01523564300004,18.33483299200003],[96.01678992100005,18.32010423400004],[96.02704061700007,18.303510644000028],[96.03603898900008,18.299920530000065],[96.04456474500006,18.295423080000035],[96.04728446900003,18.275497560000076],[96.05360997600008,18.271501063000073],[96.06263537800004,18.255708583000057],[96.06502403900004,18.24507338500007],[96.08402535700009,18.222986383000034],[96.09523126300007,18.193103965000034],[96.10307842400005,18.18159251800006],[96.10870125800005,18.167714528000033],[96.10838602300004,18.14941717100004],[96.12785796000009,18.12725689000007],[96.12698770500003,18.119645884000022],[96.14565725800009,18.11823686200006],[96.16503131700006,18.118589117000056],[96.18158733000007,18.09287445600006],[96.19708657800004,18.08759062100006],[96.18851135700004,18.07194826800003],[96.18810843600005,18.050607729000035],[96.19617252500007,18.029103486000054],[96.19975656600008,17.99654845200007],[96.19778083700004,17.977070395000055],[96.19296859900004,17.958162384000047],[96.17339040400003,17.963086545000067],[96.14879800600005,17.96765285600003],[96.12024497600004,17.966811706000044],[96.12325049500004,17.994260325000027],[96.11710532500007,17.996957648000034],[96.11803246300008,18.00464031100006],[96.10811430500007,18.005525071000022],[96.09336228800004,17.99381985100007],[96.07704226700008,17.988545696000074],[96.07183607600007,17.972917651000046],[96.07138364300005,17.96470819700005],[96.07426114200007,17.956455770000048],[96.07852995600007,17.93751849000006],[96.08844958800006,17.93319856200003],[96.09177953700004,17.92236136100007],[96.10029785700004,17.91198895800005],[96.09842087400006,17.907468280000046],[96.08946777200003,17.901574939000056],[96.08335631100005,17.89207596500006],[96.07249227800008,17.896116284000072],[96.07010824400004,17.906049860000053],[96.06205916800008,17.916875723000032],[96.05685603200004,17.921381057000076],[96.04884472400005,17.91729878600006],[96.04697990400007,17.90735414200003],[96.03609610300003,17.89646654200004],[96.04467532000007,17.886567632000038],[96.05225548900006,17.873933734000047],[96.06313857000004,17.861760869000022],[96.07023373000004,17.854547430000025],[96.07548678700005,17.827451646000043],[96.08119014700009,17.808488797000052],[96.08399594800005,17.79147492100003],[96.05262570000008,17.79606063700004],[96.05300702300008,17.79132648600006],[96.04797167700008,17.78788540000005],[96.03986915800004,17.78656206200003],[96.03525316000008,17.784082437000052],[96.03319742300005,17.780614857000046],[96.02132992000008,17.766626203000044],[96.01645097200009,17.762022097000056],[96.01539413900008,17.757680938000078],[96.01426499400009,17.755552240000043],[96.01709144000006,17.753434931000072],[96.01465793600005,17.750116081000044],[96.01370031100004,17.74627117600005],[96.00967605000005,17.741781109000044],[96.01000014100003,17.73341933000006],[96.00484663000003,17.730657612000073],[95.99600421700006,17.723588127000028],[95.99107132800003,17.71479584900004],[95.98603220600006,17.70866591600003],[95.97419123200007,17.71685384400007],[95.97830360600005,17.69805442200004],[95.96577066100008,17.680038312000022],[95.96077530500008,17.670129576000022],[95.95343354000005,17.666526228000066],[95.94232810100004,17.648191461000067],[95.89938520500004,17.617765234000046],[95.89860189600006,17.59426595900004],[95.89233542300008,17.573704091000025],[95.87980247700006,17.57527071000004],[95.86660544900008,17.574350021000043],[95.84768680200006,17.570766683000045],[95.83809126300008,17.56352107300006],[95.82942746200007,17.559492197000054],[95.82841276200008,17.55478851500004],[95.82358337400007,17.54969602500006],[95.81788821000004,17.546266251000077],[95.81400450600006,17.538846833000036],[95.80656306700007,17.525138923000043],[95.79422921200006,17.50967966500002],[95.78938490800005,17.507642848000046],[95.78335354800004,17.502115238000044],[95.78072346800008,17.494325967000066],[95.78038575700003,17.46745553200003],[95.76034782800008,17.46678238900006],[95.74154840600005,17.476769580000052],[95.72659675500006,17.490193238000074],[95.71530755000003,17.52141820500003],[95.69219992800004,17.538846833000036],[95.68428995000005,17.547471723000058],[95.67673653500003,17.55195785500007],[95.67477618300006,17.568212429000027],[95.67638136200009,17.58177128400007],[95.67467684900004,17.590349074000073],[95.66662392500007,17.600255640000057],[95.66000186500008,17.60564618500007],[95.65008362700007,17.61102491500003],[95.64351818600005,17.605123579000065],[95.63684258100005,17.621812500000033],[95.62456998800008,17.624544525000033],[95.60387602600008,17.61895525500006],[95.58831513200005,17.61573047400003],[95.56614115300005,17.62736295900004],[95.51799199100003,17.64429633900005],[95.49571563900008,17.65613044400004],[95.43204144100008,17.720586728000058],[95.44961933200005,17.754964203000043],[95.49063503600007,17.797936339000046],[95.47461857100006,17.83036003500007],[95.48607424300008,17.873617310000043],[95.47188299400005,17.898333095000055],[95.46367997500005,17.93897537400005],[95.46563108800007,18.00341783400006],[95.44251038000004,18.05904935700005],[95.43964940000006,18.063550727000063],[95.43154296200004,18.076604795000037],[95.42578667400005,18.09102813900006],[95.42051863000006,18.10274312300004],[95.41383130900005,18.114900741000042],[95.40566055000005,18.136991280000075],[95.40432665600008,18.184603681000056],[95.41194334700003,18.22298513900006],[95.36858288700006,18.237633824000056],[95.34724193600005,18.255449094000028],[95.34102397400005,18.266252328000064],[95.30793598200006,18.30531295700007],[95.25842253400003,18.351311182000074],[95.25226955500005,18.38500459000005],[95.20038329500005,18.410985931000027],[95.19162263400005,18.45590654700004],[95.17462952800008,18.49047877000004],[95.14775271900004,18.494882622000034],[95.13017434700004,18.50288589200005],[95.12065698500004,18.508688086000063],[95.10601212800003,18.50496857400003],[95.10612995900004,18.494056512000043],[95.09991590000004,18.484651452000037],[95.10361074500008,18.470543861000067],[95.10428253500004,18.455764481000074],[95.10932096200008,18.444511997000063],[95.10603102300007,18.43096448700004],[95.09413924800003,18.410861726000064],[95.09045846200007,18.396987989000024],[95.08083178900006,18.385662491000062],[95.06777760400007,18.376863530000037],[95.05138548900004,18.375752678000026],[95.02703566400004,18.379150327000048],[95.00693290200007,18.38226484200004],[94.99957132900005,18.396987989000024],[94.99085413700004,18.40969257200004],[94.97851354200009,18.414110067000024],[94.96753108200005,18.42531370300003],[94.96181286300003,18.429784444000063],[94.95420243800004,18.43423654700007],[94.94844620400005,18.442770107000058],[94.94033184300008,18.45083422700003],[94.92763058500003,18.440472043000057],[94.92060480900005,18.42388341000003],[94.90086939300005,18.41889347800003],[94.88580514200004,18.410634923000032],[94.86537442100007,18.408856059000072],[94.85239594400008,18.391381885000044],[94.83844228700008,18.371970746000045],[94.82337250500007,18.359512752000057],[94.81244434500007,18.364835724000045],[94.80200745000008,18.367906264000055],[94.79004251000003,18.38504649300006],[94.76935551000008,18.430909185000075],[94.76008783800006,18.444299513000033],[94.75664320700008,18.45736478200007],[94.73388703300009,18.467933600000038],[94.74575660200009,18.495134697000026],[94.75280939700008,18.50881003300003],[94.75224867400004,18.517385438000076],[94.74921856100008,18.543602106000037],[94.76699776400005,18.557176248000076],[94.75981295700007,18.56532471400004],[94.74461907500006,18.56924981900005],[94.72847168900006,18.573613946000023],[94.72366532300003,18.58034301200007],[94.71459133400003,18.596346290000042],[94.70972235700003,18.60053064500005],[94.70150155400006,18.616708844000073],[94.69434512700008,18.62161035200006],[94.69465442900008,18.636964833000036],[94.69548225900007,18.648263757000052],[94.70488153200006,18.655580190000023],[94.72386352300003,18.652597396000033],[94.73328202200008,18.65810574900007],[94.74555380300006,18.662736773000063],[94.74711626100003,18.68280924900006],[94.73394123100007,18.703669716000036],[94.72878824300005,18.725801343000057],[94.72161675700005,18.73160355300007],[94.71491049100007,18.738313584000025],[94.70341907500006,18.75658942000007],[94.70459144300008,18.77298548500005],[94.69126063600004,18.789323679000063],[94.70641192200009,18.811721231000035],[94.71682910800007,18.826390953000043],[94.73276198300005,18.826872516000037],[94.75000555600008,18.828511896000066],[94.76020996200003,18.843121719000067],[94.76108829900005,18.857394670000076],[94.75581828900005,18.869910950000076],[94.74725451800003,18.89143016500003],[94.73071074100005,18.904645722000055],[94.71979318400008,18.904992873000026],[94.71592124000006,18.912179904000027],[94.70590001400006,18.917501509000033],[94.69912138600006,18.93008205900003],[94.69866437700006,18.945834254000033],[94.69719484700005,18.95979479400006],[94.72105574600005,18.965063066000027],[94.73344219900008,18.960664864000023],[94.73947338900007,18.97381794200004],[94.75509844700008,18.977579135000042],[94.76840001300008,18.97680092400003],[94.79727599000006,18.97062237500006],[94.80690177800005,18.971738711000057],[94.81680878400005,18.977700910000067],[94.83059473100008,18.976018718000034],[94.85728181200005,18.97062237500006],[94.87008060100004,18.967336722000027],[94.87442959100008,18.959245800000076],[94.88723557400004,18.960263894000036],[94.89646928900004,18.951028636000046],[94.90500814600006,18.938287624000054],[94.92096912800008,18.937259433000065],[94.92610481700007,18.935598566000067],[94.94111421700006,18.934530137000024],[94.95818956500005,18.939272392000078],[94.97390148500006,18.930287988000032],[94.98438074600006,18.925855606000027],[94.99252897600007,18.916890876000025],[95.00348462700003,18.91246216600007],[95.01069441200008,18.902132062000078],[95.01500498300004,18.897649856000044],[95.02211413600008,18.879511491000073],[95.04097310800006,18.854774398000075],[95.05732511700006,18.832044661000054],[95.07624183700005,18.847671667000043],[95.09069221700008,18.86579587400007],[95.11256220000007,18.86363000500006],[95.11817743100005,18.873155429000064],[95.13246327700006,18.86693752900004],[95.13755480400005,18.867640179000034],[95.15321524100005,18.88244436100007],[95.16079895500008,18.88340192000004],[95.15034378400009,18.90880105900004],[95.14967672000006,18.930827866000072],[95.15420348900005,18.936650968000038],[95.15798984000008,18.948342100000048],[95.17699575500006,18.96254192300006],[95.19452775100007,18.96493998400007],[95.21663469100008,18.965997666000078],[95.23262954700004,18.98552892600003],[95.26198391200006,18.996568504000038],[95.28087291300005,18.999789148000048],[95.28326975100003,19.008001164000063],[95.28495080800008,19.02513036600004],[95.27009561200003,19.057170988000053],[95.27970779800006,19.07377385700005],[95.30358687000006,19.088529452000046],[95.31067455700008,19.093995833000065],[95.32584564900009,19.098608051000042],[95.33583253100005,19.09731840200004],[95.35154531400008,19.09244724200005],[95.36604961600005,19.094388077000076],[95.37877576100004,19.102326167000058],[95.38028777800008,19.113792296000042],[95.38293380800008,19.121856387000037],[95.39639483500008,19.135629677000054],[95.40775608500007,19.147686676000035],[95.41166213100007,19.156254772000068],[95.41378571100006,19.165544409000063],[95.42174224400009,19.175406990000056],[95.43459495300004,19.181928283000047],[95.45885268900008,19.179807538000034],[95.46937754000004,19.16902714300005],[95.47650691700005,19.169519170000058],[95.48266020000005,19.17361644500005],[95.48875218600006,19.188104559000067],[95.51160207400005,19.183259978000024],[95.52684202500006,19.178373300000032],[95.54396984100003,19.176206343000047],[95.54849967200005,19.16738490000006],[95.55969819800004,19.168607649000023],[95.56539337600003,19.170442637000065],[95.57459984300004,19.174490570000046],[95.59197015800004,19.169400922000023],[95.60538640500005,19.159349504000033],[95.61634626700004,19.153982228000075],[95.63438219500006,19.159036704000073],[95.64099691000007,19.166746253000042],[95.666563,19.165620878000027],[95.67759121800003,19.168722052000078],[95.68277153700006,19.178682266000067],[95.69652345700007,19.18597190500003],[95.71362459900007,19.189206907000028]]]}},{"type":"Feature","properties":{"id":"chin","name":"Chin","nameMy":"ချင်း","stSource":"Chin"},"geometry":{"type":"Polygon","coordinates":[[[93.36931488300007,24.091121779000048],[93.41616936200006,24.068063164000023],[93.44298577600006,24.014108730000032],[93.45948014200007,23.998107725000068],[93.46654202200006,23.971735144000036],[93.50605273600007,23.947042400000043],[93.54146089900007,23.95960365700006],[93.57372186100008,23.970046027000024],[93.59995970800009,23.972461727000052],[93.61178153800006,23.988263767000035],[93.62704265400004,24.010682846000066],[93.67920262400008,24.006725028000062],[93.72686830500004,23.99921679600004],[93.75444372100009,24.00468019500005],[93.77690124700007,23.966776939000056],[93.80328148500007,23.932154085000036],[93.86065680100006,23.932569398000055],[93.89080891500004,23.946284711000033],[93.93161002400007,23.951354224000056],[93.97697834200005,23.924823658000037],[94.01521376200009,23.926339120000023],[94.04446006600006,23.899238707000052],[94.07412811400008,23.885405054000046],[94.10555413500003,23.871704883000064],[94.11761305500005,23.841215008000063],[94.13754515800008,23.82753437200006],[94.13725877300004,23.782785185000023],[94.15302636200005,23.739097033000064],[94.14185932800007,23.696065332000046],[94.13233417300006,23.674056677000067],[94.12973961800003,23.646490011000026],[94.12203983700005,23.621991661000038],[94.11797604700007,23.57579842800004],[94.11572458900008,23.554674189000025],[94.10956758400005,23.543298766000078],[94.08841447600008,23.53921288600003],[94.08611859100006,23.51405898200005],[94.08046986400007,23.52646342500003],[94.06919855600006,23.555657289000067],[94.04480924200004,23.571547272000032],[94.01654073300006,23.54863492900006],[94.01812138600008,23.539159707000067],[94.02415250400009,23.53068337900004],[94.03013407100008,23.502256626000076],[94.03395232900004,23.45908094500004],[94.03100671300007,23.425472373000048],[94.02602210100008,23.391233450000072],[94.02403462200004,23.377121141000032],[94.01899005200005,23.377484254000024],[94.01471109700003,23.381631739000056],[94.00769206500007,23.39099667800008],[94.00028404700004,23.394937483000035],[93.97547378900003,23.397058882000067],[93.95500783600005,23.40077972200004],[93.97299356000008,23.390439693000076],[93.99035848300008,23.378453033000028],[94.00399369200005,23.31193118400006],[94.00458111900008,23.27786057900005],[93.99536585100003,23.254335208000043],[93.99037970200004,23.228712648000055],[93.97198045800008,23.22836837600005],[93.95461312000003,23.220285798000077],[93.96321164600005,23.186065346000078],[93.95065920200005,23.168352952000077],[93.96372809700006,23.15597187000003],[93.97146662600005,23.131897208000055],[93.97387448700005,23.110057961000052],[93.98161301400006,23.085983300000066],[93.99767859700006,23.080016586000056],[94.00454079700006,23.05742235300005],[94.00353728000005,23.02813334900003],[94.00035797900006,23.00453473500005],[94.00063109300004,22.98252651300004],[94.00139695900003,22.97122279000007],[94.01768674500005,22.96140430300005],[94.01947222200005,22.946676160000038],[93.98957082600003,22.946675608000078],[94.00273691300004,22.921682576000023],[94.00563834700006,22.896466205000024],[94.01034315200008,22.877992363000033],[94.01501151600007,22.846479826000063],[93.98734190900007,22.830412210000077],[93.99255301500006,22.808478328000035],[93.99582210000005,22.797385546000044],[94.00809561600005,22.77149988000008],[94.00285914500006,22.75423242000005],[94.03956185000004,22.63827735900003],[94.01657883900003,22.595431311000027],[94.04335930700006,22.449712015000046],[94.01769786100004,22.439669604000073],[94.05027735200008,22.423379927000042],[94.03733914300005,22.222540740000056],[94.01324356800006,22.025048623000032],[93.98489076100003,21.93301840500004],[93.98711529300004,21.89397765800004],[94.00416724300004,21.734108382000045],[94.01400569600008,21.712877035000076],[94.01995639800003,21.703939321000064],[94.03112290900003,21.688102145000073],[94.06802616700008,21.65571748600007],[94.10216781700007,21.633249203000048],[94.10279572200005,21.61780970600006],[94.11497161800008,21.59057111000004],[94.11772796900004,21.573135595000053],[94.10028649100008,21.559942886000044],[94.09890641300007,21.52818517000003],[94.09125024000008,21.503582237000046],[94.07819674500007,21.478979211000023],[94.08673224800003,21.469188446000032],[94.07882506900006,21.442828166000027],[94.06539547300008,21.394877575000066],[94.04619183300008,21.35533702600003],[94.05711242900009,21.333244903000036],[94.04281518700003,21.330136985000024],[94.01935079400005,21.311648400000024],[94.02447841500003,21.28115168900007],[94.05171599800008,21.284917892000067],[94.07820066400006,21.278767645000073],[94.10455978500005,21.272993971000062],[94.09941393800005,21.251403664000065],[94.09640195300005,21.22717737800008],[94.10719710300003,21.201445033000027],[94.10970797200008,21.176591219000045],[94.11698866900008,21.14709307800007],[94.10393551300007,21.104414510000026],[94.09275806400007,21.079317201000038],[94.06866531900005,21.06976912700003],[94.05397980200007,21.05822061500004],[94.07731034900007,21.037732815000027],[94.06687353400008,21.02900518100006],[94.05783238700008,21.02346209800004],[94.04117778800008,21.01089763400006],[94.00357850500006,20.96011757900004],[94.01586145500005,20.921488728000043],[94.03727601900005,20.88590756700006],[94.05243084800009,20.865151936000075],[94.03925377900003,20.82759343500004],[94.08076497500008,20.764667538000026],[94.06083462700008,20.710086886000056],[94.03537145600006,20.691404368000065],[94.02388249200004,20.685376355000074],[94.01046177800004,20.685078117000046],[94.00048996400005,20.683229420000032],[93.98764656500003,20.67762216500006],[93.98436594700007,20.67657833100003],[93.97512056500005,20.668525905000024],[93.96632254400004,20.667183833000024],[93.96050690000004,20.668973264000044],[93.95721607300004,20.660932527000057],[93.94763985200007,20.65898572900005],[93.93724433400007,20.65629814500005],[93.93351635600004,20.647052764000023],[93.92143771500008,20.64108800300005],[93.91472413800005,20.649919604000047],[93.90354343400008,20.647201882000047],[93.88609128000007,20.641817047000075],[93.86341557100008,20.650046228000065],[93.85813177500006,20.670070088000045],[93.83999951700008,20.69104677200005],[93.85030940000007,20.711846156000036],[93.83898327700007,20.731355584000028],[93.82862178900007,20.736911517000067],[93.82311086700008,20.750066488000073],[93.82328827800006,20.768732448000037],[93.81208902300006,20.77690973500006],[93.78123282300004,20.76835822700008],[93.76604853400005,20.764109458000064],[93.76640375600005,20.780286630000035],[93.75129344800007,20.802329988000054],[93.74471570000009,20.82846222200004],[93.73707139300006,20.85423889300006],[93.72053905800004,20.872549029000027],[93.70898403700005,20.893881359000034],[93.69565150300008,20.90899167200007],[93.67669085100005,20.919641393000063],[93.65778196800005,20.923243239000044],[93.64283345600006,20.92248029500007],[93.63043813500008,20.89650914400005],[93.63133390600007,20.879969500000072],[93.62498659400006,20.860570766000023],[93.60033520400003,20.849583992000078],[93.60889388200007,20.830695879000075],[93.60358160000004,20.80177345800007],[93.61007438700005,20.781409712000027],[93.62601123300004,20.756914193000057],[93.63315366000006,20.73346130400006],[93.63043766300007,20.724843762000035],[93.58894259500005,20.72394735100005],[93.56373949100004,20.73418943300004],[93.55203819900004,20.711332431000073],[93.53151274000004,20.708692749000022],[93.51504357600004,20.716186703000062],[93.50413322100007,20.733064726000066],[93.49442080200004,20.739213766000034],[93.48331239000004,20.743078247000028],[93.47247122100003,20.733411914000044],[93.45955975000004,20.727106393000042],[93.44945213200003,20.739757663000034],[93.42886656700006,20.73477968800006],[93.41174921800007,20.738026080000054],[93.39905876700004,20.73477968800006],[93.39817338800003,20.753372674000047],[93.39210302800007,20.770326606000026],[93.38219508200007,20.76800314600007],[93.35239588600007,20.765092700000025],[93.33556557600008,20.767038280000065],[93.33137313700007,20.761095115000046],[93.31750591700006,20.76838353900007],[93.31260473600008,20.786912995000023],[93.30579556900005,20.791299637000066],[93.29297826900006,20.79323017200005],[93.27845179300004,20.79123866900005],[93.27189690400007,20.79816476700006],[93.24355128600007,20.809810066000068],[93.24744246400007,20.83056600900005],[93.24998645300008,20.843480930000055],[93.23465580000004,20.836125414000037],[93.21920932300009,20.846502187000056],[93.20102869200008,20.84389679800006],[93.19393322900004,20.83925032800005],[93.17980343200009,20.833344708000027],[93.16312502000005,20.840757315000076],[93.15308177400004,20.863714281000057],[93.15583195900007,20.869634391000034],[93.15114375200005,20.886232145000065],[93.14292478100003,20.90802824900004],[93.13533650800008,20.938270214000056],[93.14031766500005,20.96269804700006],[93.13570952400005,20.996889012000054],[93.13557192700006,21.02597052400006],[93.12277232400004,21.061524489000078],[93.13080780200005,21.086553335000076],[93.12448279400007,21.090032733000044],[93.11689907400006,21.08537115400003],[93.09485035200004,21.082677587000035],[93.07851311700006,21.08249317600007],[93.06422883400006,21.06958247500006],[93.03977703300006,21.07004479400007],[93.01279598500008,21.072188936000032],[92.98919456700008,21.079618434000054],[92.98663478700007,21.086332094000056],[92.97868139900004,21.097440671000072],[92.96633983400005,21.11082371200007],[92.94391406500006,21.104379782000024],[92.91917329500006,21.113667273000033],[92.88978352700008,21.09186023500007],[92.87224459600009,21.07194961700003],[92.85723672400007,21.071874507000075],[92.85357840000006,21.083970996000062],[92.85177403800003,21.098813947000053],[92.83093345900005,21.09635267400006],[92.80851520300007,21.09922972100003],[92.80339966800005,21.11174558700003],[92.79544989200008,21.12883503300003],[92.79776558800006,21.144990774000064],[92.78596837400005,21.172922045000064],[92.77737588800005,21.191438576000053],[92.76368810500009,21.20729070300007],[92.74314273000005,21.19518849900004],[92.73577573300008,21.207444843000076],[92.72690384700007,21.228643419000036],[92.71086184400008,21.253083933000028],[92.69097374800003,21.264971653000032],[92.68558247000004,21.283174359000043],[92.67641460300007,21.30205322200004],[92.65942925700006,21.33766322100007],[92.64900589100006,21.376158367000073],[92.64396126500009,21.40367933300007],[92.63891314800009,21.432865143000072],[92.62951705700004,21.458272484000076],[92.62753881400005,21.48809297100007],[92.62122701300007,21.522972958000025],[92.61593264600003,21.563545532000035],[92.60909868100003,21.612921749000066],[92.60460359600006,21.66022171700007],[92.60210431900003,21.70103346800005],[92.60648415200006,21.733779560000073],[92.61090905600008,21.769225525000024],[92.60944688000006,21.817149033000078],[92.61483514700006,21.831614160000072],[92.61972834600004,21.86032444600005],[92.63074586800008,21.86854114700003],[92.62772971200008,21.893935030000023],[92.61116887700007,21.93025287200004],[92.61145908400005,21.951839680000035],[92.60534401500007,21.971540203000075],[92.63407250100005,21.984492887000044],[92.66175206400004,22.01314566600007],[92.68410416200004,22.058170068000038],[92.68929815800004,22.091379801000073],[92.69289204200004,22.095408641000063],[92.69280989200007,22.139911909000034],[92.70180513500009,22.155073646000062],[92.72688769800004,22.150042469000027],[92.75371545400009,22.12745404800006],[92.78945556700006,22.10265181400007],[92.81887139200006,22.085250144000042],[92.83956262400005,22.06929992000005],[92.85874509600006,22.064738888000022],[92.86376353300005,22.035552489000054],[92.88646020100003,22.014612464000038],[92.90077006100006,21.966465291000077],[92.91020563100005,21.958369402000073],[92.92030705700006,21.99297032800007],[92.93315535800008,22.00811291800005],[92.94498107900006,22.022550395000053],[92.96159905800005,22.01869420400004],[92.97758399200006,21.987077020000072],[93.00496153300008,21.988165640000034],[93.00033351500008,22.026083069000038],[93.00099476400004,22.06070887000004],[93.00388029000004,22.07706696200006],[93.00779255600008,22.093899479000072],[93.00861898200009,22.10742562200005],[93.05159201600009,22.097104324000043],[93.05502528100004,22.11891950100005],[93.04027343000007,22.13961527200007],[93.04680023700007,22.166152321000027],[93.04051109000005,22.190605368000035],[93.05850028900005,22.203102521000062],[93.10099865400008,22.198180256000057],[93.12367653900009,22.17483725200003],[93.15779088500005,22.186934722000046],[93.14775437900005,22.227840945000025],[93.14761058100004,22.248952718000055],[93.17887170000006,22.24714139400004],[93.19868867200006,22.261986328000035],[93.19525518300009,22.289286247000064],[93.19255171300006,22.310185141000034],[93.18658638100004,22.362448521000033],[93.18543719100006,22.38665216000004],[93.18538694800009,22.42557035300007],[93.16007676500004,22.451589252000076],[93.13186192100005,22.46663265500007],[93.13124492900005,22.495569372000034],[93.12779529000005,22.52333765700007],[93.10752702600007,22.527226394000024],[93.11150897300007,22.553549063000048],[93.12574939000007,22.57556183400004],[93.13718774500006,22.597602383000037],[93.12803432400005,22.61566964700006],[93.12038150100005,22.626614327000027],[93.10740541300004,22.65323931000006],[93.09700361900008,22.683182370000054],[93.09758907300005,22.698606780000034],[93.09770829700005,22.725436341000034],[93.10474857800006,22.752648457000078],[93.09869635600006,22.776393418000055],[93.09599630000008,22.80249629800005],[93.10740051100004,22.818575948000046],[93.11626633800006,22.841548853000063],[93.11840238900004,22.85696437000007],[93.12624180800003,22.879955532000054],[93.13502327300006,22.91189240800003],[93.15818718500003,22.909176838000064],[93.15670070800007,22.919856449000065],[93.14319905800005,22.94790874800003],[93.13507265100009,22.971198599000047],[93.13925476900005,22.98280694700003],[93.13106071400006,22.99400319700004],[93.12341558000008,23.013274805000037],[93.13136390600005,23.047489160000055],[93.13527384400004,23.055536029000052],[93.14428934600005,23.053833790000056],[93.16204208300007,23.047346547000075],[93.17469700600003,23.051792458000023],[93.18709836800008,23.056950226000026],[93.20329879700006,23.050467166000033],[93.21329115300006,23.04045667500003],[93.21553167800005,23.027164580000033],[93.22736139500006,23.023072738000053],[93.25103163800009,23.008715128000063],[93.27552654400006,23.00953614100007],[93.29668202000005,23.012979563000044],[93.31218695400008,23.01953414700006],[93.32210142600007,23.037739272000067],[93.32861144400005,23.047662741000067],[93.33436226700007,23.059488143000067],[93.33986649400003,23.07273902700007],[93.35475372400003,23.099936152000055],[93.35539473700004,23.117495173000066],[93.38446067700005,23.136365891000025],[93.37987105000008,23.143748670000036],[93.36904262800005,23.145234677000076],[93.37705685900005,23.182197560000077],[93.37850431000004,23.204011016000038],[93.38943917900008,23.21698962200003],[93.37823159700008,23.238645614000063],[93.36883382500008,23.26195780100005],[93.36696412600008,23.288243373000057],[93.36711671300009,23.309591694000062],[93.36877395200008,23.324763175000044],[93.35982309700006,23.33857671900006],[93.36304885200008,23.356825873000048],[93.38767698100008,23.367111668000064],[93.39839377000004,23.38412965400005],[93.39744097000005,23.395766765000076],[93.39021472000007,23.431341118000034],[93.39424418400006,23.45171663600007],[93.39460539500004,23.46570831500003],[93.39538162400004,23.501519097000028],[93.41395440800005,23.529870129000074],[93.41448582000004,23.56016860400007],[93.42367664100004,23.580794556000058],[93.42489297500003,23.60185086200005],[93.42483463900004,23.62937226200006],[93.42321086800007,23.655965319000074],[93.43715725100003,23.682407839000064],[93.41373360100005,23.702716201000044],[93.40874146700008,23.728603381000028],[93.39263929200007,23.76168412900006],[93.40358119600006,23.806476391000047],[93.38730388500005,23.84957158000003],[93.39050158700007,23.89501995100005],[93.39021693700005,23.928955164000058],[93.35373782300007,23.945530750000046],[93.33299107900007,23.985819380000066],[93.33193334200007,24.023323654000023],[93.32565966800007,24.052950218000035],[93.32970455100008,24.074988553000026],[93.33735152300005,24.091551050000078],[93.35398832900006,24.091925997000033],[93.35583965700005,24.09666007900006],[93.36931488300007,24.091121779000048]]]}},{"type":"Feature","properties":{"id":"kachin","name":"Kachin","nameMy":"ကချင်","stSource":"Kachin"},"geometry":{"type":"Polygon","coordinates":[[[97.59673890600004,28.526162921000036],[97.61465030600004,28.51751298100004],[97.63264612400008,28.536237693000032],[97.65366920000008,28.53300339100008],[97.67029410000004,28.525634796000077],[97.69042639000008,28.509360865000076],[97.72217835500004,28.497449507000056],[97.74020501900009,28.460398268000063],[97.74255672500004,28.411826191000046],[97.75634637000007,28.382455666000055],[97.78233921100008,28.36394834400005],[97.81121724500008,28.332369076000077],[97.84365554800007,28.330448510000053],[97.85920240200005,28.357771257000024],[97.91377763300005,28.364591784000027],[97.95797280900007,28.325975777000053],[97.95749439100007,28.309908074000077],[97.96736303500006,28.295471534000058],[97.99509663100008,28.28489594800004],[98.02200776500007,28.25148923200004],[98.00913803700007,28.221076107000044],[98.03155849400008,28.189335924000034],[98.05041299900006,28.20194027200006],[98.09067060500007,28.193454786000075],[98.11098452800007,28.16579618800006],[98.14707646900007,28.12925010500004],[98.15493994300004,28.07510260300006],[98.14406655000005,28.02201008000003],[98.13406754900006,27.99225320900007],[98.14632390200006,27.946563275000074],[98.18555533300008,27.94052255500003],[98.20169967600003,27.903912148000074],[98.19363440200004,27.873069072000078],[98.16987514600004,27.85238625200003],[98.20551541000003,27.814832027000023],[98.22489407800003,27.80478296700005],[98.21814319000003,27.77771313900007],[98.24247752300005,27.747603697000045],[98.23371821500007,27.731363470000076],[98.23245349800004,27.70604085000008],[98.26314701400008,27.673186791000035],[98.28486621500008,27.656133428000032],[98.30144852200004,27.62507246100006],[98.30916910200006,27.581560162000073],[98.31360689400003,27.54043684000004],[98.33701733300006,27.51034969500006],[98.36251705000006,27.51265064200004],[98.38420689900005,27.515799248000064],[98.39638913700009,27.532390004000035],[98.41654198700007,27.549660721000066],[98.43406874800007,27.57080467800006],[98.43242737800006,27.60479177700006],[98.43444324200004,27.621801807000054],[98.43345888200008,27.65218248700006],[98.44444013000003,27.667059669000025],[98.46219575700007,27.64850069700003],[98.48627226400004,27.636964095000053],[98.51144551100003,27.62462116100005],[98.53645247900005,27.63288864200007],[98.55201614600008,27.64832287100006],[98.57276741200008,27.611787655000057],[98.58310931800008,27.57165333200004],[98.60046547800005,27.578217298000027],[98.64977902300006,27.56734080900003],[98.66053745100004,27.588249819000055],[98.68662592400005,27.566393280000057],[98.69981869200006,27.548239699000078],[98.70486966000004,27.52114070700003],[98.69215827400006,27.50610563300006],[98.70337314200003,27.46216247800004],[98.68922976700009,27.44681945600007],[98.69640626900008,27.417105720000052],[98.69902918900004,27.381818128000077],[98.72831266900005,27.353183298000033],[98.74100493100008,27.326508623000052],[98.72803066600005,27.280273067000053],[98.72363384000005,27.25131926100005],[98.72356272100006,27.22393738100004],[98.69541247800004,27.204947315000027],[98.70792959500005,27.16470722100007],[98.71235996600007,27.121306567000033],[98.71270350600008,27.081863897000062],[98.73997054500006,27.07465887400008],[98.76588836400003,27.053187582000078],[98.74460014200008,27.014411386000063],[98.74194260300004,26.98106499100004],[98.74710194300008,26.935857087000045],[98.75840635500003,26.88461995800003],[98.73274121200006,26.852592540000046],[98.75588653300008,26.817159392000065],[98.75773495400006,26.763063140000042],[98.74687802000005,26.70289917300005],[98.76545003000007,26.677223599000058],[98.77250765200006,26.63635047400004],[98.77706225900005,26.590926917000047],[98.75490934600003,26.544961960000023],[98.75375347500005,26.50279716600005],[98.74285223200008,26.43618527800004],[98.74168355100005,26.393826602000047],[98.72774516600003,26.348438475000023],[98.68331732300004,26.307785140000078],[98.67947309500005,26.261970403000078],[98.69227313500005,26.235713944000054],[98.71331240300003,26.225756200000035],[98.73491991700007,26.184870214000057],[98.70904273800005,26.15655295600004],[98.71634110000008,26.12558288100007],[98.67962418300004,26.098273720000066],[98.65970722500003,26.107921883000074],[98.65040608800007,26.143751786000053],[98.60372989700005,26.131787257000042],[98.57761760400007,26.124852675000056],[98.58452495300008,26.096412936000036],[98.58214760600004,26.072394342000052],[98.60265951300005,26.052934503000074],[98.60773515100004,26.011265653000066],[98.61644598000004,25.980298065000056],[98.64196816300006,25.97669744600006],[98.66901229100006,25.949157937000052],[98.69037918600009,25.91318049000006],[98.70387718800004,25.88872535200005],[98.70672738400003,25.858453782000026],[98.68001934300008,25.828705961000026],[98.64558920700006,25.805810243000053],[98.61444559200004,25.80814091900004],[98.57803827300006,25.82752420500003],[98.56905455600008,25.84273174200007],[98.53288278100007,25.845356718000062],[98.51811249500008,25.83516486800005],[98.51016062000008,25.81639664000005],[98.49071341100006,25.80188266600004],[98.47503143300008,25.773646875000054],[98.46511047600006,25.74341312300004],[98.46344996100004,25.70022284500004],[98.43046665800006,25.67672052200004],[98.40925878300004,25.643430342000045],[98.40297191900004,25.595558492000066],[98.37226901500009,25.583257445000072],[98.34464973700005,25.576853662000076],[98.31367144800004,25.547968125000068],[98.29574895600007,25.568544751000047],[98.28226842100008,25.583414979000054],[98.25444923900005,25.606134835000034],[98.22902073300008,25.61016981000006],[98.19618147900007,25.61650798000005],[98.17551105300004,25.626880793000055],[98.17051459900006,25.621551886000077],[98.18396245100007,25.583081685000025],[98.18040699500006,25.555070511000054],[98.16199716500006,25.54298486700003],[98.15373942800005,25.527734034000048],[98.13675246600008,25.521874945000036],[98.13087867000007,25.504019605000053],[98.15405198900004,25.465425582000023],[98.14862913200005,25.434016125000028],[98.15362235700007,25.422260486000027],[98.14385102600005,25.39853183500003],[98.12824550800008,25.386338444000046],[98.10525543800009,25.39402714000005],[98.09415641300006,25.34965396700005],[98.07183619300008,25.324655747000065],[98.05402890100004,25.306763615000023],[98.02955407300004,25.306459636000056],[98.00602202900006,25.297759118000045],[97.99943187200006,25.275897542000052],[97.99061049000005,25.259655940000073],[97.95369112600008,25.230431786000054],[97.91074097300003,25.214740962000064],[97.89496963800008,25.23418343700007],[97.83762823200004,25.269501680000076],[97.81792185500007,25.227286724000066],[97.80342529700005,25.179991315000052],[97.78542789800008,25.144238753000025],[97.77025949400007,25.115667986000062],[97.74182287200006,25.082053547000044],[97.72163532300004,25.077516787000036],[97.72518434400007,25.03656968100006],[97.71842377600007,24.990853429000026],[97.73236346100003,24.949706737000042],[97.73094535800004,24.911822321000045],[97.75100956300008,24.889980879000063],[97.77076282800004,24.885982029000047],[97.79343921300006,24.861026244000072],[97.79439228000007,24.84534775000003],[97.77768223700008,24.830895140000052],[97.75397995700007,24.82878948900003],[97.73116195600005,24.83036357800006],[97.70562896200005,24.841360510000072],[97.69303177200004,24.83202702500006],[97.66628845100007,24.809646217000022],[97.64721065700007,24.795570488000067],[97.62151142500005,24.783196786000076],[97.59790620200005,24.774440008000056],[97.58349371600008,24.771393],[97.56556193400007,24.75451158100003],[97.55055899600006,24.742542725000078],[97.56561083200006,24.72591045400003],[97.56705466400007,24.682643858000063],[97.56994106700006,24.65365704800007],[97.56909798900006,24.615409433000025],[97.56430623800009,24.587693350000052],[97.56438747600004,24.564079674000027],[97.56094125100003,24.535573217000035],[97.55423984100008,24.48946184400006],[97.53398803200008,24.455018453000037],[97.53617667000003,24.435348246000046],[97.56640868100004,24.439033572000028],[97.58958799200008,24.43920159000004],[97.60816145000007,24.441291808000074],[97.62418036600008,24.441715135000038],[97.64188801500006,24.449108590000037],[97.65681011500004,24.449569850000046],[97.67114628600007,24.453813985000068],[97.67963687400004,24.439938866000034],[97.67997203300007,24.422597506000045],[97.68159554800008,24.403230247000067],[97.70436981900008,24.382048574000066],[97.71635504500006,24.372564623000073],[97.70947322400008,24.35423432300007],[97.69558632300004,24.345705389000045],[97.68141718500004,24.343212966000067],[97.66239190500005,24.33840293800006],[97.66757115700005,24.299263315000076],[97.70547019000009,24.29610466500003],[97.74354759200008,24.28489621700004],[97.76280506300009,24.265844922000042],[97.72928121500007,24.229105178000054],[97.74550134300006,24.179265911000073],[97.74669008700005,24.162622701000032],[97.73936818900006,24.15284198300003],[97.73720791400007,24.13533435200003],[97.72858498500005,24.114805383000032],[97.71231740300004,24.10787391200006],[97.70307110000005,24.097919174000026],[97.68791402600004,24.084917577000056],[97.65564926600007,24.064721304000045],[97.65085877800004,24.055849859000034],[97.64279537500005,24.047602625000025],[97.63456889800005,24.03559337300004],[97.62441412600003,24.004565494000076],[97.60008802100003,23.995406396000078],[97.57605167700007,23.985816408000062],[97.56362502400003,23.965417819000038],[97.54511078800004,23.956793867000044],[97.52914674700008,23.943554490000054],[97.52855412600007,23.929761239000072],[97.55673629300009,23.920459400000027],[97.58932998600005,23.905467680000072],[97.60726893200007,23.894769163000035],[97.63304994600009,23.881267231000038],[97.64042303900004,23.867680883000048],[97.62270247700008,23.84602853900003],[97.60605034000008,23.82413652300005],[97.60554279300004,23.82461331500008],[97.60416929000007,23.824308427000062],[97.60330378000003,23.823843125000053],[97.60244517600006,23.82353768400003],[97.60158300600006,23.823072378000063],[97.60123216900007,23.82244666400004],[97.60070948000003,23.821664614000042],[97.60035841900003,23.820879039000033],[97.59829504900006,23.820581565000055],[97.59779128900004,23.821374739000078],[97.59728396400004,23.822008052000058],[97.59677285500004,23.822328322000033],[97.59592204100005,23.82280548700004],[97.59367523500003,23.821252687000026],[97.59297735200005,23.820314301000053],[97.58902914500004,23.819875687000035],[97.58851001400006,23.819250156000066],[97.58781569300004,23.818471628000054],[97.58469769700008,23.818403486000022],[97.56467979000007,23.819267250000053],[97.54910441100009,23.821790712000052],[97.54203555000004,23.818231686000047],[97.53738558900005,23.81654164400004],[97.52451463600005,23.81554994800007],[97.51677077900007,23.81310065100007],[97.50977850200007,23.818349992000037],[97.50429670200003,23.818555798000034],[97.49176951700008,23.81740386100006],[97.48236996600008,23.819688720000045],[97.47101359200008,23.81585128200004],[97.46566193000007,23.81274994300003],[97.46236220200007,23.80900362400007],[97.45718338000006,23.793589299000075],[97.45420610400004,23.770513524000023],[97.42015243300006,23.74594681900004],[97.40686945300007,23.73866472800006],[97.38054043400007,23.745500520000064],[97.36830312000006,23.740098760000024],[97.36052877100008,23.734971879000057],[97.34791724100006,23.726583248000054],[97.34430110800008,23.71024871900005],[97.34797068300009,23.701089721000073],[97.34432391500007,23.697030695000024],[97.33632837500005,23.697999956000046],[97.32955722500009,23.709077527000034],[97.32207287400007,23.718236682000054],[97.30883956500008,23.71264829000006],[97.30440332300003,23.70448851200007],[97.30018813300006,23.70062045900005],[97.28623370600008,23.704457912000066],[97.27035722600004,23.712343265000072],[97.26640119200005,23.703729689000056],[97.25335110100008,23.70211222100005],[97.24064028800007,23.687746126000036],[97.23290429300005,23.680509605000054],[97.22727777900008,23.69555439800007],[97.21183578000006,23.692739193000023],[97.20303545800004,23.682756390000065],[97.18792160500004,23.68487356600008],[97.17511940800006,23.671533383000053],[97.15210504700008,23.676023436000037],[97.13586983900007,23.679620740000075],[97.14403354200005,23.669752],[97.12883945000004,23.66744784200006],[97.11120165500006,23.65659716400006],[97.08857160700006,23.634103803000073],[97.07806956500008,23.63835726600007],[97.04283327700006,23.64160711900007],[97.01794229200004,23.644834235000076],[97.01223939300007,23.649755563000042],[97.00514781100009,23.663144802000033],[97.00334732100004,23.68698673800003],[97.00293131600006,23.702043524000032],[96.99023604400008,23.707662597000024],[96.98177875600004,23.709848519000047],[96.97111676000009,23.71519647100007],[96.95537734400006,23.71366689100006],[96.94611927000005,23.715284205000046],[96.92191144700007,23.71460283700003],[96.89844377200006,23.72003215600006],[96.88665958000007,23.713556394000022],[96.87868667500004,23.715738271000077],[96.86893083100006,23.722123244000045],[96.86080708600008,23.729474838000044],[96.84842119700005,23.73220619600005],[96.83973863400007,23.735487007000074],[96.82050877800003,23.73636020300006],[96.80502483800007,23.742193215000043],[96.77790269300004,23.749666322000053],[96.77901637000008,23.762853603000053],[96.78665736100004,23.77700965200006],[96.79971091600004,23.784581846000037],[96.81359666100008,23.77805524300004],[96.82840166000005,23.779336885000077],[96.85458935000008,23.78698911200007],[96.86473284400006,23.799840766000045],[96.87193496500004,23.81195223900005],[96.88423342800007,23.835542607000036],[96.88370712000005,23.853357092000067],[96.87996082100005,23.86658633600007],[96.86874951800007,23.884683352000025],[96.85236161600005,23.889821807000033],[96.84518594300005,23.88930685100007],[96.84315790600004,23.902178785000046],[96.84040808300006,23.93608079300003],[96.83518655300009,23.962111537000055],[96.84898943400003,23.982705719000023],[96.85843460000007,24.000678992000076],[96.85861745200003,24.005208865000043],[96.85583691000005,24.010072775000026],[96.84262252300005,24.025808176000055],[96.82912057900006,24.02107041900007],[96.81170086900005,24.020658448000063],[96.80619969100007,24.018419030000075],[96.78749276800005,24.01381484500007],[96.77621651600003,24.00513265400008],[96.75830832300005,23.995452804000024],[96.74789986800005,23.993116040000075],[96.74022871500006,23.993631381000057],[96.72831136900004,23.995553933000053],[96.70143595600007,23.995999392000044],[96.70308389800005,24.029234065000026],[96.70256606500004,24.042039673000033],[96.70022021400007,24.047952448000046],[96.69839658400008,24.060575278000044],[96.69940749200003,24.065134073000024],[96.69721792000007,24.06698020400006],[96.69385709500006,24.071939521000047],[96.68583461800006,24.072553431000074],[96.68029591300007,24.07113446900007],[96.67818258900007,24.08010647100008],[96.67862118400006,24.08357416000007],[96.67745409800006,24.087236501000064],[96.67912112000005,24.09307274200006],[96.68535808900003,24.094484351000062],[96.69084747500006,24.101202087000047],[96.69309390000006,24.113248589000023],[96.69037421100006,24.122224525000036],[96.68271074000006,24.12922479300005],[96.67595463100008,24.135129591000066],[96.66616614600008,24.13904378700005],[96.66792082600006,24.153101012000036],[96.66158989500008,24.16322219700004],[96.63605269500005,24.187551247000044],[96.62983137600008,24.190671683000062],[96.60933116400008,24.209348619000025],[96.60392175000004,24.213556074000053],[96.59256142000004,24.21769493200003],[96.57860623100004,24.23578218700004],[96.58615291300003,24.259397871000033],[96.60177705900009,24.30041616400007],[96.57731810200005,24.31283769500004],[96.56700948400004,24.35549664900003],[96.58849348800004,24.382842405000076],[96.59513630600009,24.39710043100007],[96.60072870000005,24.393880702000047],[96.60566882700004,24.392240576000063],[96.61194562600008,24.40197194700005],[96.62049277700004,24.404478150000045],[96.63467977300007,24.40114791900004],[96.63676776000005,24.417322479000063],[96.64544488600006,24.42983819400007],[96.64059634500006,24.432355823000023],[96.63219526300009,24.430713366000077],[96.63219526300009,24.44932996700004],[96.61423187300005,24.46337407200008],[96.58679688200004,24.482643886000062],[96.57307938600007,24.47382549500003],[96.55511599900007,24.48068424400003],[96.54244028200009,24.49223107800003],[96.53455917400004,24.49712532500007],[96.50438475700008,24.491392243000064],[96.48235113500004,24.50787905800007],[96.47466059400006,24.515218633000075],[96.46072656400008,24.51726423200006],[96.43654820100005,24.53734408100007],[96.43888258300007,24.54811272200004],[96.42643282200004,24.544372618000068],[96.41761443400009,24.54012672700003],[96.37744176600006,24.524122981000062],[96.35870517800004,24.51890362300003],[96.32731634500004,24.51256122600006],[96.28254922000008,24.516790342000036],[96.25970747800005,24.514332636000063],[96.22457448400007,24.504885109000043],[96.21394601700007,24.489532876000055],[96.18488174700008,24.47976824500006],[96.19861457000007,24.519166471000062],[96.19869919800004,24.523934582000038],[96.19882326900006,24.536570104000077],[96.20397765000007,24.550212690000023],[96.20026035900008,24.549577300000067],[96.19172741600005,24.548453739000024],[96.19221199600008,24.54288329600007],[96.19727271200009,24.538705329000038],[96.18727175600009,24.536223865000068],[96.18383733200005,24.53006274300003],[96.16480575200006,24.53822482000004],[96.10192064800003,24.583986281000023],[96.10605394200007,24.616166921000058],[96.09631117800006,24.643033328000058],[96.06944477100006,24.65248085500008],[96.07917577200004,24.675531275000026],[96.06854064100008,24.679036775000043],[96.05763536300003,24.69056620200007],[96.05735194100004,24.680749899000034],[96.05144283400006,24.680989961000023],[96.04577039500003,24.679174457000045],[96.04139742500007,24.685251969000035],[96.02693368000007,24.66317542400003],[96.01046932300005,24.66789443400006],[95.99672126100006,24.66856161800007],[95.99084244400007,24.668214641000077],[95.96775569600004,24.679044419000036],[95.95317117800005,24.71706705500003],[95.91985126300006,24.709337076000054],[95.91098240000008,24.74258840300007],[95.88478701700006,24.798570881000046],[95.88459332000008,24.816006724000033],[95.87196164800008,24.837552327000026],[95.88024916900008,24.882699674000037],[95.83937375600004,24.925386944000024],[95.82010204900007,24.953316270000073],[95.80859951300005,24.964856611000073],[95.82879441600005,24.964540233000037],[95.84957703300006,24.962812133000057],[95.86409556800004,24.963563875000034],[95.87757691100006,24.965013595000073],[95.88867367000006,24.97171564100006],[95.89674538100007,24.980253283000025],[95.89066856300008,24.98540698000005],[95.90246360700007,24.993974404000028],[95.92040430200007,24.99541655400003],[95.94843419700004,24.99690130700003],[95.96991144000003,25.004346750000025],[95.98594778300009,25.005492205000053],[95.99310686400008,25.010360380000066],[96.00169776200005,25.02611035800004],[95.99625686000007,25.041573975000063],[96.00169776200005,25.059328495000045],[96.01000229500005,25.08424209900005],[96.01859319300007,25.083383009000045],[96.02389717500006,25.086084280000023],[96.02444375800007,25.081909735000067],[96.02839458500006,25.078977696000038],[96.03951054900006,25.072953978000044],[96.04722951900004,25.061905764000073],[96.04336361500003,25.045917150000037],[96.04322043200006,25.02095582100003],[96.03190908500005,25.016899006000074],[96.01587274300005,25.00964447100006],[96.00785457200004,24.964208171000053],[96.02365454400007,24.950467923000076],[96.03472499000009,24.952992275000042],[96.04947269600007,24.967262710000057],[96.06703631000005,24.99360813000004],[96.06869950900006,25.012796155000046],[96.07123630400008,25.031408079000073],[96.07658175200004,25.068062574000066],[96.06177029500003,25.08877618400004],[96.05615450700009,25.099467077000043],[96.05860305800007,25.115270477000024],[96.04889997100008,25.12046705000006],[96.04660906500004,25.134976120000033],[96.04660906500004,25.146812468000064],[96.03133635700004,25.163230628000065],[96.01720910300008,25.19033968100007],[95.99430004400006,25.226230543000042],[95.99239095600007,25.257539593000047],[95.98952655600004,25.28211399500003],[95.98513610900005,25.28437625600003],[95.98536091200003,25.28767932100004],[95.97062734800005,25.300684987000068],[95.96200945400005,25.327517597000053],[95.96262948200007,25.441619330000037],[95.95787056200004,25.611750785000027],[95.96839689600006,25.62592859600005],[95.97404256600004,25.62999540900006],[96.00027998900003,25.61802060800005],[96.06111077900005,25.569875790000026],[96.08450964800005,25.60968437200006],[96.13181345100008,25.62144267700006],[96.17321987600008,25.635116227000026],[96.19254489200006,25.655473380000046],[96.21068828500006,25.666478389000076],[96.19611408500003,25.68105258500003],[96.20652422800003,25.69711394600006],[96.20801139000008,25.717339364000054],[96.21068828500006,25.73161612900003],[96.19700638500007,25.75213898100003],[96.18243218500004,25.75600560500004],[96.16190933500008,25.755708173000073],[96.14852486600006,25.76998493900004],[96.11997133600005,25.787533460000077],[96.12056620100003,25.810733205000076],[96.12324309600007,25.835420112000065],[96.11313038700007,25.86635310500003],[96.08517172100005,25.897583530000077],[96.10807403200005,25.91542948700004],[96.11432011600004,25.936844633000078],[96.12116106700006,25.95915208200006],[96.11521241600008,25.976403171000072],[96.12175593200004,25.99573629200006],[96.13067890900004,26.005254136000076],[96.15923373200008,26.006012773000066],[96.17529380300005,26.017151441000067],[96.17499330100009,26.03016099000007],[96.18213475200008,26.05284335500005],[96.18094502400004,26.065335524000034],[96.16280163400006,26.07366363700004],[96.16428879400007,26.081099453000036],[96.15536581800006,26.091807026000026],[96.15923244100009,26.104299195000067],[96.15804271000007,26.10995041500007],[96.15030946200005,26.12660664200007],[96.15715041400006,26.13344759200004],[96.15625811500007,26.147724357000072],[96.14511803800008,26.158675267000035],[96.12056620100003,26.16973437100006],[96.12324309600007,26.182226540000045],[96.13633013000003,26.191446953000025],[96.12829944800006,26.211969802000056],[96.12315926200006,26.223428676000026],[96.12264419100006,26.22907799500007],[96.10599200300004,26.22148764600007],[96.10628943500006,26.229815759000076],[96.09409469900004,26.231302922000054],[96.10242281200004,26.236656710000034],[96.09443096100006,26.240544946000057],[96.09129913900006,26.241430052000055],[96.08011536600009,26.247959148000064],[96.07505901200005,26.239928467000027],[96.07386928000005,26.262533348000034],[96.09022807400004,26.272051189000024],[96.09201267100008,26.28127160100007],[96.09528443000005,26.28543565800004],[96.09320240200003,26.29197917500005],[96.09766389100008,26.305363644000067],[96.10153051400005,26.319640408000055],[96.10690468000007,26.32578449400006],[96.10262488300003,26.330423319000033],[96.09539203900005,26.332128193000074],[96.08814604600008,26.32915825300006],[96.08338712600005,26.340163260000054],[96.07994122400004,26.35140405100003],[96.06730809200008,26.354108903000053],[96.05794337900005,26.35711092200006],[96.05280487600004,26.352453023000066],[96.04174655900005,26.35176313000005],[96.03550047500005,26.370501387000047],[96.03014668700007,26.383290988000056],[96.01609968800005,26.390004796000028],[95.99564450400004,26.399352349000026],[96.00099829000004,26.409465058000023],[96.00992126800008,26.426418718000036],[96.02028042800004,26.43482967800003],[96.01527505700005,26.446346703000074],[96.00397261600006,26.46151576500006],[96.00432257400007,26.479962708000073],[96.03609533900004,26.49185389400003],[96.07604763300009,26.490835040000036],[96.10331511000004,26.494233354000073],[96.13365323700003,26.493043623000062],[96.15199846800004,26.496897153000077],[96.17694900700008,26.53698784200003],[96.13597445100004,26.60087918000005],[96.08114051200005,26.654960551000045],[96.09149606200003,26.67308276400007],[96.08962024400006,26.69785883000003],[96.10335326600006,26.72558122600003],[96.17796286600009,26.748631062000072],[96.19983765300003,26.76464805200004],[96.22483723400006,26.789259317000074],[96.25022703500008,26.827933837000046],[96.24045973000005,26.881452065000076],[96.27874165400004,26.87403069900006],[96.28303737600004,26.915048596000076],[96.31442798300009,26.93026524000004],[96.30218306900008,26.956834901000036],[96.29099075600004,26.95393531700006],[96.27869201000004,26.951616130000048],[96.26745375300004,26.95052531300007],[96.22834759500006,26.96934705500007],[96.28459778400008,26.985364854000068],[96.33030044600008,27.019352106000042],[96.37510932400005,27.010953133000044],[96.39607110600008,27.004950724000025],[96.41616207200008,26.994283230000065],[96.45139594600005,26.987096671000074],[96.46942569900006,26.997082378000073],[96.49244830600009,26.99181214300006],[96.52573400400007,26.996250235000048],[96.56179350800005,26.984322863000045],[96.58204230500007,26.995418095000048],[96.61111807900005,27.00234850000004],[96.63265811100007,27.00387614600004],[96.66581130900005,27.005126422000046],[96.69660057800007,26.992921667000076],[96.72267437300007,27.00679070800004],[96.74804836200008,27.03691641200004],[96.75869181500008,27.038766838000072],[96.77398982500006,27.037857358000053],[96.80153445000008,27.035390909000057],[96.82494918200007,27.043790899000044],[96.83626347000006,27.042020896000054],[96.84868387500006,27.046777795000025],[96.85848013500004,27.045293618000073],[96.87027124900004,27.046548648000055],[96.88355442200003,27.045614148000027],[96.89164134300006,27.045045685000048],[96.91692221000005,27.041166695000072],[96.92983405300004,27.04253927900004],[96.95428734700005,27.03674783500003],[96.99256589800007,27.029258553000034],[97.01614326600009,27.037302596000075],[97.03361825800005,27.04229545100003],[97.05248015300003,27.06559544000004],[97.06949380200007,27.091588837000074],[97.08241462500007,27.097467451000057],[97.10252913100004,27.106889468000077],[97.12911547600004,27.09426060900006],[97.15144817100008,27.11674289700005],[97.16515301100009,27.13489578000008],[97.12546521200005,27.174073063000037],[97.09935626700008,27.20646872900005],[97.07660090900004,27.24558926900005],[97.04882769400007,27.27984956100005],[97.02862021000004,27.305851973000074],[96.99624930100003,27.325206218000062],[96.98625100600003,27.34726313500005],[96.96545451700007,27.372746636000045],[96.96132402200004,27.39797831900006],[96.93463873500008,27.417860524000048],[96.92031581600008,27.443404763000046],[96.90490135500005,27.47050069900007],[96.91949611600006,27.497067358000038],[96.92644314500006,27.50842238200005],[96.91417824400008,27.521092957000064],[96.90673325800003,27.548941210000066],[96.89417394800006,27.569150423000053],[96.90078740400008,27.594320443000072],[96.89221740000005,27.615419831000054],[96.91603512800003,27.630536628000073],[96.92877728800005,27.65276576100007],[96.95463059800005,27.66153858800004],[96.98690088800004,27.67489273500007],[97.00933696500005,27.718026473000066],[97.01884028900008,27.736322295000036],[97.05380956700009,27.74530081200004],[97.08814635400006,27.73821999200004],[97.09413466200004,27.76063673500005],[97.11817718100008,27.787275565000073],[97.13510242500007,27.805852044000062],[97.16348074600006,27.825621132000038],[97.18988960200005,27.84664083200005],[97.22329250900003,27.871950825000056],[97.25514184700006,27.90057270500006],[97.27993254700004,27.909076162000076],[97.31101478900007,27.904563867000036],[97.34340773100007,27.883673593000026],[97.37316527800004,27.887588686000072],[97.38347532900008,27.916386514000067],[97.37394085400007,27.926242045000038],[97.36932521900007,27.93819652600007],[97.36427503000004,27.960211669000046],[97.38379795000009,27.984937828000056],[97.39313064300006,28.010758060000057],[97.37466369300006,28.031979621000062],[97.35128933400006,28.06569627500005],[97.32765174200006,28.058428160000062],[97.31444819600006,28.069401896000045],[97.33057910900004,28.08771315300004],[97.32979207800008,28.10983640300003],[97.32690145900006,28.122486860000038],[97.32998969700009,28.141978021000057],[97.35402670800005,28.158279805000063],[97.36009605100008,28.194277335000038],[97.34664173800007,28.213237583000023],[97.36408446900003,28.24179827000006],[97.39799053900003,28.24144177000005],[97.41186516000005,28.259318102000066],[97.40213932000006,28.27872509200006],[97.42461477000006,28.29733102600005],[97.46313292900004,28.27068777900007],[97.47632960200008,28.285326633000068],[97.47984761200007,28.310558772000036],[97.49346323100008,28.31537664900003],[97.51972012000004,28.328807265000023],[97.50136441500007,28.33972108100005],[97.48445931800006,28.371180604000074],[97.49512532400007,28.39343270300003],[97.50154849400008,28.423125810000045],[97.51883233300003,28.450450808000028],[97.50397341400009,28.470037742000045],[97.50042197500005,28.493512896000027],[97.51519393600006,28.498039495000057],[97.52580569800006,28.50546692100005],[97.53614395500006,28.51315384700007],[97.54575922200007,28.52387835600007],[97.55536565100005,28.53435220800003],[97.57611912000004,28.544699043000037],[97.59400010200005,28.535298538000063],[97.59673890600004,28.526162921000036]]]}},{"type":"Feature","properties":{"id":"kayah","name":"Kayah","nameMy":"ကယား","stSource":"Kayah"},"geometry":{"type":"Polygon","coordinates":[[[97.17589759400005,19.992734554000037],[97.19006151600007,19.991826829000047],[97.20959412300004,19.986120990000074],[97.21540561700004,19.965516609000076],[97.21978151900004,19.946352207000075],[97.22139173700003,19.92940682400007],[97.22220774300007,19.91351893800004],[97.22463808200007,19.904969952000044],[97.23495336400003,19.90106187300006],[97.24308207000007,19.89893886400006],[97.25059302900007,19.895963533000042],[97.26049211800006,19.89227859300007],[97.26605774900008,19.890851844000053],[97.28010338100006,19.894563644000073],[97.28859113100003,19.89472777000003],[97.29504976200008,19.896654065000064],[97.30733286200007,19.896571175000076],[97.31816654700003,19.899907905000077],[97.32572338400007,19.89924441100004],[97.33771111800007,19.915590602000066],[97.33845317200007,19.933401023000044],[97.34727271100007,19.937280332000057],[97.35099189500005,19.944745958000055],[97.38025293300007,19.95579169900003],[97.39441084000003,19.930826273000037],[97.39895794100005,19.92296802800007],[97.40288349600007,19.916723224000066],[97.41848917200008,19.909303531000035],[97.42832341200005,19.904359628000066],[97.43592235200003,19.898095968000064],[97.44366230400004,19.88511462200006],[97.44803427900007,19.881379828000036],[97.45869255300005,19.881189429000074],[97.47460358600006,19.885763129000054],[97.48378179300005,19.888097438000045],[97.49648468300006,19.898778694000043],[97.50655937600004,19.898729359000072],[97.51865935100005,19.895505786000058],[97.52918426100007,19.88719345000004],[97.53724085600004,19.880613268000047],[97.53773280200005,19.877099818000033],[97.52784161000005,19.865388738000036],[97.53491013000007,19.853288489000022],[97.54386336700009,19.84360659500004],[97.54622823700004,19.83670627600003],[97.54938309600004,19.833662079000078],[97.55628577900006,19.834112123000068],[97.56941780200003,19.832536482000023],[97.58169752900005,19.83481792500004],[97.58950242600008,19.83374961000004],[97.58917405200003,19.826761271000066],[97.58298310100008,19.817666846000066],[97.57801232000008,19.803022373000033],[97.57176405200005,19.784738232000052],[97.56777389600006,19.772637969000073],[97.56075472700007,19.754663291000043],[97.56158617800008,19.73692869300004],[97.56688114100007,19.72643479900006],[97.57286233300005,19.725305546000072],[97.57640244200007,19.719781647000048],[97.59110415100008,19.717851624000048],[97.59290880700007,19.71495228400005],[97.59178705000005,19.71068757200004],[97.59404175800006,19.70950518500007],[97.59723834900007,19.706807754000067],[97.60505115600006,19.700296335000075],[97.60814094800008,19.685807940000075],[97.61718546400004,19.68005173100005],[97.62627991300008,19.675199460000044],[97.64431512300007,19.674913106000076],[97.65663692800007,19.67392157200004],[97.66849689400004,19.668252865000056],[97.68069628200004,19.662377975000027],[97.69323166500004,19.67039286800002],[97.70342836700007,19.660932333000062],[97.71425419200006,19.658197440000038],[97.72054098000007,19.65712549400007],[97.73736391500006,19.657529811000074],[97.74674006100008,19.662446621000072],[97.74461172400004,19.673268975000042],[97.76168592200008,19.668448889000047],[97.78353301000004,19.65455428200005],[97.79783445700008,19.64695137700005],[97.80267903400005,19.650956762000078],[97.81006022400004,19.651952636000033],[97.83073605700008,19.65550420200003],[97.84172598600009,19.645948461000046],[97.85662624100007,19.638787971000056],[97.85499009500006,19.628606526000056],[97.85453195100007,19.617730833000053],[97.84860219300003,19.60904299400005],[97.85832380100004,19.595884039000055],[97.85975436900009,19.582586167000045],[97.86109626700005,19.55818159000006],[97.86371900300009,19.530953517000057],[97.87158383700006,19.515649558000064],[97.88676772700006,19.50231784600004],[97.87359547400007,19.493597800000032],[97.85463228500004,19.466521659000023],[97.84305508800009,19.456423874000052],[97.83021702400004,19.441614319000053],[97.81558106200004,19.416450179000037],[97.80167464500005,19.402469575000055],[97.78952146200004,19.393584651000026],[97.80414361900006,19.377816421000034],[97.80212133600008,19.358519966000074],[97.81204605300007,19.335674265000023],[97.82390504500006,19.323814769000023],[97.82993433300004,19.302840883000044],[97.84379483300006,19.291809071000046],[97.80997500800004,19.281440977000045],[97.79229621700006,19.283771899000044],[97.79043366600007,19.262499369000068],[97.81280610500005,19.245287611000037],[97.82895923600006,19.234270182000046],[97.84088445800006,19.222918830000026],[97.84478668300005,19.199679693000064],[97.83970256900005,19.169618421000052],[97.84210809400008,19.154076926000073],[97.83638812700008,19.14341470900007],[97.83837681200004,19.128891285000066],[97.83874809700006,19.101389960000063],[97.81339691300008,19.089704577000077],[97.79588478700003,19.076785150000035],[97.76573245800006,19.066533013000026],[97.76862142300007,19.043076866000035],[97.73843603900008,19.040864600000077],[97.74038796700006,19.026459269000043],[97.73810130600003,18.99075420300005],[97.72871999800003,18.974103292000052],[97.71639968900007,18.96885568700003],[97.70830699500004,18.95881809900004],[97.68970092400008,18.948216399000046],[97.66941640400006,18.94474273700007],[97.67128175700003,18.929961135000042],[97.69178710600005,18.913551126000073],[97.70905293700008,18.898481669000034],[97.72284355100004,18.886398046000068],[97.74187998200006,18.881593680000037],[97.74555881400005,18.849791520000053],[97.74286860200004,18.82169536400005],[97.74948923500006,18.798058016000027],[97.75715422500008,18.765263204000064],[97.75842210500008,18.745074007000028],[97.75515766500007,18.73164775300006],[97.76728834900007,18.70439769500007],[97.77206448100009,18.681806823000045],[97.76916525600006,18.661755664000054],[97.76898383000008,18.63117260100006],[97.77061831800006,18.603706301000045],[97.76891250700004,18.57845463500007],[97.74811077500004,18.577572124000028],[97.72411467500007,18.58266720200004],[97.70635590200004,18.57200953000006],[97.67643532100004,18.577094937000027],[97.64519150300004,18.568575794000026],[97.62191393000006,18.563720991000025],[97.61710877700006,18.548390984000036],[97.59450633000006,18.536193307000076],[97.57188634500005,18.534019621000027],[97.55371569200008,18.528151430000037],[97.54245106200005,18.509132763000025],[97.53446066100008,18.491449353000064],[97.51597045100004,18.49608205900006],[97.48717948900008,18.507497562000026],[97.47030028600005,18.49910319600008],[97.45050062500007,18.49161147700005],[97.44224069800003,18.50156615900005],[97.42948983500008,18.53077993100004],[97.41017102600006,18.553431268000054],[97.39414370400004,18.56149160600006],[97.36998930000004,18.559494048000033],[97.36460286500005,18.573680741000032],[97.35944255700008,18.59892932100007],[97.35085269300004,18.606636351000077],[97.33907544600004,18.631627098000024],[97.33381441200004,18.64199612500005],[97.32959619600007,18.647425843000065],[97.32270219900005,18.658341343000075],[97.30878238200006,18.68352677100006],[97.29898261000005,18.68687595600005],[97.27845673000007,18.68585450000006],[97.26908678200004,18.68597987000004],[97.24838071700003,18.68204272500003],[97.23676958000004,18.682946095000034],[97.23048603000007,18.678186195000023],[97.21921332900007,18.679193514000076],[97.21389187300008,18.679727308000054],[97.20421580800007,18.681533126000033],[97.19564191200004,18.68084541500002],[97.18065573800004,18.679580299000065],[97.16855411700004,18.683957775000067],[97.16260523400007,18.688439750000043],[97.14126794700007,18.689759305000052],[97.13125908400008,18.69684181100007],[97.11413180700004,18.690701844000046],[97.10039766700004,18.68827817300007],[97.09257908300003,18.714534615000048],[97.07254339900004,18.749004607000074],[97.05853996300004,18.78519810000006],[97.04400454900008,18.803163622000056],[97.03813324700008,18.814641220000055],[97.02757681300005,18.85600521500004],[97.00457947300004,18.87450959800003],[96.99831573200004,18.877721532000066],[97.00980298800005,18.901763215000074],[97.00048958000008,18.91980508300003],[96.97148261600006,18.937974207000025],[96.96182450300006,18.970166810000023],[96.94265444800004,18.99773992400003],[96.94230288700004,19.035357170000054],[96.93667787600003,19.061724397000035],[96.93970657700004,19.07907687900007],[96.92683411200005,19.11129478600003],[96.91171690100003,19.141880771000046],[96.89133611300008,19.151353950000043],[96.88429070500007,19.152856628000052],[96.86879540800004,19.161367189000032],[96.84931141100009,19.175057700000025],[96.84957508300005,19.20353430700004],[96.84140124100009,19.218299955000077],[96.83977653400007,19.24159281900006],[96.82215316500003,19.250467972000024],[96.83082988700005,19.271289929000034],[96.82531723400007,19.278153560000078],[96.82162582200004,19.302411412000026],[96.83190904000008,19.32930598300004],[96.83603857600008,19.326654180000048],[96.84172229700005,19.31950157600005],[96.85416190800004,19.309640585000068],[96.85926234500005,19.300504555000032],[96.86494623900006,19.29937913300006],[96.86657108900005,19.300584488000027],[96.87104952600004,19.319283786000028],[96.87957544200003,19.33121690200005],[96.88066714800004,19.34759112200004],[96.87476715100007,19.355228363000037],[96.88089922000006,19.36146339100003],[96.88254911300004,19.364576293000027],[96.88867654100005,19.369549697000025],[96.89560105000004,19.37836658200007],[96.90075865900008,19.38021628100006],[96.90250768200008,19.382289978000074],[96.91366743200007,19.391529066000032],[96.92043687900008,19.40053457600004],[96.92704754500005,19.40185524000003],[96.95970112800006,19.41682329400004],[96.96175650000004,19.43509328400006],[96.94595527300004,19.454530816000045],[96.93779954000007,19.459600179000063],[96.93064314400004,19.456292751000035],[96.92363539500008,19.45213490900005],[96.91813825900005,19.455018962000054],[96.90707205800004,19.462190468000074],[96.90843044100006,19.473311715000023],[96.87929724900005,19.503988270000036],[96.87312107100007,19.51045396300003],[96.87607731500003,19.522394244000054],[96.89446821900003,19.532197733000032],[96.90738728200006,19.530542277000052],[96.90788426000006,19.53210629600005],[96.90548880900008,19.540016008000066],[96.90278403300005,19.54811644700004],[96.89837806600008,19.55595981400006],[96.90102555400006,19.55861823600003],[96.90773173800005,19.56231882000003],[96.91141702300007,19.573339512000075],[96.91199103900004,19.576984242000037],[96.91877904400008,19.578695038000035],[96.92485233500008,19.57222936100004],[96.93301928500006,19.57661984300006],[96.94632126000005,19.588274100000035],[96.94992637100006,19.600509561000024],[96.95566761200007,19.61673522600006],[96.96873668600006,19.63213148600005],[96.97999667300007,19.638062494000053],[97.01104688500004,19.651139616000023],[97.01287388500003,19.678544601000056],[97.04971836300007,19.692247095000027],[97.09398449100007,19.71450225500007],[97.11609932600004,19.75071106400003],[97.13887589500007,19.76728608700006],[97.15388645400009,19.76347895500004],[97.15452369200005,19.77019284100004],[97.14942359200006,19.78420838200003],[97.14654930900008,19.82592252300003],[97.15756044700004,19.836088118000077],[97.15385730600008,19.851196009000034],[97.14774122200004,19.87615759600004],[97.15080452700005,19.923722945000065],[97.15492305500004,19.94848370400007],[97.14981192100004,19.97584721100003],[97.14711164700003,19.992448626000055],[97.17457385200004,19.994417241000065],[97.17589759400005,19.992734554000037]]]}},{"type":"Feature","properties":{"id":"kayin","name":"Kayin","nameMy":"ကရင်","stSource":"Kayin"},"geometry":{"type":"MultiPolygon","coordinates":[[[[97.71313648300008,16.56484082000003],[97.70010119500006,16.56484082000003],[97.69351347200006,16.566522793000047],[97.69827905800008,16.570167067000057],[97.70108234700007,16.57170887500007],[97.71103401600004,16.57170887500007],[97.71706108400008,16.566943287000072],[97.71313648300008,16.56484082000003]]],[[[96.68538469900005,19.469556494000074],[96.68530725200009,19.449013197000056],[96.73311039900005,19.44448279900007],[96.74937961500007,19.437938963000022],[96.76613039100005,19.430868176000047],[96.76954825500007,19.420198241000037],[96.78238473700009,19.407567951000033],[96.80117582200006,19.404325353000047],[96.80321313900004,19.397218761000033],[96.81477034100004,19.378612700000076],[96.81870081200003,19.366803838000067],[96.83270005700007,19.34908140600004],[96.83190904000008,19.32930598300004],[96.82162582200004,19.302411412000026],[96.82531723400007,19.278153560000078],[96.83082988700005,19.271289929000034],[96.82215316500003,19.250467972000024],[96.83977653400007,19.24159281900006],[96.84140124100009,19.218299955000077],[96.84957508300005,19.20353430700004],[96.84931141100009,19.175057700000025],[96.86879540800004,19.161367189000032],[96.88429070500007,19.152856628000052],[96.89133611300008,19.151353950000043],[96.91171690100003,19.141880771000046],[96.92683411200005,19.11129478600003],[96.93970657700004,19.07907687900007],[96.93667787600003,19.061724397000035],[96.94230288700004,19.035357170000054],[96.94265444800004,18.99773992400003],[96.96182450300006,18.970166810000023],[96.97148261600006,18.937974207000025],[97.00048958000008,18.91980508300003],[97.00980298800005,18.901763215000074],[96.99831573200004,18.877721532000066],[97.00457947300004,18.87450959800003],[97.02757681300005,18.85600521500004],[97.03813324700008,18.814641220000055],[97.04400454900008,18.803163622000056],[97.05853996300004,18.78519810000006],[97.07254339900004,18.749004607000074],[97.09257908300003,18.714534615000048],[97.10039766700004,18.68827817300007],[97.11413180700004,18.690701844000046],[97.13125908400008,18.69684181100007],[97.14126794700007,18.689759305000052],[97.16260523400007,18.688439750000043],[97.16855411700004,18.683957775000067],[97.18065573800004,18.679580299000065],[97.19564191200004,18.68084541500002],[97.20421580800007,18.681533126000033],[97.21389187300008,18.679727308000054],[97.21921332900007,18.679193514000076],[97.23048603000007,18.678186195000023],[97.23676958000004,18.682946095000034],[97.24838071700003,18.68204272500003],[97.26908678200004,18.68597987000004],[97.27845673000007,18.68585450000006],[97.29898261000005,18.68687595600005],[97.30878238200006,18.68352677100006],[97.32270219900005,18.658341343000075],[97.32959619600007,18.647425843000065],[97.33381441200004,18.64199612500005],[97.33907544600004,18.631627098000024],[97.35085269300004,18.606636351000077],[97.35944255700008,18.59892932100007],[97.34474919900003,18.578238062000025],[97.35022312500007,18.540051429000073],[97.37663913400007,18.519499239000027],[97.39799614700007,18.459928623000053],[97.42003515800008,18.422150544000033],[97.43713981500008,18.40302331600003],[97.45330393900008,18.38329085600003],[97.44521428500008,18.348350717000073],[97.45131995800006,18.328408197000044],[97.49973623700004,18.269481290000044],[97.52138440000004,18.273036685000022],[97.54833695700006,18.32633461100005],[97.57291913200004,18.339146441000025],[97.60836112300007,18.323235542000077],[97.64057299200005,18.287577358000078],[97.60959459100008,18.240413585000056],[97.64327481600009,18.193356055000038],[97.67421252400004,18.162200061000078],[97.68505637600003,18.102545031000034],[97.68051416200007,18.072399606000033],[97.69373367600008,18.06560255100004],[97.71636294200005,18.03395794100004],[97.72986397900007,18.001069361000077],[97.73168140300004,17.95307821700004],[97.68981357500007,17.927492640000025],[97.67405748100003,17.88603527600003],[97.69313863300005,17.834309992000044],[97.71139930000004,17.81908548900003],[97.71940836900006,17.810840273000053],[97.74271257100008,17.782559795000054],[97.76017497300006,17.769574095000053],[97.77313901000008,17.749565871000073],[97.76539222900004,17.73072677600004],[97.78656331500008,17.697831402000077],[97.80493060000003,17.672479114000055],[97.82350895800005,17.654007517000025],[97.85336773700004,17.625092196000026],[97.88627831000008,17.59987869400004],[97.90718990400006,17.57487397400007],[97.92036307500007,17.556372485000054],[97.92866458900005,17.539413141000068],[97.94460186700007,17.53142206700005],[97.96691394500004,17.520068973000036],[97.97160698900007,17.509001428000033],[97.99277844200009,17.509188838000057],[98.04444990800005,17.447385394000037],[98.05720949400006,17.437155998000037],[98.05162156000006,17.425936937000074],[98.06765464300008,17.40937400100006],[98.07957453800003,17.390976773000034],[98.09461462900003,17.390553229000034],[98.10977984300007,17.383394829000054],[98.11866028100007,17.373127303000047],[98.10641043100009,17.355410978000066],[98.10787079800008,17.32994717200006],[98.12170176300003,17.322975093000025],[98.13683536800005,17.300584067000045],[98.14597989200007,17.292559547000053],[98.16274504300009,17.27716358400005],[98.16892179200005,17.264521520000073],[98.18386106700007,17.259147092000035],[98.20488985500003,17.248772994000035],[98.21848474300003,17.22690096300005],[98.23699327800006,17.22931686800007],[98.23025792700008,17.21570966300004],[98.24435354400003,17.21202300500005],[98.24653687900008,17.19780257800005],[98.24975850000004,17.184577619000038],[98.25968950100008,17.181011727000055],[98.27310925900008,17.176427449000073],[98.27045291600007,17.164892328000064],[98.27718449100007,17.152990798000076],[98.29677315800006,17.14956701400007],[98.28484999600005,17.14352340800002],[98.28101468100004,17.117668800000047],[98.29347823100005,17.120767562000026],[98.29990818500005,17.12436720900007],[98.31068063300006,17.113514775000056],[98.31660396000007,17.100842857000032],[98.30682066500003,17.099799954000048],[98.30335305100004,17.090825341000027],[98.31208280100009,17.082129904000055],[98.33558365300007,17.057401079000044],[98.36145586200007,17.051678507000076],[98.38409191400007,17.06029595700005],[98.39456372200004,17.051213649000033],[98.41126726500005,17.056366108000077],[98.42107138000006,17.047154543000033],[98.43157973500007,17.040792021000073],[98.43174233300005,17.025622041000076],[98.44791579700006,17.02523444900004],[98.45445404000009,17.015339362000077],[98.46228681200006,16.991199978000054],[98.47264766700005,16.987817851000045],[98.46841881200004,16.973193950000052],[98.48586697500008,16.970363015000032],[98.49524221700005,16.955992611000056],[98.50560725200006,16.944198542000038],[98.48364027600007,16.938908199000025],[98.48989306700008,16.92616270800005],[98.50237038700004,16.928887589000055],[98.50564918900005,16.911796897000045],[98.52110510700004,16.917100250000033],[98.51530608600007,16.900000456000043],[98.53738705300003,16.896501209000064],[98.52889419000007,16.88048761400006],[98.53330077900006,16.865704872000038],[98.51556909900006,16.87884931800005],[98.51672165300005,16.857823133000068],[98.51005352600004,16.86351505500005],[98.49554445000007,16.840923691000057],[98.51071402000008,16.836596279000048],[98.53495411900008,16.83064674800005],[98.54800464400006,16.816953649000027],[98.52873698300004,16.80880077100005],[98.52024447800005,16.797041139000044],[98.52336661700008,16.791481442000077],[98.50919239500007,16.796353708000026],[98.49871595300004,16.786984071000063],[98.48935984600007,16.790231720000065],[98.48810258500004,16.773544350000066],[98.47905570100005,16.74892618800004],[98.47112115800007,16.750274540000078],[98.46858467700008,16.738605971000027],[98.46916467200003,16.726940435000074],[98.47547832600009,16.71747103900003],[98.47151870400006,16.711904953000044],[98.48922433200005,16.71137948300003],[98.49446244400008,16.713690563000057],[98.49956812000005,16.70677683400004],[98.49844812600008,16.693617690000053],[98.51019634500005,16.70041062300004],[98.51232614600008,16.694579403000034],[98.51886041400007,16.673693313000058],[98.51194455600006,16.64782339800007],[98.52128840400007,16.649594380000053],[98.53248487900004,16.63942757800004],[98.54721593300007,16.638215329000047],[98.55922209600004,16.635996844000033],[98.57069194000007,16.63288361700006],[98.57169226500008,16.617555581000033],[98.57495448900005,16.606975946000034],[98.58090394500005,16.600195537000047],[98.58600652400008,16.58920732400003],[98.58063522900005,16.574130127000046],[98.58347115100008,16.56450040900006],[98.57271224900006,16.569649425000023],[98.57752975500006,16.560020845000054],[98.58757959500008,16.556770163000067],[98.59041648800007,16.545104527000035],[98.59768200400003,16.540391413000066],[98.61000453300005,16.521674610000048],[98.62954183800008,16.49084799700006],[98.64298477700004,16.477557242000046],[98.65218991900008,16.46939965300004],[98.65799369100006,16.45434203900004],[98.65191147500008,16.44891464600005],[98.63879701800005,16.429647285000044],[98.63837749200007,16.411198541000033],[98.65308676600006,16.40034861600003],[98.64941187900007,16.392742455000075],[98.65747435200007,16.376191694000056],[98.66440374700005,16.365204461000076],[98.65408530700006,16.352496606000045],[98.66613368500003,16.34721560400004],[98.66914995500008,16.32462806500007],[98.66821230200009,16.317314366000062],[98.67050906500003,16.310702628000058],[98.67007913100008,16.303815575000044],[98.66907581100008,16.292391327000075],[98.66950716100007,16.283301288000075],[98.67725548700008,16.278343798000037],[98.67496026000003,16.272559176000073],[98.68328168400006,16.280823191000025],[98.69906586000008,16.271319669000036],[98.70435431100003,16.27850187100006],[98.70737226600005,16.28824036700007],[98.71710792900006,16.29613514500005],[98.71985184800008,16.308635667000033],[98.72684543200006,16.315082362000055],[98.72826664900003,16.33088094900006],[98.73649645400008,16.33838091100006],[98.74527460300004,16.345484819000035],[98.76707814500008,16.343898575000026],[98.77818747800006,16.34494655900005],[98.78217141200008,16.358893995000074],[98.79282097100008,16.371268920000034],[98.80887570700008,16.38428907200006],[98.81683639300007,16.39270618100005],[98.82603933400009,16.41020201400005],[98.84251407100004,16.422555672000044],[98.86383975100006,16.422598682000057],[98.89126432900008,16.410204399000065],[98.91305906500008,16.393996818000062],[98.91592960100007,16.384386809000034],[98.91906583300005,16.368319557000063],[98.91108222300005,16.34411388600006],[98.90420098400006,16.32303047100004],[98.90829711400005,16.307103495000035],[98.91212522800004,16.296439785000075],[98.90839556700007,16.27268781300006],[98.911393,16.25531359100006],[98.89426590600004,16.245902664000027],[98.86957665700004,16.23157957500007],[98.85404997000006,16.21114794500005],[98.85752457600006,16.200307467000073],[98.86113135300008,16.182089717000053],[98.85414410100003,16.157589630000075],[98.85259336100006,16.135546993000048],[98.83615119900008,16.126862318000065],[98.82178237400007,16.113023508000026],[98.80436799400007,16.103668147000064],[98.78251432400003,16.124283321000064],[98.75120989200008,16.12014763600007],[98.71472142700009,16.131527911000035],[98.68142987800007,16.127115837000076],[98.66150472600003,16.123101629000075],[98.67455065700005,16.09436737300007],[98.66243666600008,16.07991596000005],[98.63398027900007,16.062903211000048],[98.63064407100006,16.044838543000026],[98.60780900900005,16.046304579000036],[98.58998480300005,16.05472672600007],[98.56854187000005,16.057123949000072],[98.56597330700004,16.030052081000065],[98.60607133500008,15.986429464000025],[98.60105207300006,15.961098549000042],[98.59175118200005,15.934900607000031],[98.58835941700005,15.901082105000057],[98.59978066400004,15.873524145000033],[98.60743588900004,15.86777272300003],[98.55163787600009,15.700943477000067],[98.55777654000008,15.612949269000069],[98.58628921200005,15.470097373000044],[98.55680445800004,15.335108868000077],[98.54833461600003,15.34540561600005],[98.54623352200008,15.363033393000023],[98.52957149800005,15.371718772000065],[98.51361066600003,15.373846748000062],[98.49613273200004,15.387868926000067],[98.48072748400006,15.383706046000043],[98.46339401200004,15.370175224000036],[98.43967457100007,15.36332632400007],[98.42399450500005,15.363842954000063],[98.41114789600005,15.353079439000055],[98.41048521200008,15.32979752600005],[98.40147877500004,15.321624517000032],[98.39497935400004,15.30713144300006],[98.41151328800004,15.287618548000069],[98.41067829800005,15.26258838700005],[98.39888870500005,15.256651418000047],[98.38918174400004,15.270517606000055],[98.37419889100005,15.28345164500007],[98.36045158100006,15.28981032200005],[98.34384698700006,15.29533672100007],[98.32657239800005,15.299843187000022],[98.30957165200005,15.309994863000043],[98.29760893400004,15.312465771000063],[98.29831617700006,15.29359127600003],[98.29959644000007,15.275919936000037],[98.27914517500005,15.268208174000051],[98.27390972400008,15.248026701000072],[98.25906233200004,15.239485928000022],[98.23627583700005,15.237296521000076],[98.23103568200008,15.221462988000042],[98.21278116800005,15.236691889000042],[98.20252237000005,15.235559574000035],[98.20188324800006,15.268854249000071],[98.18047500400007,15.311738999000056],[98.14307065300005,15.329181127000027],[98.13344082200007,15.341475046000028],[98.11948255800007,15.367382536000036],[98.10123006500004,15.398271369000042],[98.08087151600006,15.429394211000044],[98.06733421900003,15.45658841200003],[98.05744479600008,15.476627990000054],[98.04717460500007,15.498192070000073],[98.02187539800008,15.524713381000026],[98.00692551700007,15.545227340000054],[97.98455964400006,15.581075418000069],[97.96774728800006,15.591607962000069],[97.94818993000007,15.608877061000044],[97.94772381400008,15.645558149000067],[97.92672887000003,15.637954101000048],[97.92183223100005,15.638060389000032],[97.91049151200008,15.665015177000043],[97.89734833300008,15.675497085000075],[97.88276102500004,15.671067960000073],[97.87762498200004,15.67095910100005],[97.86692791400009,15.678071330000023],[97.86443906700003,15.69852488400005],[97.87117844800008,15.712939672000061],[97.87922826700009,15.732970612000031],[97.87737432700004,15.750791394000032],[97.86731536800005,15.786313963000055],[97.85924513500004,15.801624841000034],[97.86187160000009,15.819200429000034],[97.85065239700003,15.834817691000069],[97.85011419900007,15.847049195000068],[97.84039123300005,15.855745107000075],[97.83790394500005,15.895009909000066],[97.84369365600008,15.922809017000077],[97.84470314500004,15.940748301000042],[97.83464989900006,15.970098310000026],[97.84281338200003,15.984721515000047],[97.84428050200006,16.011716539000076],[97.86687416400008,16.02726801700004],[97.84956213900006,16.06042494600007],[97.84516939400004,16.08165881700006],[97.83201030000004,16.09630400700007],[97.82198026900005,16.106492540000033],[97.82374081100005,16.12996647400007],[97.85313227200004,16.14029118700006],[97.88636186900004,16.137678094000023],[97.89979032200006,16.137522497000077],[97.90838012200004,16.132291588000044],[97.93670911400005,16.14405083200006],[97.94935415100008,16.153627063000044],[97.95931777100009,16.157251038000027],[97.97305227900006,16.150505831000032],[97.99004942500005,16.153109993000044],[98.03031931300006,16.147452240000064],[98.04466405000005,16.12595908700007],[98.07085351500007,16.121003659000053],[98.07696586100008,16.136421804000065],[98.09426665400008,16.146245656000076],[98.10038869900006,16.14845179300005],[98.11453433600008,16.152269441000044],[98.11540768400005,16.154252910000025],[98.12610667000007,16.191432333000023],[98.11570190800006,16.20379287700007],[98.09868828900005,16.22157007100003],[98.08549760900007,16.239018084000065],[98.07920152600008,16.252773939000065],[98.07825785300008,16.275400169000022],[98.05569476300008,16.29467932700004],[98.04666786800004,16.310880565000048],[98.00689714300006,16.334043223000037],[97.99276900700005,16.362695392000035],[97.98537329500004,16.400892447000047],[97.98777054000004,16.416174872000056],[97.97578432200004,16.427262123000048],[97.94402085100006,16.421269016000053],[97.91029120000007,16.438729198000033],[97.89251539800006,16.464643099000057],[97.85665636000004,16.480331428000056],[97.85466419000005,16.493529548000026],[97.84843866200004,16.50822179200003],[97.85391712500007,16.52291403600003],[97.85391712500007,16.53785530500005],[97.84484644600008,16.544843575000073],[97.81196010500008,16.526540755000042],[97.77751704600007,16.52840599900003],[97.74978821000008,16.55955701700003],[97.74097920300005,16.564372321000064],[97.70984509900006,16.57341791600004],[97.70420553300005,16.598413037000057],[97.65459244000004,16.59319711200004],[97.65022760700003,16.618546104000075],[97.64224902800004,16.636719519000053],[97.61223913100008,16.65338633400006],[97.58093817200006,16.701288127000055],[97.56453885200006,16.720266022000033],[97.55625972100006,16.749006594000036],[97.55158427500004,16.772210862000065],[97.55278402500005,16.790076017000047],[97.52674584400006,16.794753098000058],[97.50345882400006,16.814998203000073],[97.51190361700009,16.825196919000064],[97.50047849700007,16.84433640800006],[97.48800510200005,16.855454159000033],[97.48707356500006,16.87510870600005],[97.47898095300008,16.875776723000058],[97.47249410500007,16.882726690000027],[97.47625514800006,16.91200447400007],[97.46710405500005,16.920162317000063],[97.47455796100007,16.943280791000063],[97.46824687800006,16.957382817000052],[97.44962708200006,16.97156517600007],[97.44479923700004,16.988603329000057],[97.44859902800005,16.995416102000036],[97.46085168300004,17.004266794000046],[97.45904681200005,17.011310755000068],[97.44715974600007,17.017005304000065],[97.44794654400005,17.02384747900004],[97.44078579200004,17.030781270000034],[97.45762574200006,17.025521448000063],[97.47142189600004,17.034071053000048],[97.47343995400007,17.044545825000057],[97.47759023800006,17.041884286000027],[97.47656218000009,17.05936125900007],[97.46536752600008,17.071487756000067],[97.47004445400006,17.07927744600005],[97.47820707300008,17.086296357000037],[97.48503516900007,17.099540975000025],[97.49589727200004,17.11363405700007],[97.50072318500008,17.106410664000066],[97.49938505100005,17.12186713500006],[97.50713518800006,17.122964644000035],[97.51364328400007,17.13464170800006],[97.50514217100005,17.14263389100006],[97.50288044500007,17.15743791400007],[97.49568404600006,17.16812970700005],[97.49218865200004,17.179438336000032],[97.49211702000008,17.187513296000077],[97.49547843500005,17.20082192600006],[97.50256499800008,17.207761744000038],[97.50963009400004,17.205091495000033],[97.50839790000003,17.208944466000048],[97.50144377500004,17.214399400000048],[97.49766809900007,17.224380273000065],[97.49943727700008,17.236135556000022],[97.49352948200004,17.239555203000066],[97.49180505700008,17.250419075000025],[97.48933962900009,17.25229083800002],[97.48594201400005,17.25645455800003],[97.48273627600008,17.262994436000042],[97.47902489600006,17.261488040000074],[97.48007897500008,17.276457876000052],[97.49473657800007,17.287839073000043],[97.50008229300005,17.297323405000043],[97.49745708700004,17.310873119000064],[97.49464208800003,17.313974420000022],[97.48701283000008,17.315252161000046],[97.49501679600007,17.324849522000022],[97.49105996900005,17.332925483000054],[97.48454092200006,17.334549409000033],[97.47961612700004,17.342225731000042],[97.47613704800006,17.344255356000076],[97.47186640500007,17.355501160000074],[97.46527048400009,17.36533037600003],[97.46030219700003,17.376573446000066],[97.45481281100007,17.380422450000026],[97.45167699600006,17.382882796000047],[97.44803599600004,17.386625211000023],[97.44877430100007,17.395726867000064],[97.44092352500007,17.408781047000048],[97.43823438200008,17.416593661000036],[97.43678077000004,17.421945695000034],[97.43880258600007,17.42623314700006],[97.43914218100008,17.43212301400007],[97.44116752000008,17.438764390000074],[97.44363595400006,17.442941726000072],[97.44028636600007,17.448186590000034],[97.434671,17.45075005900003],[97.43354592300005,17.452676447000044],[97.42972734000006,17.455560710000043],[97.43040238700007,17.45920355100003],[97.42714490900005,17.466588784000066],[97.42770926800006,17.48018816800004],[97.43164624600007,17.495717932000048],[97.43565802200004,17.515347001000066],[97.43634779300004,17.53649993500005],[97.42837162300003,17.54384681600004],[97.41530633700006,17.55246454400003],[97.40945623900006,17.553834900000027],[97.40352026500005,17.554899195000075],[97.39284328700006,17.57019615400003],[97.38095656800004,17.587209631000064],[97.38116622700005,17.60762284300006],[97.37173937700004,17.624867080000058],[97.36047314200005,17.638432549000072],[97.36921022300004,17.657516173000033],[97.38461507500006,17.68234787800003],[97.40254908400004,17.688555804000032],[97.40464183200004,17.71064975400003],[97.39515774800003,17.715859024000054],[97.39248458600008,17.699762099000054],[97.36852045200004,17.71384735500004],[97.36461175700003,17.675450184000056],[97.34230920700008,17.67774941400006],[97.33576018100007,17.64894259500005],[97.32923672200008,17.62259102200005],[97.32541446300007,17.61123818300007],[97.31676290100006,17.59687997800006],[97.31361546200009,17.583921280000027],[97.29903591700008,17.59642971200003],[97.28342254100005,17.598974258000055],[97.27367555600006,17.606035010000028],[97.26626771800005,17.598745242000064],[97.25133053300004,17.57766107200007],[97.23558319000006,17.562963550000063],[97.22980916300008,17.543804282000053],[97.21912186100008,17.541833590000067],[97.22035769700005,17.548364638000066],[97.21230928000006,17.55427132400007],[97.20372937200005,17.553590808000024],[97.19722790500003,17.557397381000044],[97.19971140500007,17.57021551100007],[97.20384508400008,17.598167043000046],[97.20196275700005,17.605737642000065],[97.20128613800006,17.624347003000025],[97.19065281500008,17.64170247900006],[97.17097250300009,17.66548693900006],[97.16801987700006,17.708988975000068],[97.16427988200007,17.74422365600003],[97.17038197900007,17.756624688000045],[97.19006615700005,17.780836228000055],[97.18477039500004,17.832618204000028],[97.15880840700004,17.83519737100005],[97.16290068500007,17.873918609000043],[97.14594807800006,17.898186744000043],[97.13846784900005,17.92036220500006],[97.11704959900004,17.980987207000055],[97.14027086700008,18.01049187800004],[97.15912107500009,18.04245527000006],[97.16267256400005,18.061851859000058],[97.17387340900007,18.093542057000036],[97.17830449200005,18.117498203000025],[97.18868830300005,18.120706290000044],[97.19053808300004,18.145994805000043],[97.16103341500008,18.17631904700005],[97.14521988100006,18.19215968900005],[97.13235269600005,18.198926891000042],[97.13197144100008,18.20940201800005],[97.12753869300008,18.211233254000035],[97.13699257100006,18.23150370700006],[97.13736241700008,18.252591708000068],[97.13344108300004,18.27603390300004],[97.11786917400008,18.309090060000074],[97.10676370500005,18.329160339000055],[97.08477537400006,18.320899503000078],[97.07581523800008,18.293043130000058],[97.06056285400007,18.294527351000056],[97.04820537200004,18.306358146000036],[97.04520026600005,18.329852607000078],[97.05887974300003,18.346095252000055],[97.03681712900004,18.369212447000052],[97.03341060100007,18.370142757000053],[97.00823964700004,18.36980827900004],[96.99719170900005,18.37624485300006],[96.98656225500008,18.380378532000066],[96.98360962800007,18.397306925000066],[96.96628755000006,18.41167637700005],[96.96253025300007,18.428949068000065],[96.96372860500009,18.44730474000005],[96.96983070300007,18.460886825000046],[96.97475174600004,18.485295206000046],[96.97731069000008,18.500452024000026],[96.97868858300006,18.534111972000062],[96.98044837900005,18.558823682000025],[96.96648439100005,18.557929828000056],[96.97298017000008,18.57682664300006],[96.97282199400007,18.60129704700006],[96.94370913900008,18.623676851000027],[96.94041998700004,18.647134571000038],[96.92305958100008,18.64893892200007],[96.90242857400006,18.640057116000037],[96.87178576400004,18.634256338000057],[96.84833284600006,18.61880856700003],[96.83057595400004,18.612828990000025],[96.81054456400005,18.599187572000062],[96.78726358400007,18.60574713500006],[96.76165945100007,18.617296055000054],[96.74131936400005,18.62873236400003],[96.72274979600007,18.627279127000065],[96.71163372100006,18.619607789000042],[96.70540032500008,18.61139835800003],[96.70150149400007,18.601285761000042],[96.69459354100007,18.59857345300003],[96.68827610000005,18.600149135000038],[96.68609784700004,18.59947384800006],[96.67370872500004,18.617348717000027],[96.66250025900007,18.648015807000036],[96.64958229100006,18.64689979700006],[96.64033698500003,18.667531676000067],[96.62678455700006,18.694512763000034],[96.61084558200008,18.70562563200002],[96.59968744400004,18.71203775500004],[96.59421730500009,18.726487986000052],[96.58444762000005,18.735982584000055],[96.58451634100004,18.743020916000035],[96.58017891400004,18.752828734000047],[96.59656089100008,18.789537431000042],[96.65476502700005,18.79735142100003],[96.62976398500007,18.82625908700004],[96.60476284200007,18.86063584900006],[96.60326375800008,18.895406171000047],[96.61595912600006,18.911833024000032],[96.62775470200006,18.913027704000058],[96.63454011100004,18.89638618200007],[96.64307832600008,18.90558181600005],[96.64119485300006,18.912729032000072],[96.65463500300007,18.916313075000062],[96.66058040300004,18.908314317000077],[96.66747781500004,18.91481972300005],[96.67165919400009,18.92676652600005],[96.65670646700005,18.942443496000067],[96.63581879200007,18.94976411700003],[96.62625840800007,18.938665810000032],[96.61637286400008,18.945825419000073],[96.61132784800009,18.943492045000028],[96.60265375000006,18.94622652700002],[96.59281030700004,18.939011995000044],[96.58444754800007,18.952750817000037],[96.58743424600004,18.964996288000066],[96.57512981400004,18.979777339000066],[96.57339675600008,18.993071271000076],[96.55995660400004,19.023535612000046],[96.55973971700007,19.046365670000057],[96.54727246200008,19.05602531100004],[96.51888014400004,19.084585633000074],[96.51535210400004,19.11684199800004],[96.49401586200008,19.13213016800006],[96.49250208700005,19.146817979000048],[96.50769996000008,19.147813875000054],[96.52829179700007,19.157606126000076],[96.54281788200007,19.16896248300003],[96.54788406100005,19.177751492000027],[96.53098081100006,19.18745610800005],[96.50878684600008,19.19444456100007],[96.49659926900006,19.20686150000006],[96.48027479500007,19.254766064000023],[96.47884950100007,19.269971617000067],[96.46820566500008,19.296114017000036],[96.45203477800004,19.303060670000036],[96.46530013100005,19.33567395500006],[96.45784922000007,19.334931589000064],[96.46105358300008,19.35310714800005],[96.45747754400008,19.363388260000022],[96.45051392700003,19.366048926000076],[96.43795594800008,19.378286458000048],[96.42635733000009,19.38082145100003],[96.41233004700007,19.413676314000043],[96.43155125900006,19.432897526000033],[96.43950063500006,19.444566790000067],[96.42511553900005,19.443395429000077],[96.39753447900006,19.467102424000075],[96.40694614400007,19.479253442000072],[96.42973887700003,19.47940255000003],[96.44330384700004,19.47941368200003],[96.45294008100007,19.477983497000025],[96.46476529800003,19.478143377000038],[96.49368494600009,19.486538118000055],[96.50975970700006,19.48457114400003],[96.52193626100006,19.476117939000062],[96.53355191400004,19.473283581000032],[96.54861628000003,19.472608411000067],[96.55569247300008,19.471731310000052],[96.57062698700008,19.474165089000053],[96.57001292900009,19.46671090800004],[96.58080460000008,19.459386600000073],[96.61217400200007,19.42746873400006],[96.63616727300007,19.47292529200007],[96.65897185800009,19.502836110000032],[96.66714659200005,19.506692804000068],[96.66842082300008,19.501443944000073],[96.67430314200004,19.49084635400004],[96.67873548500006,19.47853628300004],[96.68538469900005,19.469556494000074]]]]}},{"type":"Feature","properties":{"id":"magway","name":"Magway","nameMy":"မကွေး","stSource":"Magway"},"geometry":{"type":"Polygon","coordinates":[[[94.11699038400008,22.762575740000045],[94.11966854700006,22.742268748000072],[94.10449481900008,22.73758222400005],[94.10940422700008,22.727317219000042],[94.11565278700004,22.704109281000058],[94.12954517900005,22.68757056100003],[94.16474492200007,22.692283004000046],[94.19442384900003,22.661711404000073],[94.20399248700005,22.627279361000035],[94.21322655700004,22.610521093000045],[94.22923612700004,22.585393251000028],[94.24811705800005,22.544866332000026],[94.25454481300005,22.507947800000068],[94.27676821300008,22.479842115000054],[94.27944643500007,22.457080416000053],[94.27743876000005,22.427847151000037],[94.26092668900009,22.397051541000053],[94.27074571100007,22.366479566000066],[94.26472130500008,22.342378778000068],[94.25825060000005,22.31493069000004],[94.25244944900004,22.28614366000005],[94.25602045900007,22.253116868000063],[94.26405422000005,22.22723109800006],[94.27074933900008,22.190410732000032],[94.29641183000007,22.151582317000077],[94.31535876400005,22.13670815100005],[94.34140566500008,22.135423780000053],[94.36045518700007,22.116994521000038],[94.37629847700003,22.118333730000074],[94.40240621600003,22.12949192700006],[94.42025790300005,22.12435970200005],[94.43210597500007,22.066804404000038],[94.43541128400005,22.034631648000072],[94.41907277500007,22.026300320000075],[94.40963555900004,21.987819925000053],[94.42520043900004,21.963050053000075],[94.42419692800007,21.93208733800003],[94.41733583000007,21.902463444000034],[94.41281809900005,21.856270364000068],[94.41315246200008,21.834840850000035],[94.42773973300007,21.829156929000078],[94.45248189200004,21.82314849000005],[94.48528566100003,21.797526220000066],[94.50520163400006,21.784137303000023],[94.52450354100006,21.78881632100007],[94.53708063500005,21.788064648000045],[94.54335913800008,21.796857816000056],[94.54536652300004,21.841879293000034],[94.57946576100005,21.835508267000023],[94.59557436200004,21.83300980300004],[94.61068894200008,21.851217177000024],[94.60820563200008,21.856153506000055],[94.61636131700004,21.861211886000035],[94.63521355400007,21.861879247000047],[94.64723757100006,21.86697963100005],[94.65686951800006,21.870248676000074],[94.67870895300007,21.864171830000032],[94.69036656100008,21.86023535000004],[94.69911727700008,21.856721727000036],[94.70543072800007,21.854532260000042],[94.71219829000006,21.854608210000038],[94.72048334400006,21.84972956400003],[94.72925337400005,21.84440789200005],[94.73650523300006,21.844484368000053],[94.74987933600005,21.828326348000076],[94.76711431200005,21.832620553000027],[94.77247248700007,21.841716043000076],[94.78774070000009,21.84638007700005],[94.82297292200008,21.852609679000068],[94.84178344200006,21.856863071000078],[94.85476458600004,21.863767345000042],[94.87272031300006,21.858526207000068],[94.88100512800008,21.852738490000036],[94.91790746400005,21.835526162000065],[94.94989557100007,21.83308580100004],[94.98476982300008,21.82753939400004],[95.01518783400007,21.832330670000033],[95.02827603700007,21.829286661000026],[95.03639388100004,21.839292492000027],[95.04612591600005,21.83395360000003],[95.06279040600003,21.83581444500004],[95.08172261700008,21.852310643000067],[95.10349406600005,21.85346277800005],[95.12035221900004,21.855822425000042],[95.13966702200008,21.841934924000043],[95.16408987000005,21.826131903000032],[95.17202685400008,21.799979767000025],[95.19061428400005,21.774952900000073],[95.19955354800004,21.752872225000033],[95.22379016700006,21.73227154400007],[95.24204825100009,21.715467275000037],[95.24353950600005,21.68079201300003],[95.26919913500006,21.66147460700006],[95.29813545400003,21.653570253000055],[95.31080202900006,21.63071183900007],[95.32486529300007,21.605515298000057],[95.34168778100008,21.57375920800007],[95.33072747000006,21.476308537000023],[95.27506361400003,21.421812100000068],[95.24781748800007,21.40042362300005],[95.18453635600008,21.34504808500003],[95.13766099100008,21.32717506700004],[95.07536163500004,21.298579808000056],[94.99708463400003,21.239268398000036],[94.94570578600008,21.222363491000067],[94.87524801400008,21.20579298100006],[94.83625473300003,21.140017386000068],[94.83173685900005,21.099347329000068],[94.83809807000006,21.021020075000024],[94.83228713900007,20.970767884000054],[94.83643918300004,20.938058520000027],[94.84175299000003,20.92937633300005],[94.84431628000004,20.921842558000037],[94.84586899700008,20.914502982000045],[94.85548966200008,20.90809409600007],[94.87760999500006,20.89261812700005],[94.88739201100003,20.875370110000063],[94.91769965600008,20.869775596000068],[94.94211875600007,20.858425237000063],[94.97136461600007,20.864827510000055],[94.99307946200008,20.86482789100006],[95.02316314600006,20.857202634000032],[95.04092562800008,20.83891840800004],[95.03874367600008,20.808473582000033],[95.04069625100004,20.750511833000076],[95.01079349100007,20.735231374000023],[95.01315856900004,20.725816724000026],[95.01271789400005,20.708357773000046],[95.01383702700008,20.68037941700004],[94.99405100100006,20.656900219000022],[94.99457722900007,20.640157773000055],[94.99848758200005,20.631246289000046],[95.00011629600004,20.62272839900004],[95.01930045800003,20.60907967000003],[95.03635973300004,20.601899958000047],[95.04136080100005,20.595063980000077],[95.03962528000005,20.58416541300005],[95.02914616000004,20.558931339000026],[95.02319151800003,20.553483907000043],[95.02558687200008,20.54476747900003],[95.04292517600004,20.552039817000036],[95.07314778600005,20.586519130000056],[95.07999988200004,20.608476404000044],[95.08605376000008,20.61320306600004],[95.10053825600005,20.614809028000025],[95.11164898100009,20.61915198500003],[95.14331158000005,20.62837533800007],[95.15944092900008,20.642229160000056],[95.17593475800004,20.645852042000058],[95.21933523900003,20.63653113400005],[95.23335066000004,20.657312456000056],[95.25222710400004,20.66649305800007],[95.28283392700007,20.694495534000055],[95.29157228000008,20.708185616000037],[95.30640927300004,20.71439348800004],[95.31808771700008,20.699729440000056],[95.33428377500007,20.700998221000077],[95.33668718500007,20.69223590300004],[95.34433553500008,20.686227889000065],[95.34987346900004,20.689407264000067],[95.36476679200007,20.693792030000054],[95.36911953500004,20.69654647300007],[95.36412790500003,20.700220974000047],[95.37248395400007,20.70759395700003],[95.38837683000008,20.70267863400005],[95.40689121400004,20.704644763000033],[95.41737723800009,20.715294629000027],[95.42966554300006,20.723159146000057],[95.43654699500007,20.73069597400007],[95.43237094900007,20.736108520000073],[95.44146231900004,20.737905114000057],[95.44303329000007,20.757001735000074],[95.44004597700007,20.770425618000047],[95.45848641600008,20.762529292000067],[95.46669430900005,20.756583342000056],[95.48965627600006,20.755342322000047],[95.50862929400006,20.757484485000077],[95.52766264000007,20.760181913000054],[95.54459943400008,20.772020171000065],[95.54921159800006,20.749360860000024],[95.57351155700007,20.74153699200008],[95.58200414300006,20.73337209700003],[95.58942959500007,20.714490959000045],[95.59852402000007,20.69849090500003],[95.58997504200005,20.676389536000045],[95.58642146300008,20.650966234000066],[95.58169851500008,20.627056303000074],[95.57138983200008,20.609346088000052],[95.57257619200004,20.599134254000035],[95.57595618600004,20.586568811000063],[95.60897646400008,20.566694380000058],[95.62439535400006,20.56463812100003],[95.65195238200005,20.56241093700004],[95.67753765000003,20.54424470400005],[95.69133960200008,20.53266708800004],[95.70106304300003,20.527418134000072],[95.70822690900008,20.517312681000078],[95.71187479800005,20.499241494000046],[95.71579916000007,20.488039126000047],[95.72810993300004,20.47592193400004],[95.72073032700007,20.449355345000072],[95.73194732900004,20.431053918000032],[95.74448572600005,20.401593819000027],[95.75028012500007,20.39373195400003],[95.75631947200009,20.369435029000044],[95.74120816800007,20.35113119500005],[95.72779954400005,20.344958973000075],[95.73011579700005,20.32497981000006],[95.74035682500005,20.307287126000062],[95.74120816800007,20.293665668000074],[95.74161408400005,20.276432573000022],[95.74874681400007,20.273885780000057],[95.75819953000007,20.273092172000077],[95.76972809300008,20.248118918000046],[95.77090571000008,20.22784810400003],[95.78526506900005,20.213639604000036],[95.79010936900005,20.204400691000046],[95.78998346700007,20.17641998000005],[95.80102380200003,20.16275020300003],[95.83418171100004,20.135493584000073],[95.82575004200004,20.123716393000052],[95.82113054600006,20.114919610000072],[95.81692693500008,20.106546339000033],[95.80835262600004,20.10328605500007],[95.80352596200004,20.090284179000037],[95.80535692300003,20.07225219000003],[95.79136847700005,20.06042294200006],[95.78139856100006,20.050643253000032],[95.78162939600008,20.040555822000044],[95.79274977600005,20.025954359000025],[95.78980807800008,20.018086157000027],[95.78757664900007,20.004684170000075],[95.76674943600005,19.982541554000022],[95.78169443800005,19.965909724000028],[95.78824802800006,19.953096341000048],[95.79648514600007,19.94058824800004],[95.79164289200008,19.927037995000035],[95.78854935800007,19.91184028500004],[95.79927260200009,19.900979687000074],[95.80492563900003,19.889913513000067],[95.81103294700006,19.874277048000067],[95.80728706000008,19.860826376000034],[95.81307029400006,19.848558178000076],[95.82020767200004,19.833329888000037],[95.81040806400006,19.816270065000026],[95.79476329500005,19.815384513000026],[95.78436833800004,19.791875537000067],[95.77450347900003,19.766736696000066],[95.76355149800008,19.758405752000044],[95.76434871200007,19.745966059000068],[95.77291965500007,19.739522144000034],[95.78029926300007,19.718859243000054],[95.76996781200006,19.695539680000024],[95.76658794300005,19.679441134000058],[95.75412148800007,19.682023679000054],[95.74664825200006,19.659822380000037],[95.72757133700009,19.64773737400003],[95.71820624200006,19.644846044000076],[95.71495662000007,19.62652197700004],[95.72864200800007,19.615544734000025],[95.72703728800008,19.594572087000074],[95.73247940400006,19.58071298400006],[95.72569016500006,19.56595377000008],[95.74281085500007,19.536435337000057],[95.73867827600009,19.504850616000056],[95.76020631700004,19.481744553000055],[95.77888667800005,19.470765827000037],[95.79487326600008,19.459627496000053],[95.81404688100008,19.433217557000035],[95.81300513100007,19.414102355000068],[95.81974568100009,19.396058957000037],[95.82233497300007,19.36870483000007],[95.84966328100006,19.332640424000033],[95.85862338100009,19.306208128000037],[95.85302331800006,19.286719908000066],[95.85772737300005,19.259167598000033],[95.84719925300004,19.240351387000032],[95.84675124900008,19.226911235000046],[95.83798059900005,19.22025443700005],[95.82905505000008,19.207647018000046],[95.82569501200004,19.17875069300004],[95.82642915700006,19.158487226000034],[95.80885120000005,19.15571032300005],[95.79929553700003,19.166967413000066],[95.78072521700005,19.174574005000068],[95.76112706300006,19.171794947000024],[95.74840091900006,19.180489047000037],[95.74027068500004,19.183897088000037],[95.72407724400006,19.190153187000078],[95.71076382300004,19.190549686000054],[95.68940525800008,19.183229296000036],[95.68090247200007,19.171899578000023],[95.67426465900007,19.168706834000034],[95.65198079900006,19.170584675000043],[95.63769332000004,19.162214319000043],[95.63248983400007,19.15767458600004],[95.61301217100004,19.155321193000077],[95.60013778800004,19.162488591000056],[95.58630934100006,19.17054925700006],[95.57156157200006,19.172734907000063],[95.56253616300006,19.171331460000033],[95.55437758000005,19.167466743000034],[95.54572763800007,19.17091293900006],[95.53492512600008,19.178415350000023],[95.51969721500006,19.180593483000052],[95.49969664300005,19.18635747700006],[95.48974002000006,19.182237631000078],[95.48076798400007,19.17225079800005],[95.47414175200004,19.16769952100003],[95.46365527000006,19.172155377000024],[95.45407662700006,19.18339340700004],[95.42842661800006,19.18008243400004],[95.42104859100004,19.166657401000066],[95.41284354200008,19.164182718000063],[95.40914210200003,19.149702699000045],[95.40044800500004,19.142898624000054],[95.39452593700008,19.133448517000033],[95.38415688300006,19.118394564000027],[95.37902776300007,19.110012252000047],[95.37209768500009,19.098672126000054],[95.36075755800005,19.09098603800004],[95.34868402900008,19.094236300000034],[95.33011029600004,19.10044278400005],[95.31635255700007,19.099106131000042],[95.30641329900004,19.092161044000022],[95.30241155600004,19.085230351000064],[95.27271711500003,19.068239567000035],[95.27533862300004,19.042024514000047],[95.28483416200004,19.016819772000076],[95.28470783500006,19.006204383000068],[95.27053989500007,18.995721712000034],[95.25579999100006,18.998334576000047],[95.22261723500009,18.982894998000063],[95.20430941400008,18.963655216000063],[95.19054981300008,18.962655692000055],[95.17218966300004,18.95598815900007],[95.15536833400006,18.94331754700005],[95.15277290200004,18.937543641000048],[95.14523713900007,18.93026083500007],[95.14815919600005,18.898315038000078],[95.15985678300007,18.882493750000037],[95.14595217600004,18.878388821000044],[95.13484353100006,18.866052418000038],[95.12246523500005,18.870927815000073],[95.11488923800005,18.869066088000068],[95.10688191000008,18.862230338000074],[95.08065042800007,18.859427909000033],[95.07036371600003,18.840813857000057],[95.05076997500004,18.838119720000066],[95.02529811600004,18.866775560000065],[95.01941999500008,18.890532970000038],[95.01308630600005,18.899892867000062],[95.00878339300004,18.903471096000033],[94.99635107700004,18.91421285200005],[94.98914880600006,18.923635568000066],[94.97961985700005,18.927625315000057],[94.96771809600006,18.931589186000053],[94.95009396800003,18.938669184000048],[94.93732506400005,18.935400205000064],[94.92594338000004,18.932596024000077],[94.91215299000004,18.93564010500006],[94.90069375200005,18.942766134000067],[94.89296532100008,18.95670095400004],[94.88296709200006,18.959772212000075],[94.87155692400006,18.96193119900005],[94.86677355600006,18.96550177200004],[94.84861911900003,18.97753339800005],[94.82346514600005,18.976857892000055],[94.81543149100008,18.973172815000055],[94.80308698700009,18.973508910000078],[94.78013146700005,18.971846983000034],[94.76313977700005,18.980363908000072],[94.74181927100005,18.976552653000056],[94.73569271800005,18.97242912200005],[94.72631995100005,18.96104992900007],[94.71354337300005,18.966775062000067],[94.69115610100005,18.964773198000046],[94.68866916800005,18.975137380000035],[94.68097853400008,18.984090818000027],[94.67896074900005,18.994909199000062],[94.67209416300005,19.015161457000033],[94.68609435700006,19.037427609000076],[94.67555047300004,19.046354114000053],[94.66687174400005,19.058458398000028],[94.66152753900008,19.069242549000023],[94.65431794800008,19.076848793000067],[94.64750472900005,19.09168050100004],[94.63511076000003,19.09562087100005],[94.62785112800003,19.107736678000038],[94.61919206400006,19.11713209900006],[94.60769451500005,19.125593149000053],[94.60019738800008,19.12791281400007],[94.59175302200003,19.148458254000047],[94.58360066400007,19.155145541000024],[94.56845281900007,19.150018771000077],[94.56044965500007,19.143613784000024],[94.55234720500005,19.14578786100003],[94.53619164100007,19.14606647000005],[94.52477033700006,19.170566977000078],[94.51154104800008,19.18102046300004],[94.50961715800008,19.182821244000024],[94.49561143400007,19.214999155000044],[94.48726724700003,19.243325473000027],[94.48067973100007,19.271432204000064],[94.50746896200008,19.28372889800005],[94.52595305700004,19.287282755000035],[94.53096443200008,19.31578814100004],[94.52099401900006,19.343667888000027],[94.51292602800004,19.355337631000054],[94.51071367200007,19.367486756000062],[94.50684916900008,19.372411473000057],[94.49516834400004,19.393953365000073],[94.48698581400004,19.401540513000043],[94.47406559900008,19.40726638500007],[94.46363675800006,19.428366307000033],[94.45037648300007,19.436799720000067],[94.43449280600004,19.460893041000077],[94.41767872600008,19.491338736000046],[94.39494030000009,19.498884262000047],[94.38245003500003,19.51371645200004],[94.37490383300008,19.524905646000036],[94.36373260500005,19.53833996000003],[94.34973059500004,19.552863453000043],[94.35171660500004,19.584242430000074],[94.34777768400005,19.605261048000045],[94.33771522600006,19.629357983000034],[94.33347840400006,19.65213090900005],[94.33321360200006,19.675698242000067],[94.32368075000005,19.70058958100003],[94.31706071100007,19.726275324000028],[94.30726305700006,19.75010745800006],[94.30382063800005,19.761493921000067],[94.28846214900005,19.80094934300007],[94.28978615900007,19.837227145000043],[94.31392098100008,19.848737732000075],[94.30487984200005,19.874034554000048],[94.30064301900006,19.908723547000022],[94.28706927600007,19.926957926000057],[94.26913164300004,19.931231672000024],[94.24771633100005,19.977020468000035],[94.23709066300006,19.982073557000035],[94.22702820600006,20.027089808000028],[94.20716809500004,20.067339636000042],[94.21143524700005,20.106565389000025],[94.20371809800008,20.111429307000037],[94.17721435000004,20.12176560200004],[94.16763439000005,20.155164428000035],[94.16309929500005,20.17544729900004],[94.15051703700004,20.192645525000046],[94.12926791300004,20.219797184000072],[94.12454588500003,20.26613208400005],[94.12414353700007,20.285062680000067],[94.11259624700006,20.289419101000078],[94.10123087300008,20.305974193000054],[94.08116225400005,20.336077120000027],[94.07683366800006,20.37378493800003],[94.05587578300003,20.36717399400004],[94.04762847900008,20.382664791000025],[94.03908335400007,20.399885262000055],[94.01929631200005,20.415866548000054],[94.01044251000008,20.44065719500003],[93.99804718400009,20.46323439200006],[93.98985016300009,20.478826042000037],[93.98671143100006,20.499788137000053],[93.98229022500004,20.506494342000053],[93.96953382500004,20.524812628000063],[93.94016452700004,20.533407238000052],[93.93987849000007,20.55055418200004],[93.93444259100005,20.56040361600003],[93.92861330100004,20.565282488000037],[93.91093977600008,20.56185725200004],[93.89622304600005,20.55351431400004],[93.88039955800008,20.554178095000054],[93.85048204900005,20.56383783600006],[93.85766475100007,20.577772310000057],[93.85810969300007,20.591340540000033],[93.85258287800008,20.611070419000043],[93.84699970400004,20.62633626400003],[93.85769458400006,20.648153343000047],[93.87789495900006,20.646903646000055],[93.89728043300005,20.645412454000052],[93.90896395200008,20.650285669000027],[93.91890269100008,20.64571069400006],[93.92978838100004,20.643175669000073],[93.93202516700006,20.65555254900005],[93.94350733100003,20.661368193000044],[93.95618245000009,20.657491097000047],[93.95469126100005,20.664201451000054],[93.96378752100009,20.66673647500005],[93.97082169100008,20.66700047200004],[93.98332211300004,20.671955641000068],[93.98511154000005,20.678666],[93.99644459000007,20.684779879000075],[94.00589878300008,20.68280794100008],[94.01577341700005,20.688435565000077],[94.03302195800006,20.68821145800007],[94.04549195700008,20.688390619000074],[94.08537737900008,20.755113318000042],[94.04156026600003,20.80782595900007],[94.06485931000003,20.856565482000065],[94.04518279900003,20.87931853300006],[94.02739238600003,20.90172141000005],[94.01414173000006,20.94418015800005],[94.03304242100006,21.000703241000053],[94.05357917400005,21.018888204000064],[94.06373729600006,21.027267105000078],[94.07163785400007,21.031782172000078],[94.06339398000006,21.04629594100004],[94.05711760000008,21.06763501200004],[94.08523377500006,21.07290752700004],[94.10067221900005,21.093870392000042],[94.11510626500007,21.127511218000052],[94.11623508700006,21.170566155000074],[94.11008422000003,21.19240731700006],[94.09401729900009,21.21663327400006],[94.09712105800008,21.241064962000053],[94.10041783500009,21.26445823100005],[94.08849321900004,21.279269922000026],[94.06272665500006,21.28259459000003],[94.03803452400007,21.279394577000062],[94.00601875100006,21.299559757000054],[94.03410490500005,21.323914853000076],[94.05767595500004,21.330969200000027],[94.04832585500009,21.34516957900007],[94.05836669900003,21.379940040000065],[94.07505983400006,21.425756770000078],[94.08811311600005,21.461280427000077],[94.08118217000003,21.478284667000025],[94.08233865500006,21.490025438000032],[94.09263068700005,21.516762330000063],[94.09263007400006,21.54751582700004],[94.11245905100009,21.570802790000073],[94.11886284800005,21.58379285600006],[94.10354903100006,21.608018811000022],[94.10091274400008,21.62734953200004],[94.09174955300006,21.64228678300003],[94.04216892000005,21.671533114000056],[94.02193259300003,21.701261376000048],[94.01598530900009,21.710199097000043],[94.00615007500005,21.720429928000044],[93.99131662000008,21.84875960200003],[93.98169129900003,21.919429539000078],[94.01750445100004,21.995780753000076],[94.04180342400008,22.155594493000024],[94.01836882600008,22.36647498700006],[94.01925994700008,22.436322318000066],[94.03599561200008,22.445695104000038],[94.03867256300003,22.48318508400007],[94.04893462300004,22.605697001000067],[94.01055112300008,22.727315387000033],[94.05094014000008,22.73289501100004],[94.07801969700006,22.741403348000063],[94.09735371500005,22.758781757000065],[94.10761829800003,22.762798718000056],[94.11877541400008,22.76860093600004],[94.11699038400008,22.762575740000045]]]}},{"type":"Feature","properties":{"id":"mandalay","name":"Mandalay","nameMy":"မန္တလေး","stSource":"Mandalay"},"geometry":{"type":"Polygon","coordinates":[[[96.14022991000007,23.613290662000054],[96.14451185000007,23.568967687000054],[96.15861517600007,23.58609315700005],[96.18455522500005,23.592137442000023],[96.20243623000005,23.592137442000023],[96.21596317100006,23.59793652700006],[96.22208015200005,23.58231548200007],[96.25053865400008,23.575767506000034],[96.26149668600004,23.606304377000072],[96.26942703800006,23.61883302600006],[96.28302667500009,23.627899451000076],[96.31548471600007,23.642068880000068],[96.32483297000005,23.629158677000078],[96.34195843900005,23.63066974900005],[96.36407985900007,23.61629909800007],[96.37233901600007,23.594205559000045],[96.37784377100007,23.57807331600003],[96.38810511300005,23.572255986000073],[96.39235853600007,23.56701841200004],[96.37963288700007,23.559400615000072],[96.37322415200003,23.555051855000045],[96.36081510500009,23.550367314000027],[96.35656551000005,23.543790901000023],[96.34713171700008,23.53771381000007],[96.34252708500009,23.524610344000052],[96.33888787700005,23.51315125900004],[96.32752793500003,23.507654039000045],[96.31660625100005,23.501748916000054],[96.30965989900005,23.496835728000065],[96.31308561300006,23.49134633400007],[96.31707961600006,23.47958551100004],[96.31259721000004,23.474825014000032],[96.30007347200007,23.47041871700003],[96.29489331100007,23.464086466000026],[96.29237932500007,23.457250547000058],[96.29410355600004,23.452722504000064],[96.29670496200004,23.44252934000008],[96.30358704500009,23.429433755000048],[96.28820815700004,23.419786755000075],[96.27374256100006,23.41838438900004],[96.25973672900005,23.406728633000057],[96.24672858200006,23.402410512000074],[96.24407748300007,23.394792445000064],[96.23907268200009,23.38607967400003],[96.23386950100007,23.376283624000052],[96.22780387800003,23.368585284000062],[96.22765934000006,23.356435678000025],[96.23404511700005,23.345537294000053],[96.22460793100004,23.33714890300007],[96.21591373700005,23.33169737000003],[96.20873825400008,23.334787348000077],[96.20490801600005,23.34218005500003],[96.20058633500008,23.345323448000045],[96.19478009100004,23.348058749000074],[96.19032067100005,23.35397895600005],[96.18830292100006,23.35579081000003],[96.17826842500006,23.345207946000073],[96.16617986000006,23.323549265000054],[96.18229794700005,23.315238374000046],[96.19841603500004,23.298364750000076],[96.18431270900004,23.264113810000026],[96.18544971200004,23.245626154000036],[96.18832207600008,23.22920414400005],[96.18039883000006,23.21656600500006],[96.18055509200008,23.202253203000055],[96.17172045300003,23.184530748000043],[96.16375543800007,23.163194645000033],[96.15207653100003,23.15984992400007],[96.15517981000005,23.144147795000038],[96.15304370400008,23.13519446400005],[96.15320757800004,23.12132063100006],[96.17826842500006,23.101170007000064],[96.19705020600009,23.079328279000038],[96.20441220200007,23.067998596000052],[96.19569597500004,23.04965020700007],[96.20204356400006,23.03436829700007],[96.21247081300004,23.024881135000044],[96.23724139700005,23.013620401000026],[96.26612846500007,23.00869154700007],[96.28984633200008,23.003496034000023],[96.30219842500009,23.008493388000034],[96.31473741500008,23.011911315000077],[96.34082379900008,23.005121273000043],[96.35099985800008,23.010389446000033],[96.36128984000004,23.00889369500004],[96.38663282000005,23.014142824000032],[96.41044789500006,23.02404579000006],[96.42535575600004,23.023336192000045],[96.43720805600003,23.023061770000027],[96.45317656700007,23.032449627000062],[96.46348765100004,23.026735040000062],[96.47040931400005,23.022644111000034],[96.47756197700005,23.029228266000075],[96.48211855300008,23.032869332000075],[96.48601716100006,23.041295971000068],[96.50023242900005,23.047079016000055],[96.51517285200003,23.053216989000077],[96.52729003100006,23.038987865000024],[96.54302778000005,23.02326003400003],[96.55080403500006,23.020883490000074],[96.56645175200003,23.015870864000078],[96.57317902100004,23.007352522000076],[96.58204430500007,23.001470377000032],[96.60525709900008,22.993699935000052],[96.62392235000004,22.979600779000066],[96.64161076200008,22.980058539000026],[96.66801614000008,22.98410575500003],[96.68327897500006,22.982770585000026],[96.68885599600009,22.976499656000044],[96.69806830800007,22.969785794000074],[96.70533558600005,22.968446735000043],[96.71212550900003,22.961732704000042],[96.71431164800003,22.949865012000032],[96.71589434800006,22.942136771000037],[96.71141591300005,22.93631166700004],[96.70596493400006,22.933508018000055],[96.69398289400004,22.918050492000077],[96.68466349300007,22.906511051000052],[96.67873181200008,22.898443231000044],[96.67219716700004,22.88881087200008],[96.67026508900005,22.875759053000024],[96.66367124600004,22.867864514000075],[96.66518943600005,22.862489679000078],[96.66386201500006,22.853811130000054],[96.66217207800008,22.845018424000045],[96.65399724000008,22.84131820500005],[96.65028962100007,22.836782163000066],[96.64437275300008,22.832242954000037],[96.64026037900004,22.824067796000065],[96.63214305200006,22.821935414000052],[96.63080783700008,22.826749604000042],[96.63310814800008,22.828206798000053],[96.63007927300004,22.828874701000075],[96.62402509300006,22.827417249000064],[96.62196548700007,22.824281448000022],[96.61857766800006,22.82203859400005],[96.61409574100009,22.81811704200004],[96.60719462000009,22.815984744000048],[96.60234613300008,22.820462966000036],[96.58762548300007,22.82112672100004],[96.57326141900006,22.82163998900006],[96.56684674800005,22.827161653000076],[96.55493118700008,22.825339669000073],[96.54128444800006,22.830396319000045],[96.53450207900005,22.826582065000025],[96.52415657200004,22.814072460000034],[96.51406653400005,22.806000432000076],[96.48667330200004,22.79632343800006],[96.48037878600007,22.792118093000056],[96.46782053200008,22.789015535000033],[96.46124053900007,22.788804898000024],[96.45756232900004,22.784811353000066],[96.44091376800009,22.78598852400006],[96.43180267300005,22.789125223000042],[96.41938835500008,22.79977824100007],[96.39887194800008,22.80196441700008],[96.39114559300003,22.79842356100005],[96.38461832600007,22.798159011000052],[96.37081603700005,22.796330814000044],[96.35719073000007,22.778555018000077],[96.35064860700004,22.77866535900006],[96.34337800900005,22.779893616000038],[96.32851885700006,22.77835447500007],[96.31107669500005,22.781310373000053],[96.29263652100008,22.78472522000004],[96.28401369300008,22.784811353000066],[96.28050044300005,22.789487746000077],[96.26838878900008,22.786233768000045],[96.25264929100007,22.77441020300006],[96.24090364100005,22.76953302000004],[96.24078549900008,22.763933147000046],[96.23709463800009,22.764391991000025],[96.23254932300006,22.76471147700005],[96.22237206500006,22.763586116000056],[96.21619970700004,22.757089437000047],[96.21051181900003,22.750703585000053],[96.20652085900008,22.748457985000073],[96.21670350200009,22.726068610000027],[96.22384065100005,22.71133981400004],[96.22871939300006,22.69584085200006],[96.24173382900005,22.700380239000026],[96.23435289300005,22.693222968000043],[96.23480022300004,22.676671777000024],[96.23480022300004,22.65184499000003],[96.25202240800007,22.62836019300005],[96.258778,22.621523997000054],[96.26499496400004,22.605322724000075],[96.27237590100003,22.602638745000036],[96.27930950700005,22.585416561000045],[96.28557212200008,22.582732583000052],[96.29765001800007,22.573115],[96.29854467500007,22.55432716000007],[96.30041302600006,22.543027583000026],[96.29556476200008,22.544927460000054],[96.28959808800005,22.528829381000037],[96.30091290400009,22.518727931000058],[96.30872897500007,22.51716398600007],[96.31375388000004,22.51786980600008],[96.32180581000006,22.516304155000057],[96.33254171700008,22.498634639000045],[96.33159453300004,22.467904780000026],[96.32941631300008,22.464879765000035],[96.32567023900003,22.460027619000073],[96.32219393700007,22.407959946000062],[96.35667783900004,22.368253595000056],[96.40519501000006,22.365594547000057],[96.43177569200009,22.323570033000067],[96.45354572600007,22.29911602100003],[96.47456520400004,22.248609620000025],[96.48172198900005,22.215692174000026],[96.48098193300007,22.182213913000055],[96.48933208600005,22.150006189000067],[96.50285507600006,22.14627617700006],[96.51194167500006,22.143033738000042],[96.51569185600005,22.146730285000046],[96.52078036500006,22.148076875000072],[96.52575095500003,22.14684836500004],[96.52878384900004,22.14304159200003],[96.53097312800008,22.138397112000064],[96.55134010700004,22.13342855700006],[96.55788988000006,22.129850361000024],[96.55872399600008,22.11451682300003],[96.61069654700003,22.11352334000003],[96.63490472200004,22.11197058500005],[96.64547137000005,22.097642590000078],[96.65463061000008,22.090478889000053],[96.66020568900007,22.092050479000022],[96.67102998900003,22.09160803700007],[96.67836577400004,22.089037028000064],[96.68582315600008,22.089604999000073],[96.69562691700008,22.088376767000057],[96.70373734000003,22.089723496000033],[96.71209508700008,22.08983812400004],[96.72226893500005,22.086820509000063],[96.72844499500007,22.086263554000027],[96.73970994200005,22.07999618200006],[96.74505400200007,22.071659002000047],[96.75386615800005,22.070912743000065],[96.75286499600008,22.050996036000072],[96.75174149000009,22.03610805200003],[96.75525439800003,22.032415428000036],[96.75744047500007,22.024690548000024],[96.75768480100004,22.018754975000036],[96.75406078900005,22.008787102000042],[96.75734496000007,22.002965784000025],[96.76258828600004,21.99633949300005],[96.77108202400007,21.993761179000046],[96.78114883000006,21.98019602000005],[96.79092203200008,21.96553201100005],[96.80114541400008,21.94892314300006],[96.81130791100009,21.936151323000047],[96.81686580800005,21.930146898000032],[96.81239480200009,21.920229015000075],[96.81577885100006,21.917287541000064],[96.82497202900004,21.902994026000044],[96.84289353400004,21.88833414000004],[96.85496681000006,21.87212164300007],[96.85923941300007,21.859735219000072],[96.85043114500007,21.85620666400007],[96.84750179700006,21.852025687000037],[96.84411054600008,21.845041018000074],[96.85888108800003,21.829435051000075],[96.87036676400004,21.82531154700007],[96.87529167200006,21.82049350400007],[96.88096404000004,21.80724877800003],[96.87816013300005,21.797136097000077],[96.88166971800007,21.78970921000007],[96.88746445900006,21.782358006000038],[96.89112673100004,21.77401900800004],[96.89137463200007,21.757711372000074],[96.89598275800006,21.74284524600006],[96.89323977900006,21.735101592000035],[96.88134576300007,21.73463610600004],[96.86704810500004,21.73754662400006],[96.85090066700008,21.74093048800006],[96.84063156800005,21.74733537700007],[96.83587446700005,21.755079153000054],[96.81883045400008,21.766614941000057],[96.80957228100004,21.77274501900007],[96.80730988700003,21.76592428600003],[96.80529563300007,21.750463602000025],[96.80367455900006,21.74224637800006],[96.79829988500006,21.740800728000067],[96.79413008200004,21.74141848900007],[96.78869428400009,21.740510913000037],[96.77646072900006,21.730157732000066],[96.76855626900004,21.718110844000023],[96.75534259100004,21.71617318500006],[96.74614892400007,21.71469689500003],[96.74066363200006,21.704504025000062],[96.73305297600007,21.714704357000073],[96.71793527100004,21.72506523100003],[96.70598784400005,21.72540484600006],[96.70014393400004,21.716398136000066],[96.67577564000004,21.69644743200007],[96.64210346900006,21.667487450000067],[96.63417215400005,21.643052829000055],[96.61643456100006,21.629257162000044],[96.60250668300006,21.621373810000023],[96.58817834400008,21.60841173500006],[96.56343276800004,21.589860815000065],[96.55526609900005,21.592119167000078],[96.53185458500008,21.58929985000003],[96.50785152800006,21.576898706000065],[96.47397033100003,21.56789976500005],[96.46566208600007,21.556283964000045],[96.43993535600003,21.56073166300007],[96.41528120400005,21.554601624000043],[96.40137277700006,21.552659633000076],[96.38760569500005,21.54747564200005],[96.37319001900005,21.54628928900007],[96.36050496500008,21.54882848400007],[96.33285627400005,21.546678032000045],[96.32056796800003,21.53546495200004],[96.32502247900004,21.52732394700007],[96.33643906100008,21.494821235000074],[96.34008970400004,21.487504885000078],[96.32963059400004,21.487386951000076],[96.32978597100004,21.471982680000053],[96.31854047800005,21.47157064700008],[96.31780310000005,21.46542160100006],[96.29599135400008,21.468032866000044],[96.29045946800005,21.454336735000027],[96.29609089600007,21.436624599000027],[96.29395861400008,21.427644804000067],[96.29564101500006,21.400228344000027],[96.29636941400008,21.38651832900007],[96.30571154200004,21.371038252000062],[96.29854667700005,21.365794341000026],[96.30920586100007,21.35616458800007],[96.31347821000008,21.343992263000075],[96.31591972300004,21.32856937100007],[96.32296161700003,21.312425335000057],[96.32225577100007,21.304967697000052],[96.32026845400009,21.29301997300007],[96.32441530100004,21.281549279000046],[96.33111355100004,21.27058230700004],[96.33431428100005,21.255059938000045],[96.33636735500005,21.240681169000027],[96.35592831900004,21.222825971000077],[96.36554916800009,21.214154848000078],[96.35863688700005,21.208375923000062],[96.36739126100008,21.20196351100003],[96.36917283300005,21.18809884500007],[96.37111595800008,21.17152530800007],[96.36516355700007,21.160013242000048],[96.35383004900007,21.164277954000056],[96.34245115500005,21.16526985300004],[96.31950506600003,21.166336914000055],[96.29711304100005,21.172071456000026],[96.27099789400006,21.16731436200007],[96.25123669500005,21.160056225000062],[96.22420241800006,21.140668006000055],[96.22178847200007,21.123201452000046],[96.23058101100008,21.10264017700007],[96.23051632800008,21.090005959000052],[96.21693984500007,21.076837257000022],[96.20360733300004,21.071012256000074],[96.21323970000003,21.061040723000076],[96.20672287100007,21.04384543900005],[96.21422771100004,21.03286518300007],[96.21762650800008,21.020360794000055],[96.21690946900009,21.008584707000068],[96.23106183500005,21.001889925000057],[96.24009876700006,21.003576387000066],[96.24816668700004,20.991479984000023],[96.24575603400007,20.980333046000055],[96.25725355100008,20.97864319200005],[96.26734325600006,20.968961640000032],[96.27844394000005,20.96690161500004],[96.29787990400007,20.967618594000044],[96.30500602900008,20.963331140000037],[96.32778720200008,20.95335544200003],[96.34332826000008,20.943200925000042],[96.37242443400004,20.94524978800007],[96.38149037800008,20.93784884400003],[96.38782295200008,20.933191288000046],[96.39416302800004,20.931043724000062],[96.40785572100003,20.93828641400006],[96.41937441500005,20.940862345000028],[96.42275409300004,20.943643576000056],[96.43145185500003,20.93364122500003],[96.43383990300003,20.918069656000057],[96.45930269800004,20.909387656000035],[96.46806115200008,20.902684974000067],[96.47332569100007,20.90685845200005],[96.48017314700007,20.909173750000036],[96.48414040000006,20.90944488100007],[96.49149480500006,20.914918843000066],[96.49458108400006,20.920118393000052],[96.50748325800004,20.92138192300007],[96.52295107500004,20.886804564000045],[96.53147701700004,20.886422776000074],[96.54338233600004,20.887891600000046],[96.55151939900009,20.891038879000064],[96.55744748400008,20.88303918300005],[96.57554414200007,20.862333069000044],[96.57432334300006,20.847974677000025],[96.57415185600007,20.837937460000035],[96.56574436100004,20.83097994600007],[96.56482123400008,20.820478123000044],[96.56315398500004,20.809045841000056],[96.56397799000007,20.80235456400004],[96.56392456200007,20.782556551000027],[96.54623222000004,20.77848997700005],[96.53508914600008,20.777109136000036],[96.51884238600007,20.780252457000074],[96.50383165900007,20.781991982000022],[96.48417862400004,20.77300457700005],[96.48315233200003,20.76017962000003],[96.47241028300004,20.747277963000045],[96.45840229700008,20.736425095000072],[96.45559488400005,20.726484010000036],[96.46430781200007,20.721078786000078],[96.46002768500006,20.714160826000068],[96.46069138800004,20.703702933000045],[96.45482449600007,20.69683616900005],[96.44340294600005,20.68811600400005],[96.45234462500008,20.658361127000035],[96.46351784500007,20.64607421900007],[96.47091110800005,20.629148531000055],[96.47979141100006,20.613706682000043],[96.49186508000008,20.606256271000063],[96.51485242700005,20.597856487000058],[96.51678662500007,20.579450621000035],[96.52372177300003,20.577398025000036],[96.52782801000006,20.583779913000058],[96.55173793900008,20.58931462000004],[96.54489699600003,20.560079406000057],[96.54642650700004,20.537957823000056],[96.54358852900003,20.512494875000073],[96.52217668800006,20.511037871000042],[96.50074183300006,20.51051125300006],[96.48861871800005,20.499746306000077],[96.49493596800005,20.490442333000033],[96.48954934000005,20.477624843000058],[96.47087643500004,20.46612718500006],[96.46867178400004,20.45757868800007],[96.46685595200006,20.44605804300005],[96.47038439200008,20.43043710300003],[96.46223242100007,20.42208638900007],[96.46676063400008,20.409437186000048],[96.47402353700005,20.381360654000048],[96.47458448200007,20.369646148000072],[96.48112283200004,20.364896806000047],[96.48547544800005,20.36005950400005],[96.49191458100006,20.35614577900003],[96.49446288500008,20.348149918000047],[96.49433690200004,20.33769221700004],[96.50008573500008,20.338194001000033],[96.49580545700007,20.331323534000035],[96.50042524800006,20.31175400500007],[96.51127400900003,20.296914773000026],[96.51592423900007,20.28570728400007],[96.52699822500006,20.27792934200005],[96.52122312200004,20.27026938000006],[96.53204922700007,20.258310162000043],[96.53474978700007,20.245061891000034],[96.54135715100006,20.22837226400003],[96.54519833100005,20.22000278200005],[96.53564653700005,20.210069433000058],[96.52425923900006,20.210458450000033],[96.51878921100007,20.20414521400005],[96.50684909100005,20.195054781000067],[96.48799814700004,20.20290297400004],[96.47979688000004,20.21040127400005],[96.47768798300007,20.219539827000062],[96.44848291800008,20.232984801000043],[96.42738840000004,20.251344927000048],[96.41418676200004,20.26874741300003],[96.38754325300005,20.283768078000037],[96.35668283200005,20.307206465000036],[96.32074451800008,20.31462814400004],[96.30519662600005,20.329271599000037],[96.28035969300004,20.326575147000028],[96.26848793700003,20.312764421000054],[96.25468235700004,20.310971435000056],[96.24039643000003,20.308015152000053],[96.22295083900008,20.307565785000065],[96.20537670000004,20.298456523000027],[96.19350439300007,20.285022070000025],[96.18361405900004,20.251698329000078],[96.14664002400008,20.274399478000078],[96.10108614900008,20.28727865700006],[96.09155799900003,20.287167665000027],[96.08430997700003,20.278802256000063],[96.07856187600004,20.274248030000024],[96.07288907800006,20.29022085300005],[96.05237789100005,20.280252262000033],[96.03234538500004,20.29022085300005],[96.00023157100009,20.301460688000077],[95.97705215000008,20.287088335000078],[95.95566557100005,20.260719148000078],[95.94723336400006,20.259935686000063],[95.95302905200003,20.24753470400003],[95.93876371800008,20.235037775000023],[95.94412062900005,20.212860856000077],[95.92295769900005,20.21652215200004],[95.91686109100004,20.228263766000055],[95.91238896200008,20.227457010000023],[95.90886871000004,20.225316752000026],[95.89898471600009,20.222001341000066],[95.89542135900007,20.225984066000024],[95.88322934100006,20.237336441000025],[95.87604701100008,20.23565089600004],[95.86754017800007,20.23608117300006],[95.86213788200007,20.237978329000043],[95.85877035300007,20.251569218000043],[95.85183061400005,20.26506921200007],[95.84251522900007,20.270601334000048],[95.83692779600005,20.286746037000057],[95.82893923600005,20.296125209000024],[95.82655043700004,20.30082118200005],[95.82032551900005,20.302586871000074],[95.82162250500005,20.305403067000043],[95.81152139300008,20.305836552000073],[95.77724357900007,20.298511278000035],[95.73695564900004,20.310846110000057],[95.73375893200006,20.328570657000057],[95.72379880200003,20.348810112000024],[95.74120816800007,20.351982537000026],[95.75546813000005,20.378799782000044],[95.74883823900007,20.39606651200006],[95.74269661200003,20.40394784800003],[95.72781150100008,20.435441823000076],[95.72250143100007,20.45525903400005],[95.72290195700003,20.479742057000067],[95.71538259000005,20.489273018000063],[95.71394108600003,20.50780184000007],[95.70728469400007,20.519731629000034],[95.69870922100006,20.529733694000072],[95.68969892400008,20.53560806400003],[95.67610737300004,20.546590880000053],[95.64044019300007,20.565067596000063],[95.62109157400005,20.563207404000025],[95.59970475900008,20.570085731000063],[95.57517036600007,20.59016205000006],[95.57301133200008,20.601133434000076],[95.57125642300008,20.61152074900008],[95.58612627900004,20.629122594000023],[95.58701183200009,20.65598436600004],[95.59350588600006,20.681075031000034],[95.59611005400006,20.700948453000024],[95.58903283600006,20.715124225000068],[95.58298720500005,20.735665913000048],[95.57070334300005,20.746408200000076],[95.55116223200008,20.761801294000065],[95.53295320700005,20.766317387000072],[95.52719829100005,20.75704756600004],[95.50447857700004,20.757702943000027],[95.48647853000006,20.75559406800005],[95.46302974900004,20.759889655000052],[95.45767016600007,20.764188713000067],[95.43861575000005,20.769155286000057],[95.44243628000004,20.75284223500006],[95.44129847400006,20.735938987000054],[95.43176082200006,20.734704756000042],[95.43638315300007,20.728893689000074],[95.42835479100006,20.719226889000026],[95.41459188700009,20.713000812000075],[95.40639968300007,20.703006323000068],[95.38485885500006,20.70582772800003],[95.37035398300009,20.70546398500005],[95.36396406000006,20.69841868900005],[95.36987093500005,20.69507754600005],[95.36248946600006,20.69333952100004],[95.34970962400007,20.68793266600005],[95.34227554900008,20.687215854000044],[95.33553506100009,20.693280858000037],[95.33400545100005,20.702985651000063],[95.31634721700004,20.702497188000052],[95.30322341500005,20.710224565000033],[95.28865949500005,20.70672922400007],[95.28079497900006,20.691291470000067],[95.25046046700004,20.665659214000073],[95.23011254000005,20.652260167000065],[95.21088816400004,20.634783463000076],[95.16888997900008,20.642122374000053],[95.15873500600009,20.642488367000055],[95.13719473100008,20.627501504000065],[95.11035356000008,20.619184225000026],[95.09757408200005,20.61572072000007],[95.08369989300007,20.614545692000036],[95.08020219400004,20.60559649100003],[95.06399586900005,20.582049592000033],[95.03824280000003,20.546718932000033],[95.02587285100003,20.546403544000043],[95.02478969600008,20.554735145000052],[95.02898572100008,20.56401615300007],[95.04146755100004,20.585397778000072],[95.03968992900008,20.595712607000053],[95.03387990800007,20.60384168300004],[95.01376674400007,20.61312354200004],[94.99876718700006,20.625312112000074],[94.99860167700007,20.633363462000034],[94.99257078300008,20.64215632400004],[94.99592009200006,20.661775376000037],[95.01346398100009,20.68970553500003],[95.01271789400005,20.715072580000026],[95.01317397500009,20.727670428000067],[95.01012589900006,20.73710820200006],[95.03659275700005,20.77923627800004],[95.03869202700008,20.808998105000057],[95.03973967000007,20.841676751000023],[95.02241705500006,20.86466352900004],[94.98888973900006,20.86638448800005],[94.96571629800007,20.86244244200003],[94.93960829200006,20.861814365000043],[94.90785166500007,20.874617322000063],[94.88073951000007,20.87449132200004],[94.87693591300007,20.89928239900007],[94.85161838200008,20.907754844000067],[94.84573141900006,20.91526222300007],[94.84381281700007,20.923601247000022],[94.84113095400005,20.93099008400003],[94.83417058200007,20.938508080000076],[94.83090600300005,20.99198152100007],[94.83726095200007,21.037254580000024],[94.83089997600007,21.103698835000046],[94.83859750300007,21.152569889000063],[94.90252738900006,21.212488113000063],[94.96495196100005,21.22755218800006],[95.00435956300004,21.25187522600004],[95.08111761500004,21.301098282000055],[95.14732922200005,21.32219447800003],[95.21354024900006,21.36907347300007],[95.26175794200003,21.408805603000076],[95.27224545200005,21.438444012000048],[95.31988686300008,21.504142020000074],[95.34201873300003,21.575958204000074],[95.34549528300005,21.58835024600006],[95.34642973400008,21.598371395000072],[95.35620031200006,21.63708983500004],[95.36613262700007,21.675400187000037],[95.36740681800006,21.68427060500005],[95.36803612700004,21.694871687000045],[95.36963076200004,21.703714481000077],[95.37534493600003,21.71187751900004],[95.37779774300009,21.71702361900003],[95.38514494200007,21.72429826700005],[95.39197317000009,21.729512855000053],[95.41063191800004,21.738210989000038],[95.41684510700009,21.750955404000024],[95.42076657700005,21.756017600000064],[95.40303646400008,21.790586275000067],[95.43584904800008,21.811681882000073],[95.47647371900007,21.857779115000028],[95.48421103400005,21.871435597000072],[95.52629633900006,21.90707972900003],[95.54208032300005,21.91094849900003],[95.58738123800003,21.921453546000066],[95.62828639400004,21.92167507000005],[95.67651921900006,21.920060936000027],[95.69111038700004,21.92367327900007],[95.70371065800003,21.928365752000047],[95.72180355300009,21.926404690000027],[95.73801580200006,21.918447383000057],[95.74862486900008,21.918443437000064],[95.81086263000003,21.911648570000068],[95.82067282800006,21.908941386000038],[95.82618870900006,21.906385070000056],[95.83568754700008,21.906305315000054],[95.88554181400008,21.891054068000074],[95.91424740000008,21.858716944000037],[95.95258294800004,21.856809870000063],[95.99149961100005,21.869590711000058],[96.01274281300005,21.921052665000047],[96.01562621200009,21.951830656000027],[96.02274858000004,21.979413066000063],[96.01626759800007,22.011037609000027],[96.021032,22.036695180000038],[96.01132628900007,22.08347899100005],[95.99218441500005,22.125277959000073],[95.99765245100008,22.161217685000054],[95.99351636200004,22.194856277000042],[95.98802742600009,22.217481493000037],[95.98658180600006,22.24357021800006],[95.98289413400005,22.293325528000025],[96.00936808600005,22.31005477900004],[95.99735078100008,22.334820148000063],[95.97300914600004,22.36541939600005],[95.95962205900008,22.407711520000078],[95.96556261900008,22.43156340200005],[95.96030607000006,22.46583736900004],[95.97473934000004,22.492710517000035],[95.98388538800003,22.51287304500005],[95.98203461700007,22.543777446000036],[95.95461436500005,22.589235420000023],[95.94178566000005,22.610811150000075],[95.93756656800008,22.633615599000052],[95.93095969100006,22.645162303000063],[95.91756620300004,22.65226180600007],[95.904665,22.67313193900003],[95.90968510600004,22.69238860400003],[95.90011064400005,22.710615802000063],[95.93270935200007,22.735502990000043],[95.96846277600008,22.75197760700007],[95.96614628600008,22.798150871000075],[95.96751984200006,22.825124627000037],[95.96527265400005,22.856393645000026],[95.96571142900007,22.88190238800007],[95.96806887700006,22.92095768300004],[95.97645185600004,22.955309698000065],[95.97626674800006,22.988996538000038],[95.97309392300008,23.01273038900007],[95.98383931500007,23.065114177000055],[95.97622027600005,23.086486255000068],[95.99425146200008,23.111760351000044],[95.98492935900003,23.14167871500007],[95.97632315100003,23.16112816800006],[95.95758636200009,23.190061221000065],[95.95372206700006,23.217801938000036],[95.95787517700006,23.25232871700007],[95.93604940400007,23.26558007700004],[95.93114653500004,23.28726381000007],[95.94696229000004,23.306113655000047],[95.94972413400006,23.322835706000035],[95.94566313600006,23.337553162000063],[95.92383736500005,23.345867742000053],[95.90409023900008,23.370291818000055],[95.90774346900008,23.39740170300007],[95.91591253100006,23.422128029000078],[95.92977016300006,23.434253458000057],[95.95021017100004,23.455732788000034],[95.96435357700005,23.470686069000067],[95.96518502300006,23.49546626700004],[95.96862566700008,23.525248306000037],[95.98928649000004,23.52102463800003],[96.01227721300006,23.54473560300005],[96.03042600200007,23.58760422900008],[96.05158099300007,23.61883302600006],[96.08382592600003,23.62411768000004],[96.08356532500005,23.65081735900003],[96.09842418700003,23.675246337000033],[96.13645354500005,23.67980384400005],[96.13292893000005,23.667112212000063],[96.13373354800007,23.651521778000074],[96.13217143800006,23.632684510000047],[96.14022991000007,23.613290662000054]]]}},{"type":"Feature","properties":{"id":"mon","name":"Mon","nameMy":"မွန်","stSource":"Mon"},"geometry":{"type":"MultiPolygon","coordinates":[[[[97.73584836500004,15.05998469800005],[97.72597203500004,15.065180190000035],[97.74106410300004,15.07797826600006],[97.73584836500004,15.05998469800005]]],[[[97.74299588900004,15.08292846300003],[97.73864937400003,15.094156964000035],[97.74094336800005,15.088844556000026],[97.74299588900004,15.08292846300003]]],[[[97.73670680700008,15.194225802000062],[97.73313261700008,15.206735471000059],[97.73376335500006,15.197379501000057],[97.73670680700008,15.194225802000062]]],[[[97.65969735200008,15.504035238000029],[97.65792654700005,15.516108895000059],[97.65019940700006,15.539290316000063],[97.64440405100004,15.571164768000074],[97.64420962200006,15.583369841000035],[97.65293610200007,15.580340747000037],[97.65792654700005,15.561505844000067],[97.66018029600008,15.546695491000037],[97.66259502900004,15.527860588000067],[97.65921440400007,15.511923360000026],[97.65969735200008,15.504035238000029]]],[[[97.58899497700008,16.244873255000073],[97.57292279600006,16.30280786000003],[97.60076878600006,16.322617755000067],[97.60955241700003,16.265617580000026],[97.58899497700008,16.244873255000073]]],[[[97.60790158900005,16.379894913000044],[97.60491141600005,16.371970954000062],[97.60251927600007,16.374961127000063],[97.60132320900004,16.39559332300007],[97.60401436200004,16.40605892700006],[97.60476190800006,16.408451067000044],[97.60789583300004,16.40816731500007],[97.60939667600007,16.397536934000073],[97.60939667600007,16.38826739800004],[97.60790158900005,16.379894913000044]]],[[[97.51550472500008,16.50092587100005],[97.56734772300007,16.48886664500003],[97.60222026000008,16.492175918000044],[97.60803777000007,16.465918018000025],[97.59668844100008,16.432372453000028],[97.57710280300006,16.396340864000024],[97.58547529100008,16.35776763000007],[97.55616328500008,16.290920646000075],[97.56588696400007,16.23181442300006],[97.54738526600005,16.199744817000067],[97.52596814800006,16.19739005300005],[97.51635637500004,16.214195763000077],[97.50153399500005,16.234064063000062],[97.50071403300007,16.24819263200004],[97.50657991100007,16.246426559000042],[97.49648807500006,16.259924391000027],[97.48809923800007,16.263898050000023],[97.48273795000006,16.273548367000046],[97.47901658700005,16.28250487100007],[97.48242258200008,16.289253785000028],[97.46583412600006,16.296759588000043],[97.46165938600006,16.32749411100002],[97.47489224700007,16.35089574600005],[97.46936042800007,16.389169965000065],[97.45949285500006,16.419968751000056],[97.45291447500006,16.43312551300005],[97.43975771000004,16.452412133000053],[97.44618658500008,16.487546671000075],[97.47115453300006,16.49786277100003],[97.50240184300009,16.510870023000052],[97.51550472500008,16.50092587100005]]],[[[97.53245308800007,16.518345457000066],[97.54142360800006,16.516850370000043],[97.54725444700006,16.516850370000043],[97.55577644300007,16.51176707600007],[97.55499363900003,16.505091098000037],[97.54874953300003,16.503095572000063],[97.54680592100004,16.508328377000055],[97.54082557500004,16.51176707600007],[97.53290161600006,16.510571006000077],[97.52303404200006,16.515355283000076],[97.53245308800007,16.518345457000066]]],[[[97.64902057300009,16.51071624700006],[97.64543709500003,16.50737343000003],[97.64193298400005,16.50765376000004],[97.64193298400005,16.510877540000024],[97.64571742000004,16.516063622000047],[97.65111253700007,16.521124317000044],[97.65572069300003,16.523832751000043],[97.65629289600008,16.519232227000032],[97.65639207800007,16.518434957000068],[97.65435884600004,16.515696003000073],[97.64902057300009,16.51071624700006]]],[[[97.58194046000006,16.52567138200004],[97.59494771600004,16.498311295000065],[97.56803615400008,16.521186122000074],[97.55114167300007,16.523129737000033],[97.58194046000006,16.52567138200004]]],[[[97.53095800100004,16.532249766000064],[97.52198747900007,16.525073349000024],[97.50972776800006,16.526418927000066],[97.50434545900004,16.529857626000023],[97.50972776800006,16.537931093000054],[97.51540909900007,16.543462916000067],[97.52079141200005,16.544958003000033],[97.53035996800008,16.541668811000022],[97.53544326100007,16.53553895600004],[97.53095800100004,16.532249766000064]]],[[[97.73852499300006,16.560305065000023],[97.75153106000005,16.539301049000073],[97.79203220400007,16.51193167400004],[97.83549339300004,16.532934227000055],[97.85018714300008,16.545431047000022],[97.85647739200004,16.53067965300005],[97.84794062100008,16.514198300000032],[97.85092887300004,16.49950605300006],[97.86077281900003,16.492910063000068],[97.87981532200007,16.46937450000007],[97.90919981300004,16.444223367000063],[97.93023670100007,16.42486487900004],[97.96889224800003,16.42546419200005],[97.98659703200008,16.42574487400003],[97.99199875500005,16.409853001000045],[97.99046743700006,16.383512435000057],[97.99480709700003,16.334483113000033],[98.03839527000008,16.318080103000057],[98.05341743900004,16.302487158000076],[98.07293652700008,16.284269110000025],[98.08152848500004,16.26539112300003],[98.08032804300007,16.244163160000028],[98.09310436400006,16.226692338000078],[98.10987529000005,16.208248146000074],[98.12818409700009,16.197304710000026],[98.12510824300006,16.157485817000065],[98.11501002800009,16.15271701200004],[98.10778230800008,16.14969800700004],[98.09456047000003,16.146245829000065],[98.08665250200005,16.140840613000023],[98.07667243800006,16.12204402200007],[98.05461436900003,16.125486849000026],[98.03730830200004,16.133807072000025],[97.99870245800008,16.152444376000062],[97.97613217600008,16.15321129800003],[97.96747619700005,16.15574005800005],[97.95450021700003,16.15876953700007],[97.94787156200005,16.145518200000026],[97.91323518100006,16.134954684000036],[97.90453522900003,16.135865919000025],[97.89508974900008,16.13788031200005],[97.86099369800007,16.142957264000074],[97.84075941400005,16.13964947000005],[97.81311436200008,16.124768820000043],[97.82986630900007,16.098348412000064],[97.83775226800003,16.085229507000065],[97.84963026200006,16.076036465000072],[97.86000122400009,16.044049937000068],[97.86026562600006,16.017644594000046],[97.84827962200006,15.998487326000031],[97.83588604200008,15.974347979000072],[97.83981511400003,15.951143069000068],[97.84917997400004,15.932866773000057],[97.83342381100005,15.914006294000046],[97.83694490000005,15.869405820000054],[97.84658627000005,15.849000684000032],[97.85078623600003,15.840263922000076],[97.86021966300007,15.825299864000044],[97.86565963200007,15.805814437000038],[97.86181056600003,15.791070885000067],[97.86863471000004,15.763479700000062],[97.88503162500007,15.735404279000022],[97.87155285900008,15.724171976000036],[97.86518788800004,15.70694910800006],[97.87042963100004,15.68336127300006],[97.87253472900005,15.675394330000074],[97.87781818400003,15.670661463000044],[97.89322074500006,15.673890966000045],[97.90635951900003,15.664833523000027],[97.91610766200006,15.647792312000036],[97.92593750200007,15.637926247000053],[97.93779906100008,15.646336705000067],[97.94655188500008,15.61706728300004],[97.96590611100004,15.593610885000032],[97.98173684000005,15.584913021000034],[97.99194911300003,15.573542104000069],[98.01422771600005,15.532695456000056],[98.03921839000009,15.507786328000066],[98.05208873600009,15.481811626000024],[98.05988864900007,15.462091507000025],[98.06729914800007,15.438754463000066],[98.09537990800004,15.41090771200004],[98.11550445100005,15.38376297700006],[98.12804601600004,15.35704197900003],[98.13940620700004,15.330125646000056],[98.16815595400004,15.323078992000035],[98.18358490500003,15.294001359000049],[98.20319499100003,15.249328093000031],[98.19976472400003,15.225652835000062],[98.20046619000004,15.212689247000071],[98.21008472000005,15.19576296400004],[98.21433130400004,15.18105034100006],[98.20254739000006,15.167448148000062],[98.19005003700005,15.140384967000045],[98.18829611100006,15.129748297000049],[98.18418787000007,15.102383212000063],[98.19322673600004,15.082448750000026],[98.20332402500009,15.078294423000045],[98.21697685300006,15.064455802000055],[98.22278623000005,15.054636490000064],[98.23067573800006,15.03692563800007],[98.21134030400003,15.016430049000064],[98.20015140000004,14.981077019000054],[98.18164608300003,14.972268815000064],[98.15806683200003,14.984065272000066],[98.12096268500005,14.995271221000053],[98.09332134200008,14.994773179000049],[98.07688595000008,15.015441931000055],[98.06378357400007,15.033319591000065],[98.06047857200008,15.039361234000069],[98.04521090400004,15.047867507000035],[98.04477888200006,15.054494823000027],[98.04458814500003,15.06711776700007],[98.03147000600006,15.081456373000037],[98.01768809600009,15.104854345000035],[97.98975353900005,15.09231146600007],[97.95305328400008,15.076963982000052],[97.94849560300008,15.062151030000052],[97.93827934500007,15.058435048000035],[97.89756556900005,15.07588381000005],[97.88047189900004,15.069562788000042],[97.87749949300007,15.054363669000054],[97.87331555300005,15.034490275000053],[97.87344136200005,15.029832793000026],[97.87218650700004,15.024797329000023],[97.87289963800004,15.019929732000037],[97.86586698300005,15.00376226000003],[97.86994872400004,14.978177221000067],[97.86665520300005,14.958127742000045],[97.86555195700004,14.948718876000044],[97.86092316800006,14.931640710000067],[97.83504084000003,14.92815095700007],[97.83645804700006,14.918752575000042],[97.82689808300006,14.904885943000068],[97.83213271200003,14.892962620000048],[97.82835214500005,14.877549550000026],[97.80472398600006,14.889469481000049],[97.79237714400006,14.88286798200005],[97.79141125200005,14.904479827000046],[97.79479187500004,14.924642833000064],[97.80626184900007,14.951567087000058],[97.80010428400004,14.987546580000071],[97.80348490700004,15.003121596000028],[97.81684280900004,15.01592361400003],[97.80676814200007,15.007295764000048],[97.79314135400006,15.001555331000077],[97.79153198800003,14.99032352200004],[97.78917168500004,14.999177738000071],[97.78042422600004,15.016764827000031],[97.77823513000004,15.023594832000072],[97.78682824500004,15.023285776000023],[97.79189419600004,15.053589480000028],[97.78233031000008,15.069129099000065],[97.79315800600006,15.070180331000074],[97.79462973300008,15.093833070000073],[97.80424328200007,15.102577998000072],[97.80167299300007,15.126946903000032],[97.80556255600004,15.142084656000065],[97.79056527300008,15.175594298000021],[97.78947869400008,15.180770021000058],[97.80062176000007,15.187287664000053],[97.81355192200004,15.202845909000075],[97.82301301900009,15.191282349000062],[97.82942553900006,15.180349529000068],[97.83520731900006,15.181190516000072],[97.83930712700004,15.18592106400007],[97.83941225100006,15.194856542000025],[97.83173825200004,15.202425418000075],[97.82364375900005,15.211045525000031],[97.80493181500003,15.210309665000068],[97.79326313000007,15.220191252000063],[97.78874283100004,15.193805308000037],[97.77539217400005,15.196538515000043],[97.76729470500004,15.195690642000045],[97.75668023200006,15.20936355300006],[97.73891439700009,15.242897881000033],[97.72672009600007,15.273488753000038],[97.73208138100006,15.309756286000038],[97.71778461800005,15.329939954000054],[97.72377664300006,15.347810911000067],[97.73139174200008,15.35232267300006],[97.73821086300006,15.366927297000075],[97.74175272400004,15.398059839000041],[97.75857244900004,15.383342580000033],[97.75794171000007,15.38859874600007],[97.78177870700006,15.398166039000046],[97.77675877500008,15.40836192100005],[97.77696902100007,15.436324714000023],[97.77264526500005,15.439723282000045],[97.76267225800007,15.457139123000047],[97.73534020300008,15.486363395000069],[97.74827036800008,15.525679500000024],[97.77108211900008,15.536507198000038],[97.75625973600006,15.545232430000056],[97.74465716400005,15.57266740800003],[97.72724571100008,15.615349657000024],[97.72629960100005,15.637110177000068],[97.73229163000008,15.652668421000044],[97.71925634400009,15.679790227000069],[97.71021574000008,15.708278636000045],[97.72062294500006,15.715742387000034],[97.70461983300004,15.746890244000042],[97.70294471300008,15.767603208000025],[97.71766197300008,15.78218030100004],[97.71051358800008,15.842731309000044],[97.71345704100008,15.859551034000049],[97.70672915300008,15.864316621000057],[97.69740623800004,15.875113577000036],[97.67168805900008,15.91281349600007],[97.63832893900008,15.933697988000063],[97.60398866800006,15.966075955000065],[97.58772960200008,15.986399791000053],[97.58646812100005,16.00195803500003],[97.57147554200009,16.009478658000035],[97.57427382000009,16.033495020000032],[97.56395421800005,16.067379756000037],[97.56679254900007,16.083043124000028],[97.59522713100006,16.09359204200007],[97.58108931300006,16.100283344000047],[97.61322783700007,16.14524106400006],[97.62799181500009,16.181496915000025],[97.63884988400008,16.249672865000036],[97.63630823600005,16.29168480100003],[97.62150688000008,16.338780030000066],[97.61657309100008,16.372868004000054],[97.63037920400006,16.39331992500007],[97.61477898700008,16.422953407000023],[97.62345049200007,16.464068290000057],[97.62930227000004,16.50166240300007],[97.64713366600006,16.500638208000055],[97.66039536800008,16.519756621000056],[97.66314479100004,16.53505899700002],[97.67527546800005,16.555465468000023],[97.70213193800004,16.559603245000062],[97.72793663500005,16.560795771000073],[97.73852499300006,16.560305065000023]]],[[[97.65323178900007,16.57426298300004],[97.66225681600008,16.55502931600006],[97.64193298400005,16.536387454000078],[97.63071983600008,16.561336711000024],[97.65323178900007,16.57426298300004]]],[[[97.66649109900004,16.559938424000052],[97.65488209900008,16.585523539000064],[97.68311124800005,16.602221557000064],[97.70006978500004,16.57317929100003],[97.67593617200004,16.567571963000034],[97.66649109900004,16.559938424000052]]],[[[97.62569603900005,16.54887389000004],[97.61112018100005,16.572518713000022],[97.64575635500006,16.606656524000073],[97.63251994300003,16.570306965000043],[97.62569603900005,16.54887389000004]]],[[[97.40693818400007,17.705246560000035],[97.39864038900004,17.682807723000053],[97.37541814600007,17.675220258000024],[97.36806060700007,17.64533024600007],[97.36185268000008,17.633374240000023],[97.37564807200005,17.616819770000063],[97.38047645600005,17.60003537800003],[97.38760407600006,17.58026198300007],[97.39864038900004,17.556579894000038],[97.40688096100007,17.553510668000058],[97.41248115100007,17.552232636000042],[97.42054899100003,17.550100185000076],[97.43588794800007,17.54293778400006],[97.43841710200007,17.526153392000026],[97.43151940500007,17.507759536000037],[97.43377877200004,17.493471172000056],[97.42534827300005,17.471296361000043],[97.43006319600005,17.46337713300005],[97.43028820900008,17.458024902000034],[97.43231000900005,17.454599479000024],[97.43276003800008,17.45171139100006],[97.43624276600008,17.449251120000042],[97.44240380800005,17.44604671600007],[97.44150696700007,17.442727714000057],[97.44161403600003,17.437372137000068],[97.43869202100007,17.429551995000054],[97.43835245900004,17.42408950600003],[97.43890952100008,17.419164717000058],[97.43733764000007,17.414560136000034],[97.44675978300006,17.40536277800004],[97.44563094400007,17.391652977000035],[97.44898771100009,17.384805637000056],[97.45403069400004,17.382669431000068],[97.45615567400006,17.378389242000026],[97.46151986200005,17.37412493900007],[97.46940415500006,17.363306124000076],[97.46953843300008,17.350069223000048],[97.47681198800007,17.341901500000063],[97.48130191900003,17.341260996000074],[97.48668070700006,17.331953189000046],[97.49319256000007,17.335389906000046],[97.48661022800007,17.321098902000074],[97.49083120900008,17.314294493000034],[97.49700348100004,17.313176844000054],[97.49891841700008,17.308412641000075],[97.50025473200009,17.291460365000034],[97.49111528900005,17.283010687000058],[97.48111362900005,17.270422393000047],[97.48026434500008,17.259992408000073],[97.48599429200004,17.263532491000035],[97.48945406100006,17.254861793000032],[97.49147197900004,17.25357998900006],[97.49266726700006,17.246797783000034],[97.49730165800008,17.23738640700003],[97.49249482700009,17.233347276000075],[97.49956496400006,17.219896771000037],[97.50266892700006,17.211274651000053],[97.50974439400005,17.207769333000044],[97.50671199400006,17.204874093000058],[97.49870275400008,17.20972266900003],[97.49327878700007,17.19617822500004],[97.49301690200008,17.185480049000034],[97.49480977700006,17.176595530000043],[97.50075327300004,17.166215814000054],[97.50431972400008,17.153325685000027],[97.50575900400008,17.13543749100006],[97.51295540400008,17.12536252900003],[97.50511324200005,17.12371223200006],[97.50802073300008,17.111175341000035],[97.50050545500005,17.110105589000057],[97.48684275300008,17.11014728500004],[97.48499871200005,17.098096551000026],[97.47615096000004,17.079716792000056],[97.47134403300004,17.089417274000027],[97.47063230600008,17.06745344500007],[97.48211369000006,17.053809751000074],[97.47545423100007,17.04026227600002],[97.47063626000005,17.04496948900004],[97.46710405500005,17.029136377000043],[97.45044495900004,17.033597760000077],[97.44448679800007,17.02543537100007],[97.45468307200008,17.023534613000038],[97.44695413400007,17.010836960000063],[97.46388422900009,17.008981746000075],[97.45600103900006,17.00528545000003],[97.43893528900009,16.99438804500005],[97.45075766100007,16.983224863000032],[97.45517859300008,16.962107049000053],[97.46772089100006,16.948536696000076],[97.47820707300008,16.93311583800005],[97.47007529800004,16.916478679000022],[97.47718233700004,16.901780918000043],[97.46716881800006,16.877595609000025],[97.48349072900004,16.88087593000006],[97.48234748200008,16.867990268000028],[97.48509371300008,16.848962828000026],[97.51759654600005,16.835482244000048],[97.50667641100006,16.824562112000024],[97.51051321400007,16.805968371000063],[97.53973195000003,16.792982265000035],[97.56068680100003,16.783832967000023],[97.55400241900008,16.761137096000027],[97.55921110800006,16.734839933000046],[97.57196618300009,16.718587633000027],[97.58958242200003,16.691659793000042],[97.61210868900008,16.647578855000063],[97.61055785800005,16.618102234000048],[97.60413159000007,16.578430617000038],[97.61609974100008,16.534105096000076],[97.60795496900005,16.52148514000004],[97.56938173100008,16.53673502600003],[97.53858294200006,16.537034044000052],[97.50658808700007,16.543163898000046],[97.48452154300008,16.537747324000065],[97.44625666600007,16.54060667600004],[97.41135573500009,16.52683552700006],[97.37445746100008,16.50954858600005],[97.36867567800005,16.509233214000062],[97.35356703500008,16.51359345000003],[97.35059009400004,16.54709706700004],[97.34404616900008,16.568778743000053],[97.33324475100005,16.583443444000068],[97.32843536200005,16.603075218000072],[97.32748925200008,16.64974995500006],[97.31892703600005,16.66440112500004],[97.30114242000008,16.648277375000077],[97.26789930300004,16.66938697100005],[97.26906293300004,16.661408363000078],[97.25177663100004,16.664898742000048],[97.23910684800006,16.67277195500003],[97.23465638800008,16.677697520000038],[97.24297012700004,16.694453633000023],[97.24080585000007,16.704625475000057],[97.22451659000006,16.72257712800007],[97.22318638200005,16.752164507000032],[97.23343892500009,16.787533796000048],[97.22545524300006,16.80407056000007],[97.21532649200003,16.849625502000038],[97.21384846100005,16.88360850300006],[97.19759631100004,16.889813855000057],[97.19464093200008,16.91729571700006],[97.16715979100007,16.942413178000038],[97.17247789000004,16.986147930000072],[97.17531565900003,17.026393150000047],[97.17308210300007,17.05079045800005],[97.15174267700007,17.07923151800003],[97.14834117200007,17.104052189000072],[97.16593531100006,17.121867106000025],[97.13952288500008,17.124540944000046],[97.13086083400003,17.104841581000073],[97.11864785800003,17.065046799000072],[97.11578685100005,17.02377690900005],[97.10899621500005,16.989109937000023],[97.12308480100006,16.96711799700006],[97.09559487500007,16.911622710000074],[97.06664333400005,16.951572259000045],[97.04598137500005,16.989783411000076],[97.02824455700005,17.015568993000045],[97.04733586500004,17.071743771000058],[97.06570465400006,17.123752853000042],[97.05388436400006,17.161281725000038],[96.98661831900006,17.19944605300003],[96.94488263400007,17.23656198200007],[96.94632363100004,17.274458202000062],[96.94011776000008,17.30548606900004],[96.89904448000004,17.306371928000033],[96.88574695000005,17.331194080000046],[96.89587656300006,17.365849882000077],[96.87399988300007,17.436166654000033],[96.87734016600007,17.462019576000046],[96.87425008200006,17.50713532000003],[96.87448659400008,17.521013150000044],[96.87217669200004,17.529653473000053],[96.87796191900009,17.568777202000035],[96.87945134000006,17.588461132000077],[96.87848098100005,17.60688974900006],[96.88790966000005,17.61163958700007],[96.89802627900008,17.61945697500005],[96.90839889300008,17.61548722400005],[96.91550044300004,17.609800203000077],[96.93113522100003,17.614628590000052],[96.93843649300004,17.61558332900006],[96.94516053500007,17.624975133000078],[96.96125515900007,17.615088436000065],[96.98010885900004,17.608650587000056],[96.99602300600009,17.607007785000064],[96.99751846300006,17.60267414300006],[97.00333110400004,17.597384351000073],[97.01321780100005,17.583588959000053],[97.02632342100009,17.568873874000076],[97.06449067200003,17.556228099000066],[97.08863260700008,17.541283091000025],[97.09926395500008,17.52667414700005],[97.09417529300003,17.52280594900003],[97.09129115400003,17.517431122000062],[97.09137501900005,17.510801076000064],[97.09842395300007,17.490121078000072],[97.09931757000004,17.48332415300007],[97.10292588400006,17.48082134200007],[97.11852262400004,17.483572369000058],[97.13482446900008,17.499555586000042],[97.15990879900005,17.515761616000077],[97.18264955800004,17.514978192000058],[97.18958457600007,17.520723201000067],[97.19763374900003,17.524946127000078],[97.20636546400004,17.529142198000045],[97.21479611000007,17.53246467400004],[97.22418412800005,17.53475381100003],[97.21800781100006,17.537473516000034],[97.21806143400005,17.542947776000062],[97.22282975700006,17.53948023600003],[97.23873265800006,17.543804282000053],[97.23453336800009,17.57739861400006],[97.26077893900003,17.599707353000042],[97.26873559100005,17.597890755000037],[97.27659018000008,17.607000301000028],[97.28857980100008,17.59609],[97.31025123400008,17.59044824800003],[97.31686952600006,17.58585167600006],[97.31721669900008,17.60319720900003],[97.33001503300005,17.61488498700004],[97.32969466100008,17.63190998500005],[97.34047483400008,17.652372272000036],[97.34989667200006,17.67774941400006],[97.36426131400003,17.68934648900006],[97.38135696800003,17.71195406100003],[97.39709270300006,17.69783958100004],[97.40098742900005,17.717759930000057],[97.40693818400007,17.705246560000035]]]]}},{"type":"Feature","properties":{"id":"naypyidaw","name":"Naypyidaw","nameMy":"နေပြည်တော်","stSource":"Nay Pyi Taw"},"geometry":{"type":"Polygon","coordinates":[[[96.31371313100004,20.315018664000036],[96.35004208500004,20.30720634200003],[96.37894921600008,20.29001830900006],[96.41471084700004,20.26928896800007],[96.42035690300008,20.257204536000074],[96.44371131600008,20.242034725000053],[96.47060058700004,20.220184135000068],[96.47885959500007,20.213213136000036],[96.48706085900005,20.205714837000073],[96.50475889500007,20.193068866000033],[96.49729736300009,20.18428612400004],[96.48845468700006,20.177328122000063],[96.48584172400007,20.162740512000028],[96.46600160800006,20.15189525900007],[96.45213860200005,20.14949619400005],[96.44090466700004,20.136407904000066],[96.44686703200006,20.12106481400002],[96.45335950800006,20.106554080000024],[96.45619781100004,20.08889201900007],[96.46402178100004,20.08553504400004],[96.47291754800005,20.072603254000057],[96.47061315500008,20.06442813800004],[96.46206059500008,20.053937947000065],[96.44390296600005,20.04783416600003],[96.44457024900004,20.037328432000038],[96.43868794500008,20.027856580000048],[96.42844968600008,20.01950617700004],[96.40260092800008,20.030508132000023],[96.39722239000008,20.021875048000027],[96.37788578900006,20.023854936000077],[96.36355263800004,20.013534960000072],[96.37255253600006,20.000268841000036],[96.37722965000006,19.99225042300003],[96.37833974800009,19.983617675000062],[96.38642277100007,19.976781569000025],[96.39203424200008,19.968549750000022],[96.39672276000005,19.960889529000042],[96.41068436500007,19.949930046000077],[96.419138,19.939710511000044],[96.42221651600005,19.932897406000052],[96.43272946800005,19.923417937000067],[96.44008429100006,19.916574280000077],[96.44122112200006,19.909166089000053],[96.44534114400005,19.905279049000058],[96.44906402800007,19.901475939000022],[96.45213101700006,19.89579959100007],[96.45512561700008,19.893956909000053],[96.44871298100009,19.889715224000042],[96.44581039400003,19.883276038000076],[96.44402477500006,19.870114987000022],[96.44809503700009,19.859311938000076],[96.45392421600008,19.85003858400006],[96.46685225300007,19.851678547000063],[96.48177120600008,19.855062416000067],[96.49533631900005,19.855913163000025],[96.51267402100007,19.859754519000035],[96.52549920200005,19.85379205600003],[96.53989585500005,19.843160666000074],[96.55089003600006,19.83282271300004],[96.55393038300008,19.823957165000024],[96.55117961100007,19.811971579000044],[96.55737113400005,19.80486469300007],[96.56059077500004,19.791028836000066],[96.57474338400004,19.777803255000038],[96.58265113700008,19.769128479000074],[96.59003614000005,19.761346684000046],[96.60180839800006,19.749539999000035],[96.60503547200005,19.73919833800005],[96.60986911600008,19.730165578000026],[96.62561612600007,19.728445084000043],[96.63575519400007,19.72231449700007],[96.63900540100008,19.715501596000024],[96.64914894200007,19.706308035000063],[96.65293688900005,19.699247306000075],[96.65701295000008,19.68972386200005],[96.64893925000007,19.681272424000042],[96.63945585800008,19.67318912500002],[96.62888154200004,19.67241460100007],[96.61785668200008,19.667755059000058],[96.59397399300008,19.65620630500007],[96.57181959300004,19.63075942000006],[96.56405425200006,19.627691364000043],[96.55305682800008,19.619443755000077],[96.54539301300008,19.617170438000073],[96.54646487400004,19.61053466900006],[96.55088988100005,19.606077167000024],[96.54765114200006,19.60208496000007],[96.55275124400004,19.599670279000065],[96.55335415200005,19.598272218000034],[96.55167200700004,19.592252814000062],[96.55799652000007,19.586820491000026],[96.56772791600008,19.58748032400007],[96.57546808300003,19.583894577000024],[96.58391731300009,19.583967082000072],[96.59116543900006,19.577600251000035],[96.59734511100004,19.576074471000027],[96.60667604400004,19.57866851400007],[96.61082996500005,19.57836714900003],[96.61794832600003,19.575010173000067],[96.62402523100008,19.57269454900006],[96.63191219500004,19.578079012000046],[96.64622671700005,19.577585056000032],[96.65175617400007,19.57110775600006],[96.65550811800006,19.559781886000053],[96.65708716500006,19.551111324000033],[96.66132525600005,19.54632388600004],[96.66555202300003,19.535531940000055],[96.67070194900003,19.52646444900006],[96.67514198300006,19.519483406000063],[96.67448979100004,19.517711520000034],[96.66821468300009,19.514303168000026],[96.66657798200004,19.50809278400004],[96.64101030900008,19.484608957000034],[96.62389281200007,19.43606323000006],[96.59459509300007,19.450126101000023],[96.57821467400004,19.466039758000022],[96.57349205700007,19.474206650000042],[96.56283373200006,19.47307023600007],[96.55024873600007,19.46740147400004],[96.54002954400005,19.472837464000065],[96.52487718700007,19.47105224200004],[96.51447453000009,19.481919910000045],[96.50394223400008,19.48760002800003],[96.47044068800005,19.47648050600003],[96.45714742300004,19.477948913000034],[96.44550903300006,19.48183250900007],[96.43583112200008,19.476938317000076],[96.41583055600006,19.47926879700003],[96.39695014800009,19.479204306000042],[96.36817740600009,19.472413722000056],[96.35583283600005,19.476236286000074],[96.33972739500007,19.477929801000073],[96.32205755300004,19.478132299000038],[96.30311762000008,19.476960896000037],[96.29138383700007,19.474645692000024],[96.27780326400006,19.475034767000068],[96.26469205900008,19.483095135000042],[96.24617574900003,19.48243502300005],[96.22380625600005,19.48239312100003],[96.20200143500006,19.482160461000035],[96.18603700500006,19.490690001000075],[96.17522214500008,19.491064136000034],[96.16848181600005,19.48386925400007],[96.16598308500005,19.47385975700007],[96.16521639500007,19.46428098800004],[96.16113840800006,19.449453318000053],[96.15334502800005,19.442746827000065],[96.14761520900004,19.441984123000054],[96.13982577300004,19.442743208000024],[96.13294762000004,19.434396484000047],[96.12962911700004,19.42596621900003],[96.12708061900008,19.416967125000042],[96.11493095700007,19.419805347000022],[96.10839265800007,19.418973746000063],[96.10007265100006,19.42338737700004],[96.09373642600008,19.426503893000074],[96.09226032100008,19.43331711700006],[96.08212838200006,19.437055479000037],[96.07410628100007,19.440587832000062],[96.06823152900006,19.449846213000058],[96.06102922200006,19.454538436000064],[96.05588700700008,19.460996615000056],[96.05198087100007,19.459348498000054],[96.04248626700007,19.455835407000052],[96.03513506200005,19.453927806000024],[96.01479522300008,19.460435836000045],[96.00772264500006,19.462705478000032],[95.99994818500005,19.46415870100003],[95.99496657500003,19.467458597000075],[95.96344562600007,19.477136397000038],[95.95054818900007,19.47823894800007],[95.94164095300005,19.47627429700003],[95.92592418000004,19.47390929000005],[95.90589303000007,19.473192158000074],[95.90059450600006,19.45769690000003],[95.89867981100008,19.44457046800005],[95.88710586800005,19.43763914400006],[95.84742903400007,19.44568053300003],[95.83415779300003,19.45329861400006],[95.81122768500006,19.45540052100006],[95.79613270200008,19.459287307000068],[95.78099598600005,19.466630880000025],[95.76318902900005,19.479017173000045],[95.74613344300008,19.49080457900004],[95.73720235400003,19.52728462300007],[95.72303350700008,19.56152600200005],[95.73484087800006,19.578646693000053],[95.72834682300004,19.591044434000025],[95.72864200800007,19.610526599000025],[95.71653945200006,19.62528581400005],[95.71653945200006,19.637388371000043],[95.72578204000007,19.64831323800007],[95.74369640900005,19.658641644000056],[95.75169543200008,19.680284380000046],[95.76494773300004,19.679979425000056],[95.76642560000005,19.68993118000003],[95.77557631500008,19.714726662000032],[95.77396186300007,19.733258901000056],[95.76497067900004,19.74318489500007],[95.76302144100003,19.75493031900004],[95.77375224400004,19.764120209000055],[95.78679331700005,19.78557089900005],[95.79033552900006,19.810956748000024],[95.80657066600008,19.813318222000078],[95.81981458800004,19.831304330000023],[95.81464934800005,19.84616259300003],[95.80533778900008,19.85819787500003],[95.80994577400008,19.869725921000054],[95.80679127600007,19.88857439000003],[95.80111890000006,19.898015859000054],[95.78758801700008,19.90859010400004],[95.79188338400007,19.92552753700005],[95.79634672700007,19.938940064000064],[95.79216963700009,19.950544382000032],[95.78464327100005,19.966428482000026],[95.76696867000004,19.979910748000066],[95.78319197400003,19.999641793000023],[95.78889205400009,20.014330459000064],[95.79388489700005,20.023684116000027],[95.78650660700004,20.039008258000024],[95.78139856100006,20.04905208100007],[95.78959849400007,20.06208600800005],[95.80478866300007,20.069280715000048],[95.80151144700005,20.088819528000045],[95.80774616300005,20.100708592000046],[95.81466872200008,20.10615695300004],[95.82018481800009,20.113073057000065],[95.82509028700008,20.12120253300003],[95.83276280900009,20.128682855000022],[95.80846411500005,20.159153772000025],[95.79505549200007,20.17000837100005],[95.78891534800005,20.20249755100002],[95.78498368700008,20.210075450000033],[95.77149384400008,20.227819133000025],[95.76852958200004,20.24294088700003],[95.75858878000008,20.27115023400006],[95.75053216500004,20.273199066000075],[95.74162091200009,20.276422612000033],[95.73886698000007,20.288770458000045],[95.73929265000004,20.305158775000052],[95.76171579300006,20.306714629000055],[95.79833778000005,20.294995812000025],[95.81915378300005,20.30809910800002],[95.81912706400004,20.301533791000054],[95.82352596600003,20.302431394000052],[95.83173438900008,20.299842453000053],[95.83455072000004,20.288702142000034],[95.83692779600005,20.27748822500007],[95.84638781400008,20.268236082000044],[95.85657241800004,20.254682399000046],[95.86244322600004,20.246101989000067],[95.86458690800004,20.234224306000044],[95.87225168300006,20.237001260000056],[95.88091466200007,20.235036566000076],[95.88728125400007,20.23300557300007],[95.89678670300003,20.222002200000077],[95.90462215300005,20.22445398800005],[95.91107746600005,20.227762579000057],[95.91568166600007,20.225381062000054],[95.91821589400007,20.217425355000046],[95.93221551000005,20.214264150000076],[95.94373132300007,20.223296163000043],[95.95185731400005,20.239624040000024],[95.94860573300008,20.257646239000053],[95.95123003400005,20.258657222000068],[95.96240364700009,20.27712652500003],[95.99287254300003,20.29734315500008],[96.01227424900009,20.286206625000034],[96.04639518100004,20.289418006000062],[96.06344047300007,20.28271299200003],[96.07494530300005,20.277356687000065],[96.08015573900008,20.277223052000068],[96.09047094100004,20.283693280000023],[96.09672258800003,20.287061539000035],[96.12695698600004,20.281897779000076],[96.17182668500004,20.26046984100003],[96.18881795600004,20.269088186000033],[96.19932333900005,20.291272544000037],[96.21275784000005,20.303347992000056],[96.23704612300008,20.30780192900005],[96.24860908400007,20.310553390000052],[96.26706192800003,20.309674682000036],[96.27014843700005,20.317651814000044],[96.29686456600007,20.33103767500006],[96.30707236700005,20.315799842000047],[96.31371313100004,20.315018664000036]]]}},{"type":"Feature","properties":{"id":"rakhine","name":"Rakhine","nameMy":"ရခိုင်","stSource":"Rakhine"},"geometry":{"type":"MultiPolygon","coordinates":[[[[94.37149991300004,18.346913314000062],[94.36895900400003,18.345145726000055],[94.36708094200009,18.346471416000043],[94.36929042800006,18.351111337000077],[94.37216276000004,18.35298940100006],[94.37525603700004,18.35254750400003],[94.37536651300007,18.351111337000077],[94.37260465800006,18.349564697000062],[94.37149991300004,18.346913314000062]]],[[[94.23661080800008,18.54002236900004],[94.23583749000005,18.535051026000076],[94.23252325900006,18.539690946000064],[94.23661080800008,18.54002236900004]]],[[[93.79096657700006,18.602620185000035],[93.77354118700003,18.624950502000047],[93.78928857800008,18.651927589000024],[93.79419350100005,18.65915590000003],[93.79810100500004,18.622854407000034],[93.79096657700006,18.602620185000035]]],[[[93.81430437200004,18.71428250200006],[93.81192494400005,18.72757930000006],[93.82032292300005,18.722260582000047],[93.81430437200004,18.71428250200006]]],[[[94.00835865500005,18.73183300900007],[93.99576458700005,18.73061779300002],[93.97565826400006,18.74100237700003],[93.99112466700007,18.751055536000024],[94.00835865500005,18.73183300900007]]],[[[93.97559509200005,18.83017258700005],[93.99309088000007,18.790702090000025],[93.98315327300008,18.783143908000056],[93.95376035000004,18.78468354000006],[93.94228311100005,18.807078150000052],[93.93752425800005,18.822474442000043],[93.95599980900005,18.832552014000044],[93.97629492300007,18.83297191500003],[93.97559509200005,18.83017258700005]]],[[[94.11217110400008,18.852722717000063],[94.13960450100006,18.864619852000033],[94.13484564600003,18.817731139000045],[94.09341562100008,18.817451207000033],[94.08333804600005,18.827388815000063],[94.06806331700005,18.848932441000045],[94.07664573400007,18.85905796000003],[94.10083383300008,18.866719346000025],[94.11245103600004,18.87427752600007],[94.12100865200006,18.87768171400006],[94.11217110400008,18.852722717000063]]],[[[93.62552413500003,18.90025156400003],[93.67216974100006,18.87678741600007],[93.71944724800005,18.881515167000032],[93.74955555600008,18.878529220000075],[93.75204384500006,18.840707214000076],[93.75602511000005,18.817814945000066],[93.75055087100009,18.800396916000068],[93.75428330600005,18.766556174000073],[93.75602511000005,18.754114723000043],[93.74930672600004,18.709325506000027],[93.72964923800004,18.690414503000056],[93.70327336500009,18.666526920000024],[93.67216974100006,18.66976169700007],[93.63982197100006,18.677973053000073],[93.57248458400005,18.74790018300007],[93.52497634400004,18.79164331900006],[93.49102223600005,18.852402177000045],[93.48928043200004,18.879026878000047],[93.52660478200005,18.88300814100006],[93.57139399800008,18.890970667000033],[93.61419258400008,18.919586002000074],[93.62552413500003,18.90025156400003]]],[[[94.04124980800003,19.022085365000066],[94.04092825400005,19.042050473000074],[94.06108340300005,19.038551315000063],[94.04124980800003,19.022085365000066]]],[[[94.02903111900008,19.042470370000046],[94.02176064600008,19.03819362400003],[94.01578875000007,19.043667862000063],[94.01653523800007,19.04814678300005],[94.02673722700007,19.056855797000026],[94.03644155600006,19.06855075900006],[94.04116930700008,19.06631130100004],[94.04166696600004,19.058846430000074],[94.04092047800003,19.053621020000037],[94.04116930700008,19.045658494000065],[94.02903111900008,19.042470370000046]]],[[[94.00854938200007,19.094631150000055],[93.99749204400007,19.109607545000074],[94.01512779900008,19.109747510000034],[94.00854938200007,19.094631150000055]]],[[[93.83289819600003,19.255086752000068],[93.82447397300007,19.25477182800006],[93.81825422100007,19.256897567000067],[93.81652213800004,19.25996808000008],[93.81990757200003,19.26351097500003],[93.82788999700006,19.264299539000035],[93.83478774100007,19.263196051000023],[93.83612617100005,19.260755389000053],[93.83289819600003,19.255086752000068]]],[[[93.75745343800008,19.27555682600007],[93.75154861000004,19.271384080000075],[93.74225834400005,19.280910539000047],[93.74257326900005,19.28382358700003],[93.74603743500006,19.284532168000055],[93.75493404400004,19.282721354000046],[93.75918552000007,19.28035942100007],[93.76028775700007,19.278784802000075],[93.75745343800008,19.27555682600007]]],[[[93.85951765400006,19.298521187000063],[93.85411621500003,19.270780475000038],[93.85681121400006,19.29875041100007],[93.85951765400006,19.298521187000063]]],[[[93.84498341100004,19.278443631000073],[93.80834722800006,19.26721133600006],[93.77213094600006,19.296079387000077],[93.80417402700004,19.30334296600006],[93.84498341100004,19.278443631000073]]],[[[93.65585096900008,19.372518684000056],[93.68663175900008,19.36632743200005],[93.68926943800005,19.31807032100005],[93.68508911300006,19.314885312000058],[93.64567459700004,19.346138232000044],[93.65585096900008,19.372518684000056]]],[[[93.68497206900008,19.388691679000033],[93.65974080900008,19.403621418000057],[93.69079466700003,19.396903034000047],[93.68497206900008,19.388691679000033]]],[[[93.66810146300008,19.42437375700007],[93.66705638100007,19.416908887000034],[93.66421973200005,19.417506076000052],[93.66048729700003,19.41884975200003],[93.65511258800007,19.41855115900006],[93.64988718200004,19.425568137000027],[93.65003647800006,19.428255488000048],[93.65332102100007,19.429449867000073],[93.65974081100006,19.429001976000052],[93.66810146300008,19.42437375700007]]],[[[93.63719690200008,19.401232659000073],[93.63147123800007,19.423467780000067],[93.63659971300007,19.428703382000037],[93.63719690200008,19.401232659000073]]],[[[93.61196564100004,19.432883711000045],[93.61064680600003,19.45152106300003],[93.61778823900005,19.437213332000056],[93.61196564100004,19.432883711000045]]],[[[93.53880991200003,19.465579840000032],[93.53537607300007,19.46139951200007],[93.53268872000007,19.461996701000032],[93.53000136700007,19.466624920000072],[93.52641822900006,19.472746116000053],[93.52626893300004,19.476627846000042],[93.53134504300004,19.476179955000077],[93.54269164700008,19.471103845000073],[93.54851424600008,19.468416491000028],[93.53880991200003,19.465579840000032]]],[[[93.64645333900006,19.45512902200005],[93.62958273500004,19.444528904000038],[93.61092055900008,19.457965673000047],[93.59733449600009,19.478270117000022],[93.61226423500005,19.491706884000052],[93.63421095400008,19.47677714300005],[93.64645333900006,19.45512902200005]]],[[[93.51641530300003,19.521417068000062],[93.54761846000008,19.485287097000025],[93.57926951100006,19.477225039000075],[93.59061611300007,19.467072814000062],[93.55314246400008,19.476478549000035],[93.54582689100005,19.476926441000046],[93.52895628700009,19.482301149000023],[93.52074492700007,19.47767292900005],[93.51044340700008,19.497678782000037],[93.51656460000004,19.499470350000024],[93.51713506500005,19.512168],[93.51641530300003,19.521417068000062]]],[[[93.83113238700008,19.483502900000076],[93.77917688800005,19.513959572000033],[93.79873485100006,19.52978509600007],[93.85181577800006,19.506944800000042],[93.85397488800004,19.49126636400007],[93.83113238700008,19.483502900000076]]],[[[93.52907885700006,19.53346776500007],[93.53286105800004,19.525505236000072],[93.52947698400004,19.52729680500005],[93.52708822300008,19.531676194000056],[93.52310696100005,19.535259333000056],[93.51832944400007,19.544615304000047],[93.52012101300005,19.545411557000023],[93.52430134000008,19.53764809000006],[93.52907885700006,19.53346776500007]]],[[[93.59788007200007,19.55237876900003],[93.59952234300005,19.550437903000045],[93.59668569300004,19.55118439200004],[93.58518979600007,19.555066122000028],[93.59101239500006,19.554618230000074],[93.59788007200007,19.55237876900003]]],[[[93.50240438600008,19.54561061900006],[93.50180719900004,19.543221862000053],[93.49961750300008,19.544814366000026],[93.49663155500008,19.551781580000068],[93.49105608000008,19.556932595000035],[93.48707652000007,19.563725371000032],[93.48866902600008,19.565716004000024],[93.49284935500003,19.560341298000026],[93.50061281800004,19.55217970600006],[93.50240438600008,19.54561061900006]]],[[[93.65625535900006,19.568204293000065],[93.65983849800006,19.53774762200004],[93.64251999800007,19.534761676000073],[93.62684376900006,19.54655616900004],[93.63415934200003,19.560440829000072],[93.65058205700007,19.570891647000053],[93.65625535900006,19.568204293000065]]],[[[93.67252877700008,19.566711319000035],[93.66864704300008,19.56626342900006],[93.65864411700005,19.569398673000023],[93.65565816900005,19.57208602700007],[93.65550887300003,19.574922678000064],[93.66088357900009,19.578655112000035],[93.66625828500008,19.57462408300006],[93.66999072000004,19.57208602700007],[93.67357385800005,19.569846564000045],[93.67252877700008,19.566711319000035]]],[[[93.73252144900005,19.58577162200004],[93.70485166500004,19.59552572000007],[93.72854018600003,19.590151012000035],[93.73252144900005,19.58577162200004]]],[[[93.62715694800005,19.62082041900004],[93.62678161200006,19.612437924000062],[93.60626326600004,19.615815947000044],[93.60075834400004,19.61356393400007],[93.62040090600004,19.62344776900005],[93.62715694800005,19.62082041900004]]],[[[93.65793446900005,19.62857735600005],[93.65468156100007,19.627701573000024],[93.65130353900008,19.629703364000022],[93.64992730800003,19.63433250500003],[93.65017753200004,19.638210971000035],[93.65130353900008,19.63883652900006],[93.65255465800004,19.635583620000034],[93.65555734200007,19.632080491000067],[93.65868514000005,19.63120470700005],[93.65793446900005,19.62857735600005]]],[[[93.54245621100006,19.651848163000068],[93.54541551500006,19.647085335000043],[93.54250871700003,19.647981790000074],[93.53864824500005,19.64975180700003],[93.53494950000004,19.653599730000053],[93.53444905200007,19.656352191000053],[93.53554974000008,19.656299777000072],[93.53707640000005,19.656227080000065],[93.54245621100006,19.651848163000068]]],[[[93.69189121100004,19.654212828000027],[93.69075550000008,19.653629626000054],[93.68817312200008,19.65885736900003],[93.68815780600005,19.660058710000044],[93.69459757400006,19.660683929000072],[93.69610921100008,19.659424234000028],[93.69598323900004,19.657786627000064],[93.69308593700003,19.654826338000078],[93.69189121100004,19.654212828000027]]],[[[93.57661175300007,19.648094807000064],[93.56197366300006,19.661857115000032],[93.58420875200005,19.670161775000054],[93.58674581400004,19.65960510000008],[93.57661175300007,19.648094807000064]]],[[[93.81306740200006,19.70774760300003],[93.80709550300008,19.704761655000027],[93.80694620600008,19.717750529000057],[93.80545323200005,19.721781560000068],[93.80500534000004,19.729246430000046],[93.80873777500005,19.733277460000068],[93.81247021100006,19.72835064800006],[93.81413802800006,19.72365012100005],[93.81456037500004,19.714018096000075],[93.81306740200006,19.70774760300003]]],[[[93.50375139500005,19.717916634000062],[93.46218912600006,19.741850519000025],[93.48173785600005,19.736767847000067],[93.50375139500005,19.717916634000062]]],[[[93.44533812100008,19.746307629000057],[93.45913170500006,19.735548006000045],[93.48840788100006,19.715404996000075],[93.50267063500007,19.68813060900004],[93.49816660700009,19.67599475800006],[93.48127650700008,19.687254824000036],[93.46526218500009,19.68825572000003],[93.45487790200008,19.689694505000034],[93.45034259500005,19.698608728000067],[93.44518173100005,19.711276304000023],[93.44064642500007,19.712214644000028],[93.43220137500003,19.71111991500004],[93.41030679600004,19.734891170000026],[93.41998732200005,19.741993878000073],[93.42485105100008,19.74677679900003],[93.43055499800005,19.740969912000025],[93.44049003700007,19.747715137000057],[93.44533812100008,19.746307629000057]]],[[[93.57831181100005,19.72760598800005],[93.56351030500008,19.713943061000066],[93.54220264200006,19.697515013000043],[93.55196187700005,19.680273697000075],[93.53244340700007,19.678647158000047],[93.51715393900008,19.68889435400007],[93.51097308800007,19.71312979100003],[93.52707582800008,19.713292443000057],[93.53737413500005,19.728998329000035],[93.54691087800006,19.75063910500006],[93.58221550600007,19.758022271000073],[93.58351673800007,19.738991764000048],[93.57831181100005,19.72760598800005]]],[[[93.70868757900007,19.75263829200003],[93.70355603800004,19.73082923900006],[93.67478274900003,19.71323538400003],[93.63460190800004,19.718471411000053],[93.65059119600005,19.739076359000023],[93.67056755500005,19.759602528000073],[93.68302987100003,19.780495232000078],[93.68907775900004,19.793690627000046],[93.705572,19.76308464500005],[93.70868757900007,19.75263829200003]]],[[[93.57538404000007,19.778679319000048],[93.55688314000008,19.76306404500008],[93.54610633400006,19.771522548000064],[93.54919676100008,19.79217959700003],[93.55954051100008,19.805105952000076],[93.57551616500007,19.781233728000075],[93.57538404000007,19.778679319000048]]],[[[93.40326463800005,19.795904302000054],[93.40208208100006,19.793752813000026],[93.39923631900007,19.795793675000027],[93.39996873900009,19.806413795000026],[93.40333711800008,19.807081367000023],[93.40509187900005,19.798296118000053],[93.40326463800005,19.795904302000054]]],[[[93.74861738800007,19.824525695000034],[93.74023281500007,19.816003669000054],[93.74439939000007,19.80698607000005],[93.74504363500006,19.791537211000048],[93.72841194200004,19.787413651000065],[93.71521655100008,19.779716337000025],[93.69915757200005,19.793507356000077],[93.70007392100007,19.807802366000033],[93.72481528200007,19.815133140000057],[93.73067990000004,19.818065450000063],[93.73336021500006,19.837033827000027],[93.74861738800007,19.824525695000034]]],[[[93.56432357400007,19.838535964000073],[93.59440416400008,19.824655754000048],[93.58384204500004,19.808770295000045],[93.56481153700008,19.80665579400005],[93.54561837500006,19.801450869000064],[93.55586557200007,19.824222419000023],[93.56432357400007,19.838535964000073]]],[[[93.73110436800005,19.832804098000054],[93.72243278000008,19.83181065200006],[93.73122970900005,19.822280645000035],[93.72041681800005,19.820447952000052],[93.70538873000004,19.81091794500003],[93.68999410600009,19.79552332000003],[93.68185955500007,19.78440154200007],[93.67276678700006,19.767483109000068],[93.65407331400007,19.740542516000062],[93.64087792200007,19.763634454000055],[93.67614462600005,19.790429178000068],[93.67496602100005,19.817882179000037],[93.70318949800009,19.837675270000034],[93.73287913400009,19.84903797000004],[93.73122970900005,19.838408349000076],[93.73110436800005,19.832804098000054]]],[[[93.77132921500004,19.858776657000078],[93.78229312900004,19.859438504000025],[93.78655414100007,19.842394456000022],[93.79150241400004,19.825625310000078],[93.78179319700007,19.808900977000064],[93.77542053100007,19.762397385000043],[93.71672852000006,19.75579968900007],[93.70338032800004,19.78267203000007],[93.72298258800004,19.78452715800006],[93.73709432700008,19.782694466000066],[93.74504363700004,19.804457701000047],[93.74287617100003,19.817506965000064],[93.74765522500007,19.820814490000032],[93.73720887100006,19.837721088000023],[93.74050771900005,19.84871724800007],[93.76103558400007,19.862644379000074],[93.77132921500004,19.858776657000078]]],[[[93.70855817200004,19.87282144200003],[93.72410492000006,19.86896404500004],[93.74277567700005,19.87304625300004],[93.73874375100007,19.85361970100007],[93.70575526800008,19.852886624000064],[93.67808159600008,19.833093535000046],[93.67551582700008,19.81238410000003],[93.68125155300004,19.80141512700004],[93.65187408000008,19.784160620000023],[93.62492142700006,19.751440195000043],[93.60384847800003,19.700280131000056],[93.59636639600006,19.710527327000023],[93.59490251200003,19.740455648000022],[93.59473985700004,19.769245392000073],[93.59978212900006,19.789251826000054],[93.63247556900006,19.82910203600005],[93.64499992000003,19.865861823000046],[93.67720539700008,19.856915856000057],[93.70458009900005,19.875144199000033],[93.70855817200004,19.87282144200003]]],[[[93.71193488300008,19.88480985600006],[93.73512990900008,19.883366608000074],[93.73666127100006,19.870514290000074],[93.73100635000009,19.876872002000027],[93.72831804200007,19.869077274000063],[93.71770622400004,19.871554710000055],[93.70583248600008,19.87741025200006],[93.67772825900005,19.860941076000074],[93.65405809400005,19.869566107000026],[93.67468797800007,19.893964910000022],[93.71193488300008,19.88480985600006]]],[[[93.71434617900007,19.893576108000047],[93.71920704800004,19.892360890000077],[93.72428886600005,19.892471364000073],[93.72605645400006,19.889819980000027],[93.72859736400005,19.887168597000027],[93.72638787800008,19.885401009000077],[93.72042226700006,19.885732432000054],[93.71158432500005,19.888604764000036],[93.70782819700008,19.894459900000072],[93.70760724800004,19.896779860000038],[93.71434617900007,19.893576108000047]]],[[[93.60173397600005,19.848295198000073],[93.56855257700005,19.839999848000048],[93.55798007200008,19.82682488000006],[93.54136612100007,19.84077144200006],[93.54944180900009,19.866654563000054],[93.59667726100008,19.877528249000022],[93.63082659000008,19.903341436000062],[93.65801223500006,19.894326257000046],[93.60173397600005,19.848295198000073]]],[[[93.58254081500007,19.878060867000045],[93.58790839400007,19.900181802000077],[93.60499357400005,19.903265043000033],[93.58872166300006,19.88066333000006],[93.58254081500007,19.878060867000045]]],[[[93.71423873600008,19.919428012000026],[93.71375045300005,19.918752812000037],[93.71024856200006,19.919157167000037],[93.70965346800006,19.92218222400004],[93.71123275400004,19.92627920800004],[93.71429977100007,19.928228519000072],[93.72197875500007,19.92668738200007],[93.72867306000006,19.923686488000044],[93.72814932900008,19.92080597100005],[93.71423873600008,19.919428012000026]]],[[[93.50252306300007,19.917478706000054],[93.49665954100004,19.927832970000054],[93.50934654700006,19.92051354000006],[93.50252306300007,19.917478706000054]]],[[[93.46300029100007,19.939609291000068],[93.46424671600005,19.94883453500006],[93.47110268500006,19.966537088000052],[93.48722229200007,19.952604445000077],[93.46300029100007,19.939609291000068]]],[[[93.44753145900006,19.929524766000043],[93.49595731000005,19.90437730600007],[93.51497824900008,19.91565786500007],[93.53716036900005,19.89286237300007],[93.52626255600006,19.868138977000058],[93.50394332900004,19.87447222000003],[93.50751154600005,19.848305270000026],[93.50156451200007,19.824856966000027],[93.47839526800004,19.829846385000053],[93.48762793100008,19.829647914000077],[93.49969342900005,19.817535043000078],[93.50275392100008,19.796311201000037],[93.51147511800008,19.775778909000053],[93.52042510900009,19.757400607000022],[93.51379841200009,19.731913317000078],[93.49714671800007,19.758929843000033],[93.47615837000006,19.762828090000028],[93.45407810100005,19.77636903100006],[93.43931725800007,19.800889109000025],[93.43197001000004,19.830373458000054],[93.42747774100008,19.848300533000042],[93.42641603700008,19.876375341000028],[93.41028353000007,19.913608279000073],[93.39719263200004,19.925682476000077],[93.40454997900008,19.93312675100003],[93.39614260100007,19.959699774000057],[93.43037002000005,19.95756078200003],[93.44753145900006,19.929524766000043]]],[[[93.48996887500005,19.93086448400004],[93.46848545200004,19.932004808000045],[93.46474554300005,19.938736663000043],[93.48992654000006,19.953322881000076],[93.49703184700007,19.96940479700004],[93.50600759500009,19.955193115000043],[93.49419937200008,19.931635053000036],[93.48996887500005,19.93086448400004]]],[[[93.46187796100008,19.961924329000055],[93.45092299300006,19.969228360000045],[93.44155793100003,19.989724334000073],[93.45352512100004,19.997703090000073],[93.46349816200006,19.982494103000022],[93.46287513800007,19.967534277000027],[93.46187796100008,19.961924329000055]]],[[[93.46374720300008,19.998326577000057],[93.48306960100007,19.990472977000024],[93.49516182200006,19.977258667000058],[93.48793186700004,19.959431445000064],[93.47284789900004,19.96778376900005],[93.46761197000006,19.98037486100003],[93.45763887200008,19.998700476000067],[93.46374720300008,19.998326577000057]]],[[[93.13487318300008,20.060598533000075],[93.15066396300006,20.028518303000055],[93.15481962400008,20.00907061600003],[93.16459344600008,19.989002972000037],[93.18226389500006,19.94561591200005],[93.19008073600008,19.927323734000026],[93.21047056600008,19.894700003000025],[93.22336725700006,19.855314446000023],[93.24143762100005,19.829962288000047],[93.23850658500004,19.81734608100004],[93.22232215500009,19.82511970300004],[93.21314673200004,19.853538031000028],[93.20537310700007,19.874310171000047],[93.18141505700004,19.912413669000046],[93.17007321300008,19.940449688000058],[93.15618264100004,19.979954986000052],[93.13354408900005,20.025692294000066],[93.11908305300005,20.055445467000027],[93.13055167500005,20.059102487000075],[93.13487318300008,20.060598533000075]]],[[[93.11692225900003,20.056442755000035],[93.11692207500005,20.066914620000034],[93.12805828200004,20.070072976000063],[93.12107753900005,20.059434777000035],[93.11692225900003,20.056442755000035]]],[[[93.17160660800005,20.037993180000058],[93.14783793500004,20.05145663600007],[93.12972033800008,20.074062285000025],[93.13852950100005,20.080877446000045],[93.16263059700003,20.067580216000067],[93.17858730700004,20.052288215000033],[93.17160660800005,20.037993180000058]]],[[[92.93701188700004,20.10492223800003],[92.94690413800004,20.084335663000047],[92.96214326500007,20.06695749100004],[92.97283783300009,20.031666115000064],[92.97604648900005,20.00493014500006],[93.00721730100008,19.945684022000023],[93.03181253700006,19.882730416000072],[93.02544071600005,19.821433488000025],[93.01550067300008,19.86093878500003],[93.01346168700007,19.897767917000067],[92.97334056600005,19.954176091000022],[92.94069547900006,20.013097901000037],[92.92230880100004,20.042359745000056],[92.91202227900004,20.06305298600006],[92.92792208800006,20.102248496000072],[92.93701188700004,20.10492223800003]]],[[[92.99467178600008,20.122898161000023],[93.03921676400006,20.12622325500007],[93.07262567000004,20.118743876000053],[93.08702997000006,20.086153178000075],[93.12080077200005,20.04433645000006],[93.13897872000007,19.99907045200007],[93.11769683300008,19.98199396900003],[93.10482575300006,19.961349263000045],[93.10989908100004,19.929773479000062],[93.11909863400007,19.893553075000057],[93.13388208200007,19.86872306300006],[93.13413613500006,19.85519470500003],[93.15567289600006,19.81836557400004],[93.17083783200007,19.788672880000036],[93.14509567100004,19.82244354000005],[93.13311664200006,19.83416769100006],[93.13082278700006,19.843980299000066],[93.12050043600004,19.853665469000077],[93.10660986300007,19.871761442000036],[93.09361134800008,19.894062822000024],[93.07742691900006,19.920569602000057],[93.05321399400003,19.95191896700004],[93.04658729600004,19.972945981000066],[93.04034291000005,20.005569712000067],[93.02403104600006,20.032713673000046],[93.00400841600003,20.052756447000036],[92.97604528100004,20.073909064000077],[92.98427087600004,20.09579471400008],[92.97241928400007,20.125359970000034],[92.98918672900004,20.124892713000065],[92.99467178600008,20.122898161000023]]],[[[93.11309921000009,20.065252359000056],[93.09531420600007,20.07805103100003],[93.08417747600004,20.10481228900005],[93.07129592300004,20.12389666100006],[93.07727931100004,20.139355221000073],[93.09639356900004,20.151822025000058],[93.10877649500009,20.133236302000057],[93.11615245200005,20.10526212700006],[93.12057861700004,20.07505946200007],[93.11309921000009,20.065252359000056]]],[[[93.06664188600007,20.12838453200004],[93.06115655600007,20.14533889300003],[93.07960570500006,20.172266832000048],[93.08714061300003,20.16275229300004],[93.08143454200007,20.14500676600005],[93.06664188600007,20.12838453200004]]],[[[93.17883449100003,20.189555271000074],[93.20228130600003,20.164058687000022],[93.22193294500005,20.163311176000036],[93.21894148300004,20.142367398000033],[93.22854058500008,20.126909069000078],[93.23302854200006,20.11506595800006],[93.19799948200006,20.097113644000046],[93.18874887100009,20.06291785600007],[93.17409938400004,20.06226134800005],[93.14918802800008,20.074021032000076],[93.13173550200008,20.084118628000056],[93.11309826300004,20.11927388600003],[93.10944118500004,20.141879759000062],[93.09473142900003,20.15398285300006],[93.08492450800009,20.17476020600003],[93.10437117400005,20.188058116000036],[93.15839032300005,20.18905628600004],[93.17883449100003,20.189555271000074]]],[[[92.97100464900007,20.17523616400007],[92.95446239400007,20.17959721400007],[92.94649178700007,20.19478649200005],[92.95521371100006,20.212983824000048],[92.97701887600005,20.238249690000032],[92.97476350600004,20.21644310000005],[92.97431289600007,20.186064300000055],[92.97100464900007,20.17523616400007]]],[[[93.28849968100008,20.205776396000033],[93.30337327200004,20.203809832000047],[93.30325427800005,20.177889883000034],[93.30227174800007,20.150567984000077],[93.31102431800008,20.11480019000004],[93.34850773500006,20.067312664000042],[93.33841052700006,20.054596667000055],[93.31821579200005,20.047365772000035],[93.29827036200004,20.038763584000037],[93.29029196600004,20.048985986000048],[93.29253552900008,20.06656379800006],[93.27897288700007,20.044398070000057],[93.25820361300003,20.032343050000065],[93.22346522400005,20.026691020000044],[93.19969624500004,20.057607590000032],[93.20348443700004,20.096989089000033],[93.23539702300008,20.11282205300006],[93.22729374300008,20.134638320000022],[93.22466987700005,20.15412210900007],[93.22243142000008,20.16742515900006],[93.19754558000005,20.169519567000066],[93.17900046200003,20.199196061000066],[93.20991553300007,20.228285061000065],[93.22718990200008,20.245831139000074],[93.25290233700008,20.25143795400004],[93.24248108400008,20.268769748000068],[93.25428730500005,20.27337215400007],[93.26298256300004,20.259347474000037],[93.27251910400008,20.254859684000053],[93.28476732200005,20.23195267600005],[93.28673116400006,20.206521033000058],[93.28849968100008,20.205776396000033]]],[[[93.26608292800006,20.294866642000045],[93.27289767900004,20.293536990000064],[93.26791173100008,20.267939028000058],[93.25162274400003,20.274753795000038],[93.23284068900006,20.27458728000005],[93.23533357900004,20.291541766000023],[93.24779906300006,20.31830339000004],[93.27289711700007,20.322791731000052],[93.25893561400005,20.303343754000025],[93.26608292800006,20.294866642000045]]],[[[93.32392428400004,20.328942711000025],[93.32498654900007,20.31000361100007],[93.33838524000004,20.305339686000025],[93.33157074200005,20.292540634000034],[93.34420320700008,20.27641748900004],[93.35882991300008,20.277747482000052],[93.37536060300005,20.237044941000022],[93.40288924300006,20.182580613000027],[93.41036958500007,20.139862165000068],[93.41081509800006,20.121929175000048],[93.39899053200008,20.11365427100003],[93.39216831600004,20.10024339000006],[93.37850782300006,20.087721767000062],[93.37319031700008,20.06756239400005],[93.37742914000006,20.04524740900007],[93.37755420800005,20.02218436800007],[93.37431314900005,20.016948382000066],[93.37381464200007,20.009593134000056],[93.36907737900003,20.020563589000062],[93.36458951100008,20.02791875400004],[93.35960286400007,20.042753821000076],[93.35490940800008,20.06770535000004],[93.33035357200004,20.10218223100003],[93.31073978600006,20.139913884000066],[93.30824597100008,20.174986284000056],[93.30224089300003,20.21088972800004],[93.28935378200003,20.23153719100003],[93.27655492700006,20.257799759000022],[93.26724691700008,20.262952435000045],[93.27555709600006,20.289215334000062],[93.26845194200007,20.300366066000038],[93.26608255500008,20.309660266000037],[93.29217760400007,20.33060440400004],[93.32126482900009,20.33160219000007],[93.32392428400004,20.328942711000025]]],[[[92.74841329600008,20.342044129000044],[92.73893895600008,20.352420893000044],[92.74751007900005,20.39332710800005],[92.75442746700008,20.407614265000063],[92.75237008100004,20.362886712000034],[92.74841329600008,20.342044129000044]]],[[[92.83932474100004,20.441887743000052],[92.83673086800007,20.428239811000026],[92.84259607800004,20.413802462000035],[92.86154447300004,20.409291061000033],[92.84634323000006,20.40788718600004],[92.83020274400008,20.388071833000026],[92.83856943200004,20.368034254000065],[92.86236819800007,20.334986420000064],[92.85943618100004,20.308141762000048],[92.83349533100005,20.291222479000055],[92.80913326400008,20.288176703000033],[92.79266642500005,20.279604217000042],[92.78364328400005,20.28716117400006],[92.77180052700004,20.290657558000078],[92.77078514800007,20.307238039000026],[92.76418420000005,20.333349509000072],[92.76766167100004,20.384153617000038],[92.76141171100005,20.42708008900007],[92.76727640200005,20.442119177000052],[92.79208960800008,20.445578537000074],[92.78081067900007,20.45535370700003],[92.77975778500007,20.46708410900004],[92.79660062000005,20.473400752000032],[92.81045065700005,20.46805514600004],[92.82432382600007,20.45147486700006],[92.83424924300004,20.44527143600004],[92.83932474100004,20.441887743000052]]],[[[92.79359290800005,20.474904610000067],[92.77629898100008,20.46542977200005],[92.78457032100005,20.451594021000062],[92.78787887100003,20.44512730400004],[92.76577251300006,20.44467578800004],[92.75502511500008,20.46754674500005],[92.75659854600008,20.476558323000063],[92.77178714900003,20.48362689000004],[92.77524575200005,20.495808531000023],[92.79329157500007,20.506486506000044],[92.80577367800004,20.490695752000022],[92.79750277800008,20.480469103000075],[92.79359290800005,20.474904610000067]]],[[[93.11074782300005,20.42256387900005],[93.07573249200004,20.413033377000033],[93.08105186600005,20.381340846000057],[93.06908488800008,20.362059136000028],[93.03251805800005,20.36427481800007],[93.03916533300008,20.434087324000075],[93.06952582400004,20.49237561700005],[93.09188977100007,20.511273106000033],[93.09057926700007,20.50124102600006],[93.09900105600008,20.48195964200005],[93.11119095800007,20.428104553000026],[93.11074782300005,20.42256387900005]]],[[[92.72287787000005,20.57085538700005],[92.70526874000007,20.580527063000034],[92.69809842600006,20.603880230000073],[92.71272068900004,20.601715455000033],[92.72287787000005,20.57085538700005]]],[[[92.38057407100007,21.479632839000033],[92.40244792500005,21.457918285000062],[92.41713847600005,21.440050212000074],[92.42970516800005,21.412844738000047],[92.42652027800005,21.37474786200005],[92.44184252400004,21.364897358000064],[92.46955329600007,21.36026226900003],[92.49858329100005,21.360005830000034],[92.50853021000006,21.376125090000073],[92.54654269000008,21.37727663000004],[92.56461926600008,21.36990466800006],[92.57094097600003,21.337167649000037],[92.57879394800005,21.309877891000042],[92.58524329700003,21.28084797100007],[92.59588913700009,21.250236388000076],[92.62186106000007,21.255895176000024],[92.64276105800008,21.273176773000046],[92.67281321900003,21.28379814400006],[92.68620193800007,21.277431376000038],[92.70027732000005,21.254197952000027],[92.71403749200005,21.242968311000027],[92.73047372200006,21.21645826300005],[92.73816163700008,21.19843142700006],[92.74878856300006,21.193458974000066],[92.76745799100007,21.19750915900005],[92.77981338200004,21.19013796200005],[92.78890407100005,21.153364028000055],[92.80021439500007,21.14323991200007],[92.79841763400003,21.118848898000067],[92.80592151600007,21.106839943000068],[92.81195596700007,21.09614751500004],[92.84206411000008,21.102613665000035],[92.85325007100005,21.097493925000038],[92.85472653300008,21.076330077000023],[92.86791376200006,21.067594358000065],[92.87224447300008,21.07858639400007],[92.89831607800005,21.096363902000064],[92.93467873800006,21.108697736000067],[92.94951153700003,21.113430742000048],[92.96750438700008,21.102620909000052],[92.98507484300006,21.091260702000056],[92.98768004700008,21.08274282900004],[92.99698367100007,21.080231140000024],[93.02772798600006,21.077640823000024],[93.04692670700007,21.061523244000057],[93.07702777600008,21.07005674000004],[93.07990804400004,21.084630848000074],[93.10832362400004,21.08204448200007],[93.11974098200005,21.087232650000033],[93.12842710000007,21.089265625000053],[93.12656438300007,21.073612971000045],[93.12490573800005,21.04777690900005],[93.13201692000007,21.011748795000074],[93.14126111700006,20.983779663000064],[93.13296601700006,20.95533618500008],[93.13818097100005,20.92475967000007],[93.14551929100008,20.90061547600004],[93.15385867500004,20.882268905000046],[93.15420785200007,20.86750244800004],[93.15608287900005,20.857065377000026],[93.17276145000005,20.839460166000038],[93.19063366300009,20.836477382000055],[93.19629086900005,20.841100432000076],[93.20852647800007,20.851135940000063],[93.22258548200006,20.845663152000043],[93.23965926900007,20.834086971000033],[93.25480084300006,20.842668592000052],[93.24521885900003,20.822782518000054],[93.25207570900005,20.806845078000038],[93.27439602900006,20.79462434000004],[93.28465818400008,20.792707457000063],[93.29599050500008,20.78984130200007],[93.31012315200007,20.791375457000072],[93.31652625400005,20.782926528000075],[93.32146286400007,20.761302690000036],[93.33324591900003,20.763387476000048],[93.34317206200006,20.770337804000064],[93.37494086500004,20.76505443600007],[93.38302017800004,20.76880836500004],[93.39368986600005,20.76313600900005],[93.39846851300007,20.745404250000036],[93.40535996900007,20.731766363000077],[93.42178352700006,20.743338363000078],[93.43733761300007,20.739557346000026],[93.45277183400003,20.73507481400003],[93.47012109200006,20.73111536500005],[93.47617050200006,20.736104253000065],[93.48818704500007,20.740387096000063],[93.49733597200009,20.73330405300004],[93.50589464900008,20.725925886000027],[93.51947047800007,20.70910366100003],[93.53558479900005,20.708088533000023],[93.55134416600004,20.72149898300006],[93.57855011100008,20.729383402000053],[93.60483678700007,20.724412623000035],[93.63137986500004,20.72575958300007],[93.62660148800006,20.742452983000078],[93.61627205000008,20.767243631000042],[93.60328647300008,20.78524636000003],[93.60900267400007,20.81788797200005],[93.60417185300008,20.835713034000037],[93.61184515000008,20.852535259000035],[93.62876272600005,20.864950027000077],[93.63165825500005,20.881382288000054],[93.62866737200005,20.907723958000076],[93.64978836300008,20.923212567000064],[93.66792009600005,20.92374621600004],[93.68658535900005,20.917702315000042],[93.70151780300006,20.903125326000065],[93.71076182500008,20.88570392300005],[93.72764971600009,20.865793852000024],[93.74364879100006,20.845883764000064],[93.74578251900004,20.815840499000046],[93.76054172300007,20.798265292000053],[93.76498181100004,20.771753594000074],[93.77602183600004,20.764665583000067],[93.79022420900009,20.772109553000064],[93.81995552800004,20.776639811000052],[93.82613259900006,20.763043826000057],[93.82761932800008,20.75013172100006],[93.83253267500004,20.73193399400003],[93.84384309800004,20.727819474000057],[93.84728755900005,20.704557494000028],[93.84746575400004,20.681625026000063],[93.86613125200006,20.663314918000026],[93.85769458400006,20.648153343000047],[93.84699970400004,20.62633626400003],[93.85258287800008,20.611070419000043],[93.85810969300007,20.591340540000033],[93.85766475100007,20.577772310000057],[93.85048204900005,20.56383783600006],[93.88039955800008,20.554178095000054],[93.89622304600005,20.55351431400004],[93.91093977600008,20.56185725200004],[93.92861330100004,20.565282488000037],[93.93444259100005,20.56040361600003],[93.93987849000007,20.55055418200004],[93.94016452700004,20.533407238000052],[93.96953382500004,20.524812628000063],[93.98229022500004,20.506494342000053],[93.98671143100006,20.499788137000053],[93.98985016300009,20.478826042000037],[93.99804718400009,20.46323439200006],[94.01044251000008,20.44065719500003],[94.01929631200005,20.415866548000054],[94.03908335400007,20.399885262000055],[94.04762847900008,20.382664791000025],[94.05587578300003,20.36717399400004],[94.07683366800006,20.37378493800003],[94.08116225400005,20.336077120000027],[94.10123087300008,20.305974193000054],[94.11259624700006,20.289419101000078],[94.12414353700007,20.285062680000067],[94.12454588500003,20.26613208400005],[94.12926791300004,20.219797184000072],[94.15051703700004,20.192645525000046],[94.16309929500005,20.17544729900004],[94.16763439000005,20.155164428000035],[94.17721435000004,20.12176560200004],[94.20371809800008,20.111429307000037],[94.21143524700005,20.106565389000025],[94.20716809500004,20.067339636000042],[94.22702820600006,20.027089808000028],[94.23709066300006,19.982073557000035],[94.24771633100005,19.977020468000035],[94.26913164300004,19.931231672000024],[94.28706927600007,19.926957926000057],[94.30064301900006,19.908723547000022],[94.30487984200005,19.874034554000048],[94.31392098100008,19.848737732000075],[94.28978615900007,19.837227145000043],[94.28846214900005,19.80094934300007],[94.30382063800005,19.761493921000067],[94.30726305700006,19.75010745800006],[94.31706071100007,19.726275324000028],[94.32368075000005,19.70058958100003],[94.33321360200006,19.675698242000067],[94.33347840400006,19.65213090900005],[94.33771522600006,19.629357983000034],[94.34777768400005,19.605261048000045],[94.35171660500004,19.584242430000074],[94.34973059500004,19.552863453000043],[94.36373260500005,19.53833996000003],[94.37490383300008,19.524905646000036],[94.38245003500003,19.51371645200004],[94.39494030000009,19.498884262000047],[94.41767872600008,19.491338736000046],[94.43449280600004,19.460893041000077],[94.45037648300007,19.436799720000067],[94.46363675800006,19.428366307000033],[94.47406559900008,19.40726638500007],[94.48698581400004,19.401540513000043],[94.49516834400004,19.393953365000073],[94.50684916900008,19.372411473000057],[94.51071367200007,19.367486756000062],[94.51292602800004,19.355337631000054],[94.52099401900006,19.343667888000027],[94.53096443200008,19.31578814100004],[94.52595305700004,19.287282755000035],[94.50746896200008,19.28372889800005],[94.48067973100007,19.271432204000064],[94.48726724700003,19.243325473000027],[94.49561143400007,19.214999155000044],[94.50961715800008,19.182821244000024],[94.51154104800008,19.18102046300004],[94.52477033700006,19.170566977000078],[94.53619164100007,19.14606647000005],[94.55234720500005,19.14578786100003],[94.56044965500007,19.143613784000024],[94.56845281900007,19.150018771000077],[94.58360066400007,19.155145541000024],[94.59175302200003,19.148458254000047],[94.60019738800008,19.12791281400007],[94.60769451500005,19.125593149000053],[94.61919206400006,19.11713209900006],[94.62785112800003,19.107736678000038],[94.63511076000003,19.09562087100005],[94.64750472900005,19.09168050100004],[94.65431794800008,19.076848793000067],[94.66152753900008,19.069242549000023],[94.66687174400005,19.058458398000028],[94.67555047300004,19.046354114000053],[94.68609435700006,19.037427609000076],[94.67209416300005,19.015161457000033],[94.67896074900005,18.994909199000062],[94.68097853400008,18.984090818000027],[94.68866916800005,18.975137380000035],[94.69115610100005,18.964773198000046],[94.69746573500004,18.951741826000045],[94.69766809200007,18.932775502000027],[94.70158568400007,18.921525747000032],[94.71210652500008,18.913949872000046],[94.71690914700008,18.908578576000025],[94.72549613000007,18.90414246000006],[94.74117473800004,18.902036363000036],[94.75845329200007,18.875839712000072],[94.76130788300009,18.86266468200006],[94.76022899300006,18.848928252000064],[94.75186578000006,18.833020864000048],[94.74291423100004,18.826185225000074],[94.72158990300005,18.824628758000074],[94.70487483600004,18.822480839000036],[94.68884521500007,18.805133717000047],[94.69924698500006,18.77657154900004],[94.70649324900006,18.762957352000058],[94.71249938800008,18.742353527000034],[94.71921354800008,18.734742891000053],[94.72829213500006,18.728055667000035],[94.73745457000007,18.716405577000046],[94.73569790200008,18.693788442000027],[94.73965041000008,18.670732137000073],[94.74276156000008,18.65774331800003],[94.72762879400005,18.654890137000052],[94.70727342000004,18.65334481900004],[94.69922445800006,18.652814787000068],[94.69318181900007,18.641919866000023],[94.68995820700007,18.633306599000036],[94.69911366100007,18.618493899000043],[94.70870389400005,18.607294185000057],[94.71307543900008,18.596952129000044],[94.71870048400007,18.58929093000006],[94.72749139800004,18.57676500900004],[94.73956095200003,18.569308802000023],[94.74938006500008,18.566583490000028],[94.76600821400007,18.56131904600005],[94.76084084800004,18.544343954000055],[94.75218595200005,18.528765143000044],[94.75374379200008,18.51017541300007],[94.75020769000008,18.504778722000026],[94.73635986000005,18.477330342000073],[94.75045957900005,18.460466492000023],[94.76003428700005,18.449716613000078],[94.76390617300007,18.441171686000075],[94.78516350100006,18.398707719000072],[94.79819274800008,18.371030877000067],[94.80487221700008,18.36522089300007],[94.82143940000003,18.364011782000034],[94.82576920800005,18.356374463000066],[94.84153503800007,18.341067641000052],[94.85090273400004,18.329211647000022],[94.86656435700007,18.31340365500006],[94.88003042400004,18.303743216000044],[94.88077703900007,18.290460332000066],[94.87896127600004,18.282315905000075],[94.87329739100005,18.26963893800007],[94.88537386400009,18.253465393000056],[94.87935046300004,18.240316260000043],[94.87241917000006,18.230558072000065],[94.88456790400005,18.214310967000074],[94.90183959900008,18.196453792000057],[94.89452108100005,18.180060319000063],[94.88957121400006,18.172619540000028],[94.87731222600007,18.164132765000033],[94.86886012200006,18.15349761600004],[94.85646480600008,18.130733530000043],[94.86905265000007,18.109802581000054],[94.87271190900003,18.094287327000075],[94.88037283500006,18.078187769000067],[94.87306157300009,18.05934548500005],[94.86267254600006,18.05184346900006],[94.85237456900006,18.048806825000042],[94.85574727100004,18.03146244900006],[94.83617625700003,18.02694886200004],[94.83286066200009,18.008683916000052],[94.81978278600008,17.99806512200007],[94.81861182300008,17.98186681100003],[94.82606660600004,17.978364847000023],[94.83825423700006,17.946139904000063],[94.84914955700003,17.932043091000025],[94.85354990900004,17.91598558000004],[94.86442721400005,17.91275209300005],[94.87693043600007,17.901126928000053],[94.87627490800008,17.884957218000068],[94.87518235900006,17.86288774800005],[94.88620944900003,17.851510792000056],[94.87619026700008,17.82109533700003],[94.87352538200008,17.795630868000046],[94.87441367700006,17.76098734800007],[94.87056439600008,17.731377502000043],[94.86244746300008,17.716268510000077],[94.84180187900006,17.69969349300004],[94.82655580900007,17.68196550600004],[94.80815663600004,17.67606521700003],[94.79693390800009,17.666933176000043],[94.79180699000005,17.661020027000063],[94.78906055300007,17.65241418900007],[94.79104789200005,17.641591910000045],[94.79444295800005,17.631234826000025],[94.79177673700008,17.614049580000028],[94.78630617800007,17.595033299000022],[94.78970887700007,17.583768897000027],[94.78361686300008,17.58055663500005],[94.77390058500004,17.566560322000043],[94.78952974400005,17.552606297000068],[94.79302788800004,17.530957838000063],[94.80161864200005,17.518384707000052],[94.80350740900008,17.507535129000075],[94.80786593600004,17.49336992800005],[94.80096493900004,17.474846201000048],[94.78846132400008,17.465879378000068],[94.79103135800005,17.44967596200007],[94.77951484400006,17.432081289000052],[94.76511920700005,17.42088468000003],[94.76556776000007,17.406842152000024],[94.76180824000005,17.397901483000055],[94.75894814500003,17.38256552200005],[94.74576506700004,17.381056743000045],[94.73216597900006,17.36238674300006],[94.72849030000003,17.34554749800003],[94.71281504700005,17.33914943600007],[94.70591028600006,17.340951888000063],[94.70542659300008,17.342821271000048],[94.69697984200008,17.358503574000054],[94.69669315100003,17.36977362700003],[94.67221487400008,17.371809349000046],[94.66717761000007,17.38039576500006],[94.66360523200007,17.386182443000052],[94.65216283700005,17.401432061000037],[94.64737259100008,17.409968449000075],[94.63567637600005,17.404897645000062],[94.62836062300005,17.399291220000066],[94.62148270800009,17.399611122000067],[94.61476665500004,17.42049214000002],[94.59541060400005,17.43624003000002],[94.57957539900008,17.449036156000034],[94.56805888800005,17.454314556000043],[94.55969160800004,17.475892273000056],[94.56011885400005,17.478882997000028],[94.55828757100005,17.482483845000047],[94.55828757100005,17.490479451000056],[94.56048483900008,17.495118122000065],[94.56091208200007,17.50250337600005],[94.55871481700007,17.510071734000064],[94.55670065800007,17.513306599000032],[94.55627341100006,17.521729450000066],[94.55432028600006,17.525879840000073],[94.55212302100006,17.530091267000046],[94.55010886000008,17.532898884000076],[94.54791159600006,17.536683064000044],[94.54589743700006,17.539673787000027],[94.54370016800004,17.542481402000078],[94.54168600900005,17.54669283100003],[94.53967184800007,17.55011079800005],[94.53747458300006,17.552124958000036],[94.53790183100006,17.557496051000044],[94.54009909600006,17.56128023200006],[94.54211325600005,17.569275837000077],[94.54431052100006,17.576294878000056],[94.54467673300007,17.579285602000027],[94.54669089200007,17.582520466000062],[94.54888815700008,17.58508394300003],[94.55090231800006,17.58892915900003],[94.55370993600008,17.591675740000028],[94.55590720100008,17.596314412000027],[94.55871481700007,17.595093708000036],[94.56170554000005,17.59289644100005],[94.56548972000007,17.58831880400004],[94.56750388000006,17.58471773100007],[94.56872458400005,17.58172700700004],[94.56829733700005,17.57708833600003],[94.57128806100008,17.575074175000054],[94.57330222000007,17.57208345500004],[94.57592673200008,17.57013032900005],[94.57830710100006,17.567078570000035],[94.58129782500004,17.56250093400007],[94.58428855000005,17.557129839000027],[94.59252829500008,17.556702595000047],[94.59509177200005,17.55468843500006],[94.59747214300006,17.55047700700004],[94.60223338900005,17.54253946500006],[94.60327048200008,17.51831148200006],[94.60552878400006,17.515931109000064],[94.60748190900006,17.511292438000055],[94.60467428900006,17.50512788800006],[94.60589499300005,17.50427339600003],[94.60790915300004,17.508301716000062],[94.61010642100007,17.51208589400005],[94.60748190900006,17.515503865000028],[94.60632224000005,17.52667329600007],[94.60668845000004,17.544312457000046],[94.60388083300006,17.544312457000046],[94.60168356900004,17.54827974400007],[94.60052390000004,17.55328462500006],[94.59667868500009,17.556275348000042],[94.59472556200006,17.55828950800003],[94.59167380300005,17.560486773000036],[94.58892722100006,17.56250093400007],[94.59252829500008,17.572510701000056],[94.59130759100003,17.578309039000032],[94.58587546300004,17.579712847000053],[94.58129782500004,17.579285602000027],[94.57928366600004,17.582520466000062],[94.57708640100003,17.585877399000026],[94.57507224100004,17.58789156000006],[94.57250876400008,17.590088824000077],[94.56750388000006,17.59253023100007],[94.57012839100008,17.595093708000036],[94.57330222000007,17.597107868000023],[94.57549948400003,17.600098590000073],[94.57787985800007,17.602478962000077],[94.58007712200003,17.607483843000068],[94.58209128200008,17.61828706800003],[94.58172507300009,17.625123004000045],[94.57971091200005,17.62927339400005],[94.57751364500007,17.63391206600005],[94.57549948400003,17.635926226000038],[94.57330222000007,17.637879351000038],[94.57549948400003,17.64172456700004],[94.57751364500007,17.65332124500003],[94.57549948400003,17.650086384000076],[94.57110838900007,17.640122586000075],[94.56829733700005,17.647095660000048],[94.56628317900004,17.649292925000054],[94.56329245500007,17.64972017200006],[94.56127829400003,17.644288043000074],[94.55932516900003,17.637879351000038],[94.55712790200005,17.635071735000054],[94.55436119800004,17.64181902300004],[94.55370993600008,17.660096149000026],[94.55169577300006,17.665100944000073],[94.55132956500006,17.670105826000054],[94.54931540500007,17.67370690200005],[94.54632468000005,17.675904167000056],[94.54327292500005,17.677124870000057],[94.53967184800007,17.679322134000074],[94.53710837100004,17.681702507000068],[94.53552145800006,17.684327018000033],[94.53387351100008,17.689270865000026],[94.53588767000008,17.69250572800007],[94.53710837100004,17.699280630000032],[94.53430075500006,17.702088247000063],[94.52868552000007,17.705078971000034],[94.52831931000009,17.70831383500007],[94.53051657500004,17.711731803000077],[94.53430075500006,17.712098015000038],[94.53509421200005,17.71667565200005],[94.53430075500006,17.721314324000048],[94.53668112800005,17.72430504500005],[94.53930564000007,17.724671257000068],[94.54168600900005,17.733277214000054],[94.54009909600006,17.737122429000067],[94.53631491600004,17.74011315100006],[94.53430075500006,17.74328697900006],[94.53210349000005,17.748291863000077],[94.53008933100006,17.75128258500007],[94.52709860700008,17.753296745000057],[94.52429099000005,17.755494009000074],[94.52172751300009,17.757874383000058],[94.51971335200005,17.76007164600003],[94.51751608800004,17.762085806000073],[94.51422465400003,17.76301838100005],[94.49590964200007,17.772095574000048],[94.48704553300007,17.777923341000076],[94.47791299200009,17.790885658000036],[94.48428897300005,17.788748222000038],[94.48305195900008,17.796541396000066],[94.47938598400003,17.80355337700007],[94.48954961600003,17.819608971000036],[94.48748679000005,17.83331383500007],[94.48547263000006,17.83831871600006],[94.48290915300004,17.84167565300004],[94.47930807900008,17.84668053400003],[94.48589987700007,17.86212242700003],[94.48370261200006,17.87329186100004],[94.48168845200007,17.877076042000056],[94.47967429100004,17.880127798000046],[94.47888083300006,17.883301626000048],[94.47668356800006,17.88928307200007],[94.48010153600006,17.90289391300007],[94.47790427200005,17.908326042000056],[94.47589011100007,17.91168297400003],[94.47369284600006,17.91589440200005],[94.47167868700006,17.91967858000004],[94.46972564700008,17.923279657000023],[94.46752838200007,17.92749108000004],[94.46551422300007,17.930909049000036],[94.46331695800006,17.93469323000005],[94.46130279700009,17.93829430200003],[94.45928863700004,17.94250573000005],[94.45709137000006,17.946717155000044],[94.45507721100006,17.950074088000065],[94.45287994600005,17.953308951000054],[94.45092682100005,17.956299673000046],[94.44891266000008,17.96008385300007],[94.44671539500007,17.96331871700005],[94.44470123200006,17.96667565000007],[94.44250396700005,17.96972740900003],[94.44012359900006,17.97430504600004],[94.43926910400006,17.97967613900005],[94.43707183900005,17.985108268000033],[94.43469146800004,17.99011315200005],[94.43249420300003,17.992920768000033],[94.43048004300005,17.996704949000048],[94.43249420300003,18.003723990000026],[94.44329742500008,18.003723990000026],[94.44568260900007,18.000068468000052],[94.44683289300008,17.994158344000027],[94.45507721100006,17.98889244800006],[94.45629791400006,17.991700065000032],[94.45228295800007,17.99695702500003],[94.46671826600004,18.006973363000043],[94.48144816800004,18.001817894000055],[94.48984421500006,17.99297995200004],[94.47349402100008,18.012570726000035],[94.47589019800006,18.018311392000044],[94.47790435800005,18.022522820000063],[94.48089508100009,18.02472008500007],[94.48052886900007,18.027527701000054],[94.48168853800007,18.045105826000054],[94.47967437800008,18.063294303000077],[94.47747711300008,18.07128990800004],[94.47552398700003,18.077515493000078],[94.47332672300007,18.08368004500005],[94.47131256400007,18.08831871800004],[94.46929840100006,18.092530142000044],[94.46630767900007,18.096680535000075],[94.46429352000007,18.100098504000073],[94.46209625500006,18.104309928000077],[94.46008209500008,18.10711754400006],[94.45788482700004,18.110108268000033],[94.45587066700006,18.114319693000027],[94.45391754100007,18.117493522000075],[94.45172027600006,18.120118035000075],[94.44970611600007,18.12329186200003],[94.44750885300004,18.127076040000077],[94.44549469000003,18.130921255000032],[94.44512848000005,18.134705437000036],[94.44830389900005,18.140402368000025],[94.44170447000005,18.13540130100006],[94.43710394600004,18.133303218000037],[94.43669958900006,18.137102655000035],[94.43460150300007,18.138300471000036],[94.43250342200008,18.14000182600006],[94.43620367700004,18.141703180000036],[94.44000311700006,18.14460235000007],[94.44329901500004,18.146700433000035],[94.44419928500008,18.15210204500005],[94.44210119900004,18.159201195000037],[94.44419928500008,18.158800652000025],[94.44629736600007,18.15670257100004],[94.44830389900005,18.154600671000026],[94.45040198200007,18.151701502000037],[94.45157305700008,18.15350045400004],[94.44500036900007,18.162901454000064],[94.44709845500006,18.17420058700003],[94.44920416600007,18.17709975500003],[94.45120306600006,18.180002742000056],[94.45330115200005,18.186300807000066],[94.45539923500007,18.192499690000034],[94.45580359300004,18.199602654000046],[94.45379706200004,18.203302912000026],[94.45169898000006,18.20540099400006],[94.45459814700007,18.207502894000072],[94.45079871000007,18.20580153700007],[94.45290442400005,18.201700739000046],[94.45330115200005,18.191702417000045],[94.45120306600006,18.187502434000066],[94.44670172400004,18.179602198000055],[94.44460364100007,18.177500300000077],[94.44249792900007,18.172503047000077],[94.43460150300007,18.172503047000077],[94.43250342200008,18.174601130000042],[94.43039770800004,18.178301385000054],[94.42829962500008,18.181700282000065],[94.42620154200006,18.184202722000066],[94.42420264200007,18.187502434000066],[94.42209692800009,18.190802148000046],[94.41999884200004,18.193800502000045],[94.41790075900008,18.195803217000048],[94.41580267700004,18.19790130000007],[94.41210242200003,18.200003199000037],[94.41500159000003,18.202101282000058],[94.41919775800005,18.205000452000036],[94.42500372600006,18.20620208200006],[94.42710181100006,18.204203181000025],[94.42579718300004,18.207102349000024],[94.42289801200008,18.209200434000024],[94.42500372600006,18.21880202600005],[94.42289801200008,18.223303369000064],[94.42079993000004,18.225801997000076],[94.41960211600008,18.230803064000042],[94.41829748800006,18.23500304600003],[94.41629858700009,18.238302759000078],[94.40683097200008,18.246298856000067],[94.39669867300006,18.251200249000078],[94.38749762300006,18.249601891000054],[94.38210364200006,18.247499994000066],[94.37999792900007,18.245401911000044],[94.37709875700006,18.246702723000055],[94.37419958800007,18.249601891000054],[94.36830206700006,18.251699976000054],[94.36000128500007,18.249601891000054],[94.35534995400008,18.248508342000036],[94.34999914900004,18.250402979000057],[94.34249945400006,18.250402979000057],[94.33712169700004,18.24872929000003],[94.33590647700004,18.24254273100007],[94.32959814900005,18.245802454000057],[94.32209845400007,18.248301080000033],[94.32000036900007,18.254999689000044],[94.31944580800007,18.265189960000043],[94.31670447200008,18.269201809000037],[94.31539984400007,18.276701503000027],[94.31580420300008,18.27920012800007],[94.31710119800005,18.28500228300004],[94.31829901400005,18.300402215000076],[94.32039709900005,18.303301386000044],[94.32250281100005,18.30620055600002],[94.32460089400007,18.310801080000033],[94.32750006400005,18.306700281000076],[94.32790442200007,18.300001673000054],[94.33000250500004,18.29789977300004],[94.33210059000004,18.295801690000076],[94.34169836800004,18.29460006100004],[94.34870215100005,18.296701960000064],[94.35080023500007,18.300402215000076],[94.34790106500009,18.305002740000077],[94.34580298000009,18.307100825000077],[94.34380408000004,18.310801080000033],[94.34500189600004,18.315401605000034],[94.34750433800008,18.312502435000056],[94.34999914900004,18.310400538000067],[94.35209723400004,18.307501368000032],[94.35420294400006,18.304201655000043],[94.35620184600003,18.303301386000044],[94.35829993100003,18.301302485000065],[94.36039801300007,18.298300319000077],[94.36419745400008,18.295801690000076],[94.36460181000007,18.293303063000053],[94.36669989300003,18.28710036600006],[94.37210150400006,18.28500228300004],[94.37500067600007,18.282103113000062],[94.38040228700004,18.28170257000005],[94.38420172400004,18.28669982300005],[94.38639323000007,18.29081999400006],[94.38329994900005,18.30264074400003],[94.39445785100008,18.306617817000074],[94.39920111500004,18.310801080000033],[94.40370245800005,18.316702417000045],[94.40170355600009,18.319601587000022],[94.39525188600004,18.321725178000065],[94.39083291500003,18.33498209000004],[94.39579840500005,18.33670287500007],[94.39460058900005,18.34420256900006],[94.39669867300006,18.348303369000064],[94.39460058900005,18.35170226400004],[94.39250250400005,18.355402522000077],[94.38862342900006,18.356082680000043],[94.37845979400004,18.365914892000035],[94.36255149600004,18.361937818000058],[94.35870428800007,18.365000300000077],[94.35172501700004,18.36215876700004],[94.34999914900004,18.367903285000068],[94.34500189600004,18.370001367000043],[94.33920355500004,18.367502742000056],[94.33540411800004,18.36420302600004],[94.33329840400006,18.367903285000068],[94.33370276300008,18.370802454000057],[94.33499975800004,18.377901604000044],[94.33659003800005,18.39198682400007],[94.33039923300004,18.408300929000063],[94.32579870800004,18.407900384000072],[94.32460089400007,18.410803368000074],[94.32669897900007,18.415003351000053],[94.32379980800005,18.41920333400003],[94.32080145600008,18.424601128000063],[94.31870337400005,18.426703028000077],[94.30963431300006,18.44622969900007],[94.29597823200004,18.453582392000044],[94.29540328900003,18.459200433000035],[94.29329757600004,18.46250014800006],[94.29129867600005,18.46500258800006],[94.28920059200004,18.468802027000038],[94.28710250700004,18.471701195000037],[94.28500442500007,18.47370009800005],[94.28289871400005,18.476702266000075],[94.28080062900005,18.480803065000032],[94.27870254500004,18.484201960000064],[94.27670364500005,18.487501672000064],[94.27459793200006,18.490000301000066],[94.27249984800005,18.49210210800004],[94.27040176200006,18.495001278000075],[94.26750259300007,18.49749990600003],[94.26246179200007,18.504891545000078],[94.25583333400004,18.510304786000063],[94.25119341400006,18.51859035700005],[94.24790268100008,18.52250143300006],[94.24420242400004,18.52380224500007],[94.24960403500006,18.53170248300006],[94.25859519200009,18.535161500000072],[94.26249771200008,18.53790136600003],[94.26460342200005,18.53580328000004],[94.26246179200007,18.540906165000024],[94.25830154300007,18.548300228000073],[94.26039962900006,18.55170294000004],[94.26329879600007,18.553701841000077],[94.26500015400006,18.557901822000076],[94.26210098400009,18.555799923000052],[94.25830154300007,18.553301298000065],[94.25460128800006,18.550802670000053],[94.25170211800008,18.54710241500004],[94.24710159400007,18.54580160300003],[94.24870376500007,18.550802670000053],[94.25080184900008,18.554602110000076],[94.25209884600008,18.57080313000006],[94.25039749200005,18.576700652000056],[94.25000076300006,18.58500143200007],[94.24790268100008,18.589201415000048],[94.24579696800004,18.59290166900007],[94.24379806600007,18.596701109000037],[94.24169998000008,18.600000822000027],[94.24250106800008,18.605802977000053],[94.24579696800004,18.607901059000028],[94.24379806600007,18.615801297000075],[94.24169998000008,18.625799619000077],[94.23960189900004,18.63170095600003],[94.23750381600007,18.635000670000068],[94.23539810200003,18.639200651000067],[94.24079971500004,18.642099819000066],[94.22987712500009,18.657681096000033],[94.19112459400009,18.689780841000072],[94.14013111900005,18.735143967000056],[94.16417892400005,18.72310453500006],[94.18793886400005,18.712027221000028],[94.22235995700004,18.689816731000064],[94.18106122500006,18.72043475600003],[94.16468414300004,18.73325160400003],[94.22307200400007,18.72494438900003],[94.26714886200006,18.731323583000062],[94.27196590500006,18.737523886000076],[94.25107919000004,18.734201002000077],[94.24562016200008,18.751764828000034],[94.22686959000004,18.733963651000067],[94.20034987700006,18.74326906400006],[94.21140721600005,18.774621515000035],[94.22022509300007,18.785818821000078],[94.20664837000004,18.767231208000055],[94.20314920300007,18.752506840000024],[94.18551344900004,18.759085257000038],[94.18606727200006,18.78712550800003],[94.19727061900005,18.796036362000052],[94.18915257300006,18.796176329000048],[94.18364591700004,18.782131728000024],[94.16451850100003,18.790857608000067],[94.13834480400004,18.824449521000076],[94.17151681900003,18.838726086000065],[94.15535400400006,18.832429667000042],[94.14859536000006,18.85059283800007],[94.14786251300006,18.883375338000064],[94.17123688700008,18.884774999000058],[94.14548308600007,18.88533486500006],[94.13260618400005,18.863080223000054],[94.11593707400004,18.853352564000033],[94.12309352400007,18.87803739000003],[94.11189117200007,18.880715976000033],[94.10671241800009,18.871618167000065],[94.08949656200008,18.852862680000044],[94.07424023500005,18.866019514000072],[94.06164326700008,18.847823894000044],[94.02455219600006,18.849503490000075],[94.02567192800007,18.86000096400005],[94.04274781600003,18.889113955000028],[94.05640784300004,18.890169279000077],[94.07997885500004,18.87469742600007],[94.09971410300005,18.897232],[94.10255231000008,18.921228446000043],[94.11325195500007,18.961787573000038],[94.10553825500006,18.946111345000077],[94.09202279400006,18.892633877000037],[94.06675805300006,18.878019773000062],[94.03487082500004,18.892115455000067],[94.03487082500004,18.921974934000048],[94.04805876100005,18.940388278000057],[94.03760794400006,18.968754784000055],[94.03949044500007,18.981683927000063],[94.03136388900003,18.993295542000055],[94.04704011600006,19.016110052000045],[94.06055476900008,19.043159760000037],[94.06187654600006,19.06845744900005],[94.10820539300005,19.08021461900006],[94.09882764900004,19.08273401400004],[94.09238920000007,19.097150543000055],[94.10554603400004,19.10806791500005],[94.11842293200004,19.124723907000032],[94.12649064200008,19.113099168000076],[94.14123744100004,19.123744143000067],[94.12554567300003,19.117907460000026],[94.11305703300008,19.119612179000057],[94.09728802200004,19.108487814000057],[94.08833017800004,19.08707296800003],[94.05417839800003,19.076435529000037],[94.03133166300006,19.098194127000056],[94.05800508100003,19.117415056000027],[94.093229,19.14977787500004],[94.12822057600005,19.14865814500007],[94.13241956600007,19.17329221600005],[94.12430151700005,19.149357976000033],[94.09532849500005,19.162094910000064],[94.09056963800003,19.165314137000053],[94.07690122500009,19.135420700000054],[94.06313624200004,19.12654346900007],[94.07111432200008,19.167413631000045],[94.06257637800007,19.183509756000035],[94.05795748800006,19.12668343400003],[94.03780234100003,19.120804849000024],[94.02940436100005,19.13788074000007],[94.03544237900007,19.180923172000064],[94.06138210300008,19.231142479000027],[94.06462168200005,19.236306743000057],[94.04478067900004,19.25625213400002],[94.03938521700007,19.29983087200003],[94.06622649500008,19.35757675700006],[94.07039726300007,19.384985413000038],[94.05702423000008,19.354200536000064],[94.02755670100004,19.30418874700007],[94.03384479900006,19.216095003000078],[94.00026061700004,19.186242397000058],[93.98867309000008,19.22434375000006],[94.00242100200006,19.17720805600004],[93.99249351500004,19.147509065000065],[93.94428697700005,19.149712231000024],[93.94114459800005,19.18977757500005],[93.93603823100005,19.20509667600004],[93.91836234500005,19.202543494000054],[93.91914794100006,19.190955966000047],[93.95591438300005,19.130396332000032],[93.95469611200008,19.104933320000043],[93.95646369900004,19.037175757000057],[93.98415592200007,18.971971377000045],[93.96726562800006,18.92954925300006],[93.94604194600004,18.895510165000076],[93.94582450800004,18.868490664000035],[93.93315225500004,18.847116287000063],[93.90701354600009,18.881338048000032],[93.88034996600004,18.89257034600007],[93.86680822300008,18.900758375000066],[93.84308393400005,18.918709054000033],[93.81778502600008,18.93351049000006],[93.80067414600006,18.950936296000066],[93.76739715500008,18.971301392000044],[93.73233559500005,18.96951682400004],[93.71574958800005,18.99607542800004],[93.70084317700008,19.008147523000048],[93.68394224600007,19.004578381000044],[93.66704131400007,19.013081336000027],[93.65759358800005,19.05706574800007],[93.65306481800008,19.07894565600003],[93.63838390900008,19.134683351000035],[93.61362542200004,19.146079719000056],[93.59391816700008,19.16100946000006],[93.56724369700004,19.208784626000067],[93.54056922700005,19.252180404000057],[93.48244277400005,19.33737945300004],[93.47587368700005,19.388737757000058],[93.50155284300007,19.424967259000027],[93.52006571900006,19.42954571300004],[93.55019853100004,19.432943699000077],[93.56745622000005,19.414144873000055],[93.57112831400008,19.409522082000024],[93.58419183300003,19.410081947000037],[93.60919914800007,19.40317694400005],[93.61840294000007,19.37500239700006],[93.63492518500004,19.355096076000052],[93.62488120700004,19.340716978000046],[93.61175936800004,19.33347372000003],[93.61270414000006,19.331899100000044],[93.62645583000005,19.334628443000042],[93.65364428500004,19.324025997000035],[93.66582135200008,19.293793273000063],[93.65290946200008,19.274897819000046],[93.64619107600004,19.250543682000057],[93.64503635700004,19.229338787000074],[93.64398660900008,19.21905126400003],[93.65385423300006,19.253692924000063],[93.65899799500005,19.23983625900007],[93.66067759000003,19.256107343000053],[93.66277708600006,19.283820671000058],[93.69028046400007,19.301246479000042],[93.69909834300006,19.30523551700003],[93.72765147000007,19.285815193000076],[93.72345248200008,19.28340077400003],[93.73269025700006,19.262930700000027],[93.76250308000004,19.239416362000043],[93.79546514800006,19.227449241000045],[93.82527797000006,19.227239292000036],[93.85278135100003,19.249493934000043],[93.86369872100005,19.23983625900007],[93.86884248400008,19.246029768000028],[93.88269914900008,19.220625883000025],[93.88416879600004,19.222410454000055],[93.87178177700008,19.252433229000076],[93.89414139600007,19.265030195000065],[93.92227462300008,19.290329107000048],[93.93854570700006,19.296102717000053],[93.94589394000008,19.304710645000057],[93.94767850700003,19.310169330000065],[93.94284967000004,19.32864488200005],[93.97102372200004,19.350817880000022],[93.97718223800007,19.38552952300006],[94.00933796200007,19.38089713100004],[93.98678487600006,19.39972238200005],[93.97248025500005,19.394392719000052],[93.96827352600008,19.363724999000056],[93.93426507100008,19.337427770000033],[93.90445224500007,19.296382649000066],[93.88639659300009,19.297012497000026],[93.88104288100004,19.31454327700004],[93.90970098300005,19.32640542300004],[93.91547459300006,19.350234685000032],[93.91549490000006,19.379188396000075],[93.91075073100006,19.35464362600004],[93.90980595900004,19.33144420900004],[93.88151109900008,19.321285819000025],[93.88713141700003,19.34467102600007],[93.87107028100007,19.36419632600007],[93.86750114100005,19.378262939000024],[93.85735849500008,19.386054468000054],[93.86527344800004,19.36553800100006],[93.88331085500005,19.34772695600003],[93.87207855600008,19.320223576000046],[93.85769701800007,19.303532595000036],[93.82209989200004,19.30414695500008],[93.76934814400005,19.301360069000054],[93.73640318400004,19.34336240500005],[93.75252730200003,19.353912755000067],[93.77681301300004,19.350926808000054],[93.75989264000003,19.349334301000056],[93.73262098300006,19.353514629000074],[93.72724627400004,19.38715631100007],[93.71749217800004,19.40765981900006],[93.73481067800003,19.39830384800007],[93.72565376800009,19.413830779000023],[93.68225799000004,19.410844831000077],[93.64921349900004,19.458819063000078],[93.65399101800006,19.490071985000043],[93.65337464700008,19.49249493800005],[93.65140319300008,19.519135214000073],[93.66665742400005,19.545832035000046],[93.68385049800008,19.566512258000046],[93.72804252800006,19.550388138000073],[93.74197695300006,19.52470898300004],[93.77024392500005,19.49066917700003],[93.77243362100006,19.505797978000032],[93.80985750600007,19.48390102700006],[93.86002143300004,19.487285101000055],[93.85500809900003,19.449175238000066],[93.86010836100007,19.459581726000067],[93.88459108700005,19.471990938000033],[93.94510354300007,19.44518124500007],[93.98455895700005,19.43142171900007],[93.99658669800004,19.45314260600003],[93.97012826900004,19.46051109900003],[93.94295614400005,19.45185185100007],[93.90309373500008,19.467378782000026],[93.92623483200003,19.481263438000042],[93.94713646900004,19.519334276000052],[93.94564349500007,19.542027483000027],[93.93683494700008,19.562331930000028],[93.93086305100007,19.549790947000076],[93.94191106200003,19.520677953000074],[93.93220672800004,19.49947772300004],[93.91458963500008,19.485145171000056],[93.88343142100007,19.497614258000056],[93.85546786100008,19.520976550000057],[93.83554138300008,19.536597906000054],[93.77171201900006,19.588458976000027],[93.79201646700005,19.602045039000075],[93.81874070000003,19.58875757000004],[93.82068156800005,19.594132278000075],[93.81530686100007,19.602492933000065],[93.78425300300006,19.60443379800006],[93.75737946800007,19.596968928000024],[93.71960722300008,19.62205089200006],[93.73722431700008,19.644744098000047],[93.76006682200006,19.66012173000007],[93.77233944900007,19.66448741100004],[93.81232091300006,19.642206042000055],[93.81948719000007,19.64071306900007],[93.78815781500003,19.666716846000043],[93.79117256100005,19.68542817200006],[93.82699444600007,19.672190466000075],[93.84352407200004,19.662062598000034],[93.82456330000008,19.68102336800007],[93.79843625300003,19.68729385900002],[93.81635194400008,19.721482965000064],[93.80436779300004,19.712987491000035],[93.77783321100009,19.68983191500007],[93.74842162400006,19.678933203000042],[93.73054821800008,19.67243373200006],[93.71094797400008,19.70640393000002],[93.72442583500003,19.748239829000056],[93.75796412300008,19.754150267000057],[93.78366765000004,19.758686182000076],[93.78792866200007,19.785764227000072],[93.79397654900004,19.822601365000025],[93.79599093000007,19.838926668000056],[93.78586688400009,19.84912960400004],[93.79232712500004,19.86658600900006],[93.79608894300009,19.878216327000075],[93.80079417100006,19.890035322000074],[93.79279421200005,19.91582715100003],[93.78696563800008,19.885881522000034],[93.78394498100005,19.872475519000034],[93.76489274200009,19.87331162600003],[93.74196475400004,19.88319152300005],[93.72182584400008,19.896956568000064],[93.71125290200007,19.911804365000023],[93.73931337000005,19.912688157000048],[93.73334214400006,19.92417752500006],[93.71165183700003,19.935994140000048],[93.70913407800003,19.96754300300006],[93.70510521300008,19.939922116000048],[93.69855858700004,19.91006950900004],[93.67258450500003,19.918228733000035],[93.62340333900005,19.91399748500004],[93.60424001600006,19.90682471200006],[93.59489046100003,19.911312508000037],[93.57880962400009,19.89635243500004],[93.54714619700007,19.88874736200006],[93.53941697400006,19.90707301300006],[93.56915577600006,19.91776863000007],[93.57344881500006,19.92128537700006],[93.55375260100004,19.92028774700003],[93.53767139100006,19.92652074800003],[93.54627269800005,19.938613400000065],[93.53181240900005,19.924775347000036],[93.51573119800008,19.931008349000024],[93.50987190100005,19.94758871700003],[93.52283634500009,19.956689476000065],[93.53218580900005,19.95743761400007],[93.51179987400008,19.95994412700003],[93.50351372300008,19.977632908000032],[93.52744810900003,19.99309176500003],[93.54564849600007,19.988853438000035],[93.53168649000008,19.995709799000053],[93.50167566800008,19.987493871000027],[93.48634924500004,19.988883801000043],[93.47572809900004,20.001009341000042],[93.44477784400004,19.99940682400006],[93.44344847600007,19.980623926000078],[93.45874055400003,19.952865401000054],[93.44228540300008,19.956355770000073],[93.41286528300003,19.981288327000073],[93.40339058700005,20.012537567000038],[93.38726730600007,20.04810842100005],[93.37912238100006,20.075368398000023],[93.39441390600007,20.07885926000006],[93.40920669400003,20.087669161000065],[93.41086839500008,20.11177110500006],[93.41956344000005,20.12198232000003],[93.41399615800003,20.145409366000024],[93.39820963600005,20.20383670900003],[93.36714051200005,20.26661095000003],[93.35151619500004,20.283897590000038],[93.33606947500004,20.288628063000033],[93.34154304800006,20.304508722000037],[93.33273365900004,20.310492502000045],[93.32674961500004,20.33126991900008],[93.30181769900008,20.330937079000023],[93.29184459600003,20.348888689000034],[93.30929655400007,20.370497573000023],[93.32608367400007,20.39144156800006],[93.32957387800008,20.406068988000072],[93.32874251000004,20.422857200000067],[93.32525228900005,20.409060880000027],[93.32330814400007,20.400778084000024],[93.30381139800005,20.377977388000033],[93.27538958300005,20.345730245000027],[93.28080478700008,20.32906177600006],[93.24995943100004,20.321960380000064],[93.23367097200008,20.299686631000043],[93.22702285000008,20.277246821000062],[93.25012686500008,20.252979061000076],[93.22054107700006,20.24765954800006],[93.20360648200005,20.221030966000058],[93.17406253800004,20.19921411400003],[93.12955919300003,20.191359516000034],[93.10586651300008,20.19570440900003],[93.12996692800004,20.22080402000006],[93.14043838900005,20.21764600100005],[93.15672682600007,20.24141572900004],[93.17301536400004,20.25936775200006],[93.19163104500007,20.268177708000053],[93.19645083400007,20.28962017300006],[93.21623003500008,20.29660172900003],[93.21685817100007,20.31839837700005],[93.20608092500004,20.323851595000065],[93.21692662000004,20.306647990000045],[93.20410385900004,20.293835348000073],[93.18777370600009,20.279623274000073],[93.18054361700007,20.26952529600004],[93.16184492000008,20.255188522000026],[93.14352040600005,20.229881228000067],[93.13304908400005,20.225019128000042],[93.10562424200003,20.208562915000073],[93.07047083300006,20.17452880700006],[93.04105148900004,20.15557926200006],[93.01188146800007,20.136754384000028],[92.99350719900008,20.162458650000076],[92.99667032100007,20.21401841200003],[93.01528515000007,20.271530833000043],[93.03489762100008,20.304941367000026],[93.03971726100008,20.33502727000007],[93.07628368700006,20.356802668000057],[93.10188006000004,20.379076559000055],[93.11983091700006,20.384562113000072],[93.09181294300004,20.384781883000073],[93.08027178400005,20.411987786000054],[93.11584114400006,20.421795334000024],[93.10935815100004,20.460025836000057],[93.10086671800008,20.492481274000056],[93.09600317800005,20.50491541300005],[93.09432015600004,20.511553797000033],[93.08544426100008,20.527466918000073],[93.08590209600004,20.575667183000064],[93.07261700600009,20.591972381000062],[93.05317007500008,20.594631587000038],[93.02840401200007,20.614743806000035],[93.01004910700004,20.642992286000037],[93.02375009900004,20.611419340000054],[93.07976431800006,20.582664179000062],[93.07727186700004,20.541441586000076],[93.05500035000006,20.485591316000068],[93.02413089800007,20.433528830000057],[93.02109469300007,20.386523664000038],[93.01304968200009,20.30519835900003],[92.98649191200008,20.265320290000034],[92.96588974600007,20.24366380400005],[92.95192307000008,20.234602575000054],[92.95023094600003,20.252310975000057],[92.94504257600005,20.261221497000065],[92.94517214400008,20.268328134000058],[92.94098195800007,20.27577167100003],[92.93872610700004,20.28129847100007],[92.93658315500005,20.280621680000024],[92.93872622400005,20.274643710000078],[92.94301226200008,20.268552983000063],[92.94515539100007,20.25828890300005],[92.94718587500006,20.24080609200007],[92.95147205900008,20.226143129000036],[92.93737391800005,20.20843448200003],[92.91831300200005,20.197606101000076],[92.91278617700004,20.210802742000055],[92.91853816800005,20.221066952000058],[92.92237278800008,20.230090415000063],[92.92090633500004,20.242271983000023],[92.91813009000003,20.241508417000034],[92.92133434700008,20.231726020000053],[92.91344615800006,20.229806093000036],[92.91581486800004,20.220105973000045],[92.90904774000006,20.21232318500006],[92.89607710900003,20.215481176000026],[92.88694127100007,20.217849675000025],[92.89314453200006,20.221007964000023],[92.88626430400006,20.231610352000075],[92.88152687100006,20.251800142000036],[92.89088818500005,20.25507127000003],[92.89551246600007,20.255635304000066],[92.88389529100004,20.25856772900005],[92.87859453400006,20.243679033000035],[92.88874571600007,20.226760314000046],[92.88603896000006,20.21841362400005],[92.88852036700007,20.213901961000033],[92.89844570300005,20.21232302100003],[92.91134372200008,20.20999406800007],[92.91523718400003,20.196243320000065],[92.92189177100005,20.189588662000062],[92.91310878200005,20.172394695000037],[92.90397335600005,20.151189556000077],[92.89799589900008,20.134608961000026],[92.89641723200003,20.11396790300006],[92.86652839900006,20.12062220000007],[92.84272995000003,20.13562323800005],[92.82874400900005,20.151639561000025],[92.77249522300008,20.18498066500007],[92.76723128700007,20.214607417000025],[92.77745703100004,20.233707109000022],[92.78753230200005,20.257920058000025],[92.78693103600006,20.24258026600006],[92.79206788200008,20.22553927200005],[92.78963718500006,20.221126214000037],[92.79997857100005,20.212434293000058],[92.80702076900008,20.21116548400005],[92.81323819800008,20.21015045100006],[92.80644974900008,20.21262473400003],[92.79775801800008,20.21573343600005],[92.79280933400008,20.222966179000025],[92.79173069700005,20.229056958000058],[92.78767018700006,20.23806619900006],[92.79084084400006,20.25130295200006],[92.79730715500006,20.261529574000065],[92.82121797600007,20.27010217700007],[92.85021818900003,20.28669253000004],[92.87407251700006,20.300904760000037],[92.89733268900005,20.304533066000033],[92.91233326500009,20.31434624900004],[92.92778522300006,20.311188300000026],[92.92857459000004,20.31908379200007],[92.92395016500006,20.326640819000033],[92.93722583900006,20.337216589000036],[92.94884276400006,20.348383229000035],[92.93719403200004,20.372257408000053],[92.94561529300006,20.384439131000022],[92.93057673400006,20.396319706000043],[92.94817140000004,20.40774962300003],[92.92817054200003,20.399628248000056],[92.94110375200006,20.386394130000042],[92.93523903700003,20.373009328000023],[92.94354167000006,20.352782054000045],[92.93609792300003,20.339472424000064],[92.92372451500006,20.330926932000068],[92.92034106600005,20.320775550000064],[92.92677004000006,20.31569999000004],[92.91199481200005,20.318293991000075],[92.89936268300005,20.313556507000044],[92.88582837600006,20.303630542000064],[92.87308325800007,20.310510686000043],[92.87263185200004,20.324948121000034],[92.85717935000008,20.359575176000078],[92.83908057200006,20.381131079000056],[92.83643662800006,20.394062416000054],[92.86576151100007,20.387896887000068],[92.89764290900007,20.381881788000044],[92.92050116400009,20.38594266100006],[92.91448495300006,20.407314790000044],[92.91132708700007,20.425495081000065],[92.93237001800009,20.432970467000075],[92.92070724000007,20.44417434500002],[92.90591256400006,20.467002627000056],[92.90094975800008,20.47602594500006],[92.89538532000006,20.49046329500004],[92.88365534500008,20.494222858000057],[92.87959504100007,20.49151577400005],[92.88786608200007,20.49422292400004],[92.89643824300003,20.477078600000027],[92.91252976500004,20.449858264000056],[92.92997449800004,20.43557148800005],[92.92546301400006,20.43090935300006],[92.90335672400005,20.426397304000034],[92.91250059700008,20.39586276600005],[92.90937281600009,20.382483527000034],[92.87192721700006,20.389701655000067],[92.84771533000009,20.39812311700007],[92.84726407100004,20.404289100000028],[92.86909563700004,20.409853402000067],[92.86481482600004,20.407825],[92.85545333700009,20.414705197000046],[92.84135485600007,20.416509656000073],[92.83977555400008,20.43207499300007],[92.83706840200006,20.446174013000075],[92.82556394500006,20.453279760000044],[92.81011174600008,20.46986001600004],[92.80413373400006,20.48508690500006],[92.80571244900005,20.501780224000072],[92.79678784700008,20.510469931000046],[92.78562154200006,20.50092217200006],[92.76817724400007,20.490845769000032],[92.75945521700004,20.477912100000026],[92.74806487600006,20.485469538000075],[92.73812003900008,20.510367127000052],[92.73903257800004,20.528942064000034],[92.74072631000007,20.55588264100004],[92.72710679100004,20.57923046800005],[92.74791603200003,20.58278375900005],[92.74774643100005,20.60469370100003],[92.72845967400008,20.61036121500007],[92.72600649500004,20.613575755000056],[92.73945655200004,20.60477816200006],[92.74901548800005,20.594034832000034],[92.73812699800004,20.58127971700003],[92.71753245800005,20.600646287000075],[92.68865857200007,20.622836704000065],[92.65904698500003,20.676587091000044],[92.63843606000006,20.707669887000066],[92.63984404100006,20.729158767000058],[92.62860904500008,20.70149294400005],[92.60866380400006,20.68553551900004],[92.58539348700003,20.71611961800005],[92.58561495300006,20.724984678000055],[92.59713886700007,20.734293172000037],[92.58605799000009,20.736066011000048],[92.58429185300008,20.74367054000004],[92.58902872400006,20.754765789000032],[92.57643789800005,20.767606070000056],[92.57145116900006,20.787178383000025],[92.58142378600007,20.795281757000055],[92.60037196500008,20.798897341000043],[92.60373756100006,20.810740558000077],[92.60411141000009,20.817971130000046],[92.60361297900005,20.806377284000064],[92.59189517900006,20.79590524500003],[92.58129909100006,20.797650386000043],[92.57294701300003,20.791666340000063],[92.56762619300008,20.78786715800004],[92.56658927200004,20.797525489000066],[92.55723955400003,20.811986379000075],[92.55113103700006,20.823954110000045],[92.55511965400007,20.851255786000024],[92.54813920400005,20.824577386000044],[92.55187918900003,20.812609619000057],[92.56496868400006,20.798772111000062],[92.56447023300007,20.788300251000067],[92.56821020300004,20.77658181700008],[92.57880663500003,20.75563827800005],[92.58528907300007,20.747659826000074],[92.57992895400008,20.734071266000058],[92.59513742100006,20.733697509000024],[92.58566338900005,20.728586102000065],[92.58096115500007,20.715454668000064],[92.61088000900008,20.683097668000073],[92.63857670500005,20.69630199200003],[92.66140559300004,20.652137527000036],[92.67979721300009,20.622146604000022],[92.69286463100008,20.598558237000077],[92.70683909300004,20.573642735000078],[92.73224249100008,20.55612190100004],[92.72448495500004,20.524181430000056],[92.72395090000003,20.48782047000003],[92.73126201600007,20.465586727000073],[92.74681025600006,20.426951879000057],[92.74450181700007,20.40265140400004],[92.73193953900005,20.371855921000076],[92.73182396000004,20.343953714000065],[92.73698450400008,20.292114667000078],[92.74465445800007,20.269405895000034],[92.72059276700008,20.289106610000033],[92.69562859900003,20.319485001000032],[92.68204536600007,20.341773800000055],[92.67048080100005,20.365427555000053],[92.65622041500006,20.398088380000047],[92.62786234900005,20.448396178000053],[92.63689652300008,20.451347532000057],[92.64433266800006,20.459353812000074],[92.64713347700007,20.46330643600004],[92.65168546600006,20.464047884000024],[92.65588903500009,20.468198431000076],[92.64884424800005,20.468351808000023],[92.63265856600003,20.452664146000075],[92.60964754900004,20.46790190400003],[92.61651712600008,20.46464392200005],[92.60030639000007,20.477580568000064],[92.56451416100003,20.519470214000023],[92.52832031200006,20.549499513000058],[92.52770996100008,20.55609130700003],[92.52771403300005,20.56766354900003],[92.51489257800006,20.600891113000046],[92.48968505900007,20.624511719000054],[92.44927978600003,20.660888673000045],[92.40734537900005,20.684945378000066],[92.38773013700006,20.698861110000053],[92.38401056700008,20.704364003000023],[92.38876826200004,20.704530875000046],[92.40090635200005,20.708204242000022],[92.38794362800007,20.72170314400006],[92.37829589600005,20.74591064400005],[92.37469482400007,20.75408935400003],[92.38261936400005,20.764582467000025],[92.38796970500005,20.756996164000043],[92.37486149300008,20.768056196000032],[92.36321439300008,20.776885354000058],[92.36529183300007,20.784011762000034],[92.36791992200006,20.79467773600004],[92.36669921900005,20.79510497900003],[92.36213380600003,20.783346834000042],[92.35888671700008,20.783361654000032],[92.35455817100006,20.80463263400003],[92.34948730400004,20.823486328000058],[92.33805675400004,20.848135979000062],[92.33878924200008,20.852861567000048],[92.35142955700007,20.85730532200006],[92.35980539400003,20.864794520000032],[92.36865889100005,20.86390574400008],[92.38025180100004,20.86747621300003],[92.37432861500008,20.88128662200006],[92.37542897500003,20.887733100000048],[92.37670898300007,20.890502928000046],[92.37044261900007,20.88640326500007],[92.37825485000008,20.873105800000076],[92.37132881100007,20.868298671000048],[92.36761733600008,20.867786598000066],[92.35589599700006,20.868103028000064],[92.35109629900006,20.866407034000076],[92.34808349500008,20.85650634700005],[92.33367919900007,20.85772705100004],[92.31991417300009,20.881083439000065],[92.31343334000007,20.89934235800007],[92.32307173400005,20.908842194000044],[92.34289550800008,20.92028808500004],[92.34634097600008,20.93876212400005],[92.35681234600008,20.940092048000054],[92.36389160200008,20.942871095000044],[92.35052490400005,20.964904786000034],[92.35265673500004,20.956713963000027],[92.35791015700005,20.94189453100006],[92.34783676000006,20.946075821000022],[92.34135469300008,20.933276792000072],[92.33673095700004,20.917114259000073],[92.32287597700008,20.91229247900003],[92.30407714700004,20.92730712900004],[92.28808077700006,20.939363972000024],[92.27490234300006,20.955871582000043],[92.27785015700005,20.974241646000053],[92.26647949300008,21.021118165000075],[92.26291033500007,21.044826124000053],[92.27586502800006,21.040653753000072],[92.29100499400005,21.049826430000053],[92.29898026800004,21.060144706000074],[92.30842679900007,21.068842147000055],[92.31509060300004,21.07406454900007],[92.33050537000008,21.07928466900006],[92.32338900700006,21.076286028000027],[92.30960557800006,21.074729339000044],[92.30295722600005,21.066085807000036],[92.29099013200005,21.054284015000064],[92.27911377000004,21.042297365000024],[92.26489479600008,21.051956528000062],[92.26546069200003,21.05950337300004],[92.25732421800006,21.077697753000052],[92.23529052900005,21.094909667000024],[92.22772216800007,21.110473634000073],[92.20812988300008,21.117919922000056],[92.20203461900007,21.155341966000037],[92.17274709800006,21.169931770000062],[92.17649283100008,21.183276980000073],[92.18341714600007,21.184827238000025],[92.19073326100005,21.196393898000053],[92.20004876600007,21.202372541000045],[92.20761944600008,21.217223727000032],[92.22044746400007,21.23377935800005],[92.21326891700005,21.24984523100005],[92.21723950200004,21.26566295500004],[92.20930725000005,21.28987410700006],[92.19898994900007,21.317171076000022],[92.20647897800006,21.33159536200003],[92.21822528700005,21.343479642000034],[92.22848512100006,21.347859666000033],[92.25138115500005,21.35679440800004],[92.25712621900004,21.366256578000048],[92.25489975400006,21.381515955000054],[92.26607103300006,21.396754890000068],[92.26796082500005,21.401444823000077],[92.26707710300008,21.41435107700005],[92.28021177500005,21.429023998000048],[92.29136343400006,21.429519552000045],[92.29741557100004,21.42005306300007],[92.29930786500006,21.422390696000036],[92.30309761700005,21.421507403000078],[92.30752894300008,21.41989785100003],[92.31358831100005,21.419101737000062],[92.31800138600005,21.419490247000056],[92.32283616500007,21.419522631000063],[92.32807299400008,21.419573171000025],[92.32824928600007,21.42389601800005],[92.32540980300007,21.428081821000035],[92.32928892000007,21.430883245000075],[92.33199605100003,21.431919357000027],[92.34319739000006,21.465747754000063],[92.35110979300003,21.464792960000068],[92.36957497000003,21.477877299000056],[92.38057407100007,21.479632839000033]]]]}},{"type":"Feature","properties":{"id":"sagaing","name":"Sagaing","nameMy":"စစ်ကိုင်း","stSource":"Sagaing"},"geometry":{"type":"Polygon","coordinates":[[[96.72824241700005,27.360262146000025],[96.79138368600007,27.34689785200004],[96.83767339200006,27.299108189000037],[96.86695608800005,27.25807155600006],[96.88300702000004,27.241267341000025],[96.86308730000007,27.212913583000045],[96.89566590300007,27.170269723000047],[96.96247364300007,27.160745888000065],[96.99092941500004,27.14456862000003],[97.03333042000008,27.126600791000044],[97.05718712000004,27.10150920600006],[97.05497658100006,27.06615020000004],[97.03666944700007,27.048397829000066],[97.02557421500006,27.037579976000075],[96.99755875200003,27.03563831300005],[96.95456473000007,27.03286450300004],[96.93321388500004,27.044286657000043],[96.91720906700004,27.04059080500008],[96.89291890000004,27.046445473000063],[96.88475598600007,27.043752790000042],[96.87392588600005,27.046194006000064],[96.86103994000007,27.046544753000035],[96.84978285800008,27.047242925000035],[96.83919696800007,27.04133038300006],[96.82633767800007,27.044400843000062],[96.80666891500005,27.03658876700007],[96.78563981700006,27.03258712300004],[96.76236137000006,27.03740104600007],[96.74879232100005,27.038362301000063],[96.72517080300008,27.01233832400004],[96.70262321300004,26.99710627500008],[96.67135892700009,27.004016899000078],[96.63313080400007,27.003709468000068],[96.61215751400005,27.002325030000065],[96.58592563700006,26.99819190100004],[96.56623160100008,26.984877622000056],[96.53449028900008,26.995191403000035],[96.49716378000005,26.996250235000048],[96.46942569900006,26.994585952000023],[96.45527927800003,26.99763714100004],[96.42462142200009,26.984082245000025],[96.39970556400004,27.006673626000065],[96.38033421700004,27.005728237000028],[96.34267208500006,27.019857217000038],[96.30373854400005,26.988490472000024],[96.23618126600007,26.96988837400005],[96.25491096000007,26.950987335000036],[96.27591884900005,26.951940255000068],[96.28895759800008,26.953363403000026],[96.30074085500007,26.95786485700006],[96.31702142000006,26.939660077000042],[96.28928736900008,26.917783262000057],[96.28264788200005,26.876374664000025],[96.24514706900004,26.88887444200003],[96.24553903500004,26.843168908000052],[96.23616530300006,26.795900559000074],[96.20530616000008,26.77519561400004],[96.18667550600009,26.753267660000063],[96.11350944500003,26.732222438000065],[96.09360693900004,26.70107846700006],[96.09149606200003,26.684177997000063],[96.08964685700005,26.657549439000036],[96.12833502900008,26.616157593000025],[96.16097626900006,26.548099173000026],[96.15837822600008,26.497729297000035],[96.13429668200007,26.492389630000048],[96.11134579100008,26.497505111000066],[96.08249463700008,26.490811972000074],[96.04263885500006,26.49393592200005],[96.00502607900006,26.480111455000042],[96.00486491400005,26.465084958000034],[96.01586992100005,26.448428731000035],[96.01795195000005,26.438613455000052],[96.01208941300007,26.425876682000023],[96.00040342500006,26.416306010000028],[95.99385990700006,26.40202924400006],[96.01363571000007,26.392213679000065],[96.02568519800008,26.38567044800004],[96.03103898600006,26.37109625100004],[96.04025939600007,26.355927187000077],[96.05228984300004,26.353837802000044],[96.05673372700005,26.356298130000027],[96.06580925700007,26.352914687000066],[96.07498329400005,26.351861773000053],[96.08546915300008,26.342840153000054],[96.08844347800004,26.332132580000064],[96.09459847400007,26.33387572600003],[96.10166334100006,26.33086558900004],[96.10868248500003,26.327088966000076],[96.10063821500006,26.322912168000073],[96.10004335100007,26.308040536000078],[96.09498699800008,26.295250934000023],[96.09052550700005,26.283651062000047],[96.09498699800008,26.28156903400003],[96.09409469900004,26.272051189000024],[96.07386928000005,26.265210240000044],[96.07684360500008,26.24468739200006],[96.08219739400005,26.243795091000038],[96.08784861400005,26.24498482300004],[96.09373249300006,26.23766906700007],[96.10509970700008,26.239333603000034],[96.09231010300005,26.233384951000062],[96.10212537800004,26.229815759000076],[96.10539713900005,26.224461973000075],[96.11878160800006,26.226544002000026],[96.12099268900005,26.22438588800003],[96.12502769100007,26.21494412900006],[96.13424810000004,26.19680074000007],[96.12175593200004,26.186390596000024],[96.11907903900004,26.17181639900008],[96.14079162100006,26.15932423000004],[96.15625811500007,26.15188841400004],[96.15744784600008,26.137016784000025],[96.15387865300005,26.127498940000066],[96.16042217100005,26.112329876000047],[96.15655554600005,26.105786360000025],[96.15209405700006,26.095078786000045],[96.16131447100008,26.08288404900003],[96.16280163400006,26.075745665000056],[96.17618610000005,26.066525253000066],[96.18094502400004,26.054925383000068],[96.17261691000004,26.031130774000076],[96.17826812800007,26.019530901000053],[96.16101703700008,26.01179765300003],[96.13543783200004,26.008228462000034],[96.12383795900007,25.99841318500006],[96.11818673900007,25.980269796000073],[96.12116106700006,25.96331613800004],[96.11878160800006,25.94130612400005],[96.11223808700004,25.918998676000058],[96.08933577800008,25.901747586000056],[96.11283295500004,25.87646581300004],[96.12235079600003,25.838989303000062],[96.12354052800004,25.814897261000056],[96.11818673900007,25.79050778800007],[96.14138648400007,25.77801561900003],[96.15536581800006,25.758979930000066],[96.17678096600008,25.756600470000024],[96.19195002800006,25.750651817000062],[96.20949855300006,25.734590457000024],[96.20949855300006,25.720611123000026],[96.20949855300006,25.70098057000007],[96.19492435500007,25.686406373000068],[96.21633950300009,25.668560416000048],[96.19611408500003,25.657852840000032],[96.18181361100005,25.639804174000062],[96.13845619300008,25.626421049000044],[96.08923494100009,25.61441009500004],[96.06931377000006,25.578860837000036],[96.00720262300007,25.614017614000034],[95.97619429800005,25.629857795000078],[95.97016325400006,25.62904916800005],[95.96084488700006,25.61531997700007],[95.96381921400007,25.455003800000043],[95.96044672400006,25.335330492000026],[95.97100916700003,25.306794070000024],[95.98494897400008,25.28808773700007],[95.98454450400004,25.285127310000064],[95.98893906900008,25.283105757000044],[95.99124550400006,25.261357770000075],[95.99462220300006,25.229613208000046],[96.01110002200005,25.19644876500007],[96.02370000500008,25.170103347000065],[96.04660906500004,25.151776097000038],[96.04532023700006,25.139692112000034],[96.05271814800005,25.12352159200003],[96.05969424200003,25.118661549000024],[96.05729995900003,25.10404889000006],[96.05729995900003,25.08877618400004],[96.07810902300008,25.078753470000038],[96.07352721100006,25.041335337000078],[96.07157039400005,25.014083103000075],[96.07047266900008,24.998189943000057],[96.05099996700005,24.97260815800007],[96.03916362000007,24.955044546000067],[96.02809090700003,24.952753639000036],[96.00747275400005,24.958480904000055],[96.01587274300005,25.00620811300007],[96.02999999700006,25.01766264200006],[96.04069089000006,25.016899006000074],[96.03992725500007,25.044771698000034],[96.04722951900004,25.056751227000063],[96.03991855100008,25.07073025400007],[96.02881046600004,25.077386600000068],[96.02437410600004,25.080533999000068],[96.02514045700008,25.086110723000047],[96.01974301200005,25.081281769000043],[96.01257956600006,25.091973907000067],[96.00227048900007,25.06219212900004],[96.00026594600007,25.042719427000065],[95.99940685600006,25.027255813000068],[95.99539777000007,25.01322401300007],[95.98852505200006,25.003487661000065],[95.97105689400007,25.002342209000062],[95.96132054400005,24.99604221800007],[95.92785805400007,24.995027212000025],[95.90379526900006,24.994504844000062],[95.89307218300007,24.987104351000028],[95.89686741200006,24.981504458000074],[95.89145858500007,24.97326059900007],[95.88033871900006,24.96686719300004],[95.86601797200007,24.96329313900003],[95.85238422300006,24.962678848000053],[95.83078951400006,24.963689489000046],[95.81404360600004,24.967276209000033],[95.81465795600008,24.958079853000072],[95.82939292000003,24.934157983000034],[95.86410277600004,24.89572087700003],[95.87564630800006,24.851371796000024],[95.88339135600006,24.817943220000075],[95.88264038700004,24.799732173000052],[95.91046139800005,24.748838738000074],[95.91202503400007,24.705607205000035],[95.94648554200006,24.709142445000055],[95.96600530100005,24.68745227900007],[95.99025893500004,24.673086070000068],[95.99662944700003,24.667398407000064],[96.00369424100006,24.670274593000045],[96.02352699500005,24.664743293000072],[96.03726413200008,24.685547202000066],[96.04576066100003,24.67985741900003],[96.04924972000003,24.680898682000077],[96.05526542100006,24.67926970800005],[96.05999724500003,24.685251969000035],[96.06717075200004,24.681024427000068],[96.07706235300003,24.678953249000074],[96.07062571300008,24.654842737000024],[96.08776711000007,24.652052068000046],[96.10664441000006,24.622957333000045],[96.09453976800006,24.594614749000073],[96.16273910700005,24.542358113000034],[96.18133892400004,24.52966299900004],[96.18677021500008,24.535315599000057],[96.19612335900007,24.53776222600004],[96.19261783300004,24.539748960000054],[96.19020136100005,24.54856826200006],[96.19936340800007,24.548536667000064],[96.20367638800008,24.55065778100004],[96.20024448400005,24.539413909000075],[96.19769187500003,24.525588970000058],[96.19939698200005,24.519457836000072],[96.18665315800007,24.49689188900004],[96.21128889900007,24.486285288000033],[96.22457448400007,24.501047052000047],[96.25321230100008,24.514627872000062],[96.28007870800008,24.519646871000077],[96.32495446400009,24.507837460000076],[96.35398284600006,24.518224772000053],[96.37418178100006,24.51521112100005],[96.41140889900004,24.536207441000045],[96.42610621700004,24.547638687000074],[96.43638788600003,24.548982711000065],[96.43460253400008,24.537477554000077],[96.45550085100007,24.520203696000067],[96.47100234400006,24.51522635300006],[96.48218348700004,24.510221503000025],[96.49861298000008,24.485583349000024],[96.53315903900005,24.496446502000026],[96.54081884400006,24.492727055000046],[96.55215997400006,24.485299836000024],[96.56981331600008,24.471865853000054],[96.58287759800004,24.47578513900004],[96.60867955400005,24.466640140000038],[96.62997246300006,24.45767401200004],[96.63317508100005,24.43463265200006],[96.64116452600007,24.43304259200005],[96.64505170800004,24.42999067200003],[96.64297329500005,24.419282120000048],[96.63633567400007,24.400796299000035],[96.62145776000006,24.404069907000064],[96.61836026400005,24.401513946000023],[96.60378044900006,24.397726056000067],[96.60216680900004,24.394410900000025],[96.59655922900004,24.39664265600004],[96.58380577300005,24.38831136300007],[96.57716570500008,24.362528517000044],[96.57091671400008,24.319947849000073],[96.60302409500008,24.31445001900005],[96.59417514800003,24.267873657000052],[96.57052827400008,24.236349352000047],[96.59020404100005,24.219262764000064],[96.60038946500003,24.21612721500003],[96.60837712900008,24.20903200200007],[96.62808791900005,24.190694635000057],[96.63495040300006,24.18815032400005],[96.65865043200006,24.17008094600004],[96.65364262700007,24.159066839000047],[96.64132501000006,24.152036447000057],[96.62331185600004,24.14724508100005],[96.59810812300003,24.154752752000036],[96.56642689300008,24.156831800000077],[96.53261919900007,24.118974152000078],[96.49076651800004,24.108461023000075],[96.46713946300008,24.103527652000025],[96.44156429900005,24.085458725000024],[96.41872923100004,24.05836342400005],[96.39007485200005,24.02433634700003],[96.41539924200003,24.006631619000075],[96.43274093400004,23.995710364000047],[96.45457269000008,24.011071882000067],[96.48250757000005,24.015050905000066],[96.50729157000006,24.005716393000057],[96.50827949800004,24.00127961000004],[96.51681702200005,23.976163623000048],[96.51333433900004,23.96229341000003],[96.51123221400007,23.94296078700006],[96.52882203800004,23.906091496000045],[96.52580844100004,23.886777719000065],[96.53821739900008,23.876935798000034],[96.54885282000004,23.86759740800005],[96.55603588700006,23.857751492000034],[96.56003770000007,23.84036429200006],[96.56046488200008,23.825124552000034],[96.55148898300007,23.822015544000067],[96.54337472900005,23.820993319000024],[96.53505522700004,23.812738245000048],[96.52984410000005,23.801271521000047],[96.52673156400004,23.789243760000033],[96.52280202300005,23.77707070300005],[96.51830469700008,23.764383423000027],[96.51203351200007,23.74787687500003],[96.50348824200006,23.738355600000034],[96.49347099600004,23.730863292000038],[96.48163003500008,23.726133144000073],[96.47152485400005,23.725984492000066],[96.44488684900006,23.698438690000046],[96.43690672100007,23.69173612900005],[96.43919930600003,23.681459139000026],[96.43398103200008,23.67235343300007],[96.43253507000009,23.662343795000027],[96.42368494100003,23.62907610800005],[96.41717697500007,23.618577602000073],[96.41878681300005,23.610498505000066],[96.40603839000005,23.59889034100007],[96.39812639400009,23.595687766000026],[96.39748186700007,23.58714864800004],[96.39446823600008,23.579103334000024],[96.39264855000005,23.571039210000038],[96.38692640400006,23.57345369600006],[96.37379270100007,23.581743019000044],[96.37321253400006,23.597745900000064],[96.35983944400004,23.61782564500004],[96.33991454500006,23.634668668000074],[96.32351478200007,23.633905365000032],[96.30292244100008,23.638980636000042],[96.28076007000004,23.63066974900005],[96.27370840500004,23.61455165900003],[96.26039308600008,23.603521297000043],[96.24172407200007,23.574508280000032],[96.22236422300006,23.585886025000036],[96.21415523400003,23.599794461000045],[96.19916224300005,23.593648513000062],[96.17725171700005,23.591381907000027],[96.15508934400003,23.583826552000062],[96.14224524400004,23.572241674000054],[96.14219862500005,23.618951912000057],[96.12134209500005,23.63772141000004],[96.13267512700008,23.65560241700007],[96.13465283600004,23.67277710700006],[96.12693167800006,23.68277842400005],[96.08835038100005,23.662905925000075],[96.09338728500006,23.643513849000044],[96.06795092700008,23.617070111000032],[96.04100349600009,23.613040588000047],[96.02564094300004,23.57274536500006],[96.01130284800007,23.521155975000056],[95.97720008000005,23.53070475100003],[95.96351945400005,23.51055380200006],[95.96601277900004,23.486383303000025],[95.96545357000008,23.464393809000057],[95.93843118300003,23.44533956400005],[95.92006982000004,23.43182837200004],[95.91210168100008,23.412774127000034],[95.90706047400005,23.38844500400006],[95.91370397100007,23.36171740800006],[95.93007330000006,23.33703349900003],[95.95021258200006,23.33112131000007],[95.94798010100004,23.316087637000066],[95.94124601800007,23.299358058000053],[95.92979626800008,23.28064137700005],[95.94877782400005,23.259637677000057],[95.95709568300003,23.24271498300004],[95.95319150500006,23.21093915700004],[95.96160292300004,23.179702432000056],[95.98236252100008,23.152790493000055],[95.99399163300006,23.12111425200004],[95.99347197200007,23.10370560100006],[95.97456915200007,23.083788980000065],[95.98027608800004,23.040239419000045],[95.97577604600008,23.000994502000026],[95.97803695900006,22.97967320400005],[95.96973598600005,22.941542162000076],[95.96953000700006,22.902353022000057],[95.96493708500003,22.875943842000027],[95.96693603900007,22.844556672000067],[95.96597477500006,22.812741905000053],[95.96709245900007,22.781114256000023],[95.96495753800008,22.741812417000062],[95.91483264000004,22.726739896000026],[95.90408496000003,22.69915165200007],[95.90943709900006,22.68713935200003],[95.90831917500003,22.667771965000043],[95.92291066100006,22.649644703000035],[95.93372540200005,22.643064346000074],[95.93763165500008,22.623292674000027],[95.94593973100007,22.601129488000026],[95.96655460300008,22.576120458000048],[95.99439439100007,22.525850367000032],[95.97671103800008,22.50927276500005],[95.96606387700007,22.482852038000033],[95.96447091500005,22.454179745000033],[95.96188555200007,22.424524345000066],[95.96164882900007,22.38431728000006],[95.98562441100006,22.352533357000027],[96.00194576800004,22.324117959000034],[96.00975900800006,22.29638211300005],[95.98434068400007,22.27741345000004],[95.98758515800006,22.232015389000026],[95.99003757200006,22.20125747700007],[95.98866748800003,22.180749909000042],[95.99413709800007,22.146372991000078],[95.99413789100004,22.110824019000063],[96.01835811900008,22.062774783000066],[96.01909804300004,22.025518115000068],[96.01367191200006,22.00339617000003],[96.02421971600006,21.96940998900004],[96.01650659600006,21.94300558200007],[96.00844378200009,21.91043827200008],[95.98553369200005,21.867285021000043],[95.92718711500004,21.851484939000045],[95.90621177800006,21.874081451000052],[95.88453451000004,21.892446568000025],[95.83105264600005,21.906393035000065],[95.82371678900006,21.90763641500007],[95.81899455000007,21.909616292000067],[95.78357216000006,21.921685448000062],[95.74524091000006,21.91856934300006],[95.73201558000005,21.921262761000037],[95.71512001300005,21.92941833200007],[95.69857955500004,21.926164604000064],[95.68639939500008,21.921594523000067],[95.67014124000008,21.919996237000078],[95.60554986600005,21.922460131000037],[95.58340239100005,21.919498255000065],[95.53508953800008,21.907914907000077],[95.51501243000007,21.902548117000038],[95.47357645000005,21.86284121600005],[95.46006756200006,21.840980939000076],[95.42647412800005,21.800743561000047],[95.41280254700007,21.776523128000065],[95.41778738400006,21.753618138000036],[95.41567815500008,21.748343764000026],[95.39619984800004,21.73201186700004],[95.38846395000007,21.72716330800006],[95.38245932300003,21.722200496000028],[95.37651987000004,21.71476550600005],[95.37243853000007,21.707975072000067],[95.36844430600007,21.699026080000067],[95.36733023300008,21.68972945400003],[95.36754398400006,21.680124269000032],[95.36634258500004,21.656038334000073],[95.34577751100005,21.60798844800007],[95.34628114500003,21.592714190000038],[95.34428216200007,21.584306497000057],[95.33931535500005,21.57755452300006],[95.31959126100008,21.629540058000032],[95.30464930600004,21.643896100000063],[95.29038409900005,21.656225019000033],[95.24725147100008,21.67261281100008],[95.24362537300004,21.714301101000046],[95.23621159800007,21.719938096000078],[95.20636427700003,21.73953455000003],[95.20096358200004,21.76595272800006],[95.17709889100007,21.791431998000064],[95.16113714800008,21.817792129000054],[95.15670271200008,21.837154997000027],[95.13312233700003,21.84975661800007],[95.11029575200007,21.851831763000064],[95.09114057700003,21.851672135000058],[95.06783511400005,21.841934924000043],[95.05330910800006,21.83746538200006],[95.03885810400004,21.83479886200007],[95.03107265800008,21.839246528000047],[95.02147830400008,21.831937493000055],[94.99060224400006,21.824884311000062],[94.97601493900004,21.832425901000022],[94.93112882000008,21.835861135000073],[94.89815894200007,21.843224641000063],[94.87467761400006,21.856287138000027],[94.86346238700008,21.86430524600007],[94.84658972900007,21.859620972000073],[94.83600781400008,21.85454755300003],[94.80074873700005,21.850576429000057],[94.77782802100006,21.839205650000054],[94.76969207600007,21.836077611000064],[94.76037363300009,21.830293435000044],[94.73800455800006,21.840437029000043],[94.73119145600003,21.843976887000053],[94.72196728400007,21.84703645700006],[94.71465095900004,21.851923102000057],[94.70878024600006,21.85727865000007],[94.70300826500005,21.85495922900003],[94.69474192500007,21.858480216000032],[94.68646814700008,21.86245143800005],[94.66569702700008,21.867823185000077],[94.65059843800003,21.86882558600007],[94.64002410700004,21.86374063200003],[94.62021795000004,21.862161370000024],[94.61106647200006,21.859346387000073],[94.61114695500004,21.853029028000037],[94.60059489500009,21.844056047000038],[94.58281899200006,21.837804669000036],[94.55159983600004,21.844129467000073],[94.54436277100007,21.822464824000065],[94.54139483700004,21.79082287500006],[94.52982101600008,21.788880998000025],[94.51486370300006,21.78689389400006],[94.49465788200007,21.79116648400003],[94.46453291600005,21.80974356400003],[94.43507748100006,21.82296494600007],[94.41513638900005,21.83125502000007],[94.40796499000004,21.841876805000027],[94.40963796300008,21.871667975000037],[94.41900897400006,21.924053680000043],[94.42118410900008,21.949493338000025],[94.41599540300007,21.97761072000003],[94.41673820700004,22.020402801000046],[94.43254641700008,22.03188867700004],[94.43410251600005,22.054254730000025],[94.42469026100008,22.103597765000075],[94.41244761700005,22.13596358600006],[94.38442589800007,22.11974041700006],[94.37027342400006,22.124358796000024],[94.35041343800003,22.127705755000022],[94.32528112600005,22.144239174000063],[94.29752786600005,22.136630984000078],[94.28391528100008,22.17166599500007],[94.26405446200005,22.215627066000025],[94.26293811700003,22.245306588000062],[94.25267283200009,22.274762787000043],[94.24508536500008,22.30042541000006],[94.26762249700005,22.327873795000073],[94.26427467700006,22.358445888000062],[94.26583608500005,22.387232836000067],[94.27275311700004,22.408878939000033],[94.28100880300008,22.440343866000035],[94.27632206400006,22.47314747400003],[94.26337912100007,22.49858683700006],[94.25869260600007,22.51978642200004],[94.23503800200007,22.577359818000048],[94.21404818300005,22.607114834000072],[94.20698326300004,22.622808616000043],[94.19955659100003,22.64296653400004],[94.17634861300007,22.684695969000074],[94.13528987900008,22.68871199000006],[94.11900012400008,22.696298944000034],[94.11966906000004,22.719283850000068],[94.09735430000006,22.73222639000005],[94.11966870400005,22.734904656000026],[94.11765999400006,22.753872733000037],[94.10828755000006,22.771278593000034],[94.10650267000005,22.757889307000028],[94.08686605200006,22.75208693600007],[94.07518914800005,22.736394881000024],[94.02884873300007,22.73624191700003],[94.00427812400005,22.756513299000062],[94.00140094000005,22.787120551000044],[93.99460783200004,22.80644789200005],[93.99162097300007,22.81001084600007],[93.99894537400007,22.833313430000032],[94.01590384100007,22.858307016000026],[94.01032464900004,22.884639116000073],[94.01130844900007,22.905080681000072],[93.99537296400007,22.929269685000065],[94.00251319300008,22.94801477200008],[94.02549702900006,22.951362509000035],[94.01724028800004,22.96876838700007],[93.98960679000004,22.972425188000045],[93.99871868800005,22.99554654800005],[94.00219875300007,23.012400954000043],[94.00320234400004,23.038342646000046],[94.00247758700004,23.067384761000028],[93.99382186300005,23.085983528000042],[93.97562957200006,23.094934419000026],[93.97456204500008,23.122267340000064],[93.96785535000004,23.141355098000076],[93.96407176400004,23.167149462000054],[93.94876747600006,23.18159404200003],[93.95942831400004,23.20033819400004],[93.96114728000003,23.227336398000034],[93.98023419800006,23.234387231000028],[93.99003556900004,23.238858450000066],[93.99976903500004,23.265882318000024],[94.00135028500006,23.286965656000064],[94.00546225300008,23.350113755000052],[93.98570701900007,23.38426736200006],[93.96803172700004,23.39380267000007],[93.96058940000006,23.402407863000064],[93.98570679000005,23.394268156000066],[94.00423608700004,23.392744096000058],[94.00967193500009,23.38967315800005],[94.01621033300006,23.379850323000028],[94.01721073900006,23.36714905900004],[94.02495402200003,23.377054964000024],[94.03053379700003,23.403327648000072],[94.03510079000006,23.441968614000075],[94.02984035900005,23.477878521000036],[94.02866551200003,23.513417686000025],[94.02214245400006,23.533357615000057],[94.01611968100008,23.54138321000005],[94.02633289400006,23.565449425000054],[94.05072186000007,23.565080341000055],[94.07566550600006,23.547527415000047],[94.07961838400007,23.521627512000066],[94.09303410400008,23.51648594100004],[94.10074411200009,23.544065499000055],[94.11150150000003,23.54468335400003],[94.11716243900008,23.556501394000065],[94.11945365700007,23.598525490000043],[94.12755853300007,23.631565281000064],[94.13209726300005,23.651490925000076],[94.14580119300007,23.686539354000047],[94.13857429900008,23.710190108000063],[94.14875573600006,23.761433904000057],[94.13824375200005,23.801837309000064],[94.14303747700006,23.842124735000027],[94.15607872700008,23.847910584000033],[94.17631245400008,23.925735144000043],[94.20129655700003,23.981092512000032],[94.23808461700008,24.03487152400004],[94.25509043200003,24.080928951000033],[94.27742227200008,24.17168024700004],[94.28971235000006,24.231574151000075],[94.31957970700006,24.26959501300007],[94.32587365500007,24.32791412000006],[94.38001372200006,24.377835806000064],[94.39189181100005,24.405677687000036],[94.40324856400008,24.44660108000005],[94.39415882500003,24.483245055000054],[94.43109176000007,24.494872917000066],[94.45614869200006,24.570514993000074],[94.51050524400006,24.59328376600007],[94.54377592700007,24.697150693000026],[94.56306168400005,24.710886559000073],[94.57928547300008,24.725089507000064],[94.60332915300006,24.70980948400006],[94.61099096100008,24.730577977000053],[94.62701770000007,24.767129011000065],[94.63290981000006,24.821088386000042],[94.65115024600004,24.86352540300004],[94.68370870000007,24.88654575700008],[94.70349590300003,24.926154533000044],[94.71079714400008,24.939569170000027],[94.69874938200007,24.96892623800005],[94.72491991400005,24.99844082900006],[94.74277765400007,25.033674891000032],[94.73944228200008,25.066234397000073],[94.73761030100007,25.110156052000036],[94.73672313600008,25.13413653500004],[94.70011172500006,25.15219270800003],[94.68016132600007,25.150346713000033],[94.64166606000003,25.167024050000066],[94.61338841300005,25.184022120000066],[94.59108248100006,25.19832542300003],[94.58631041500007,25.242758133000052],[94.59439093500004,25.286355736000075],[94.62746247200005,25.348287222000067],[94.63800801200006,25.397008423000045],[94.66396394800006,25.40969438600007],[94.67787370200006,25.44681547600004],[94.70427550600004,25.468969724000033],[94.74444785800006,25.48214051000008],[94.76265174200006,25.48614187800007],[94.79137448800003,25.490222969000058],[94.81246557900005,25.507230664000076],[94.82652727500005,25.527198318000046],[94.83803984100007,25.554255951000073],[94.85532755400004,25.56442621700006],[94.89535891600008,25.567594936000035],[94.88647303200008,25.584103139000035],[94.89385541000007,25.598696793000045],[94.91768634100004,25.620153235000032],[94.92896836700004,25.65486733700004],[94.94595330300007,25.674999296000067],[94.96837485600008,25.69053038100003],[94.98735355300005,25.704927320000024],[94.99538269000004,25.724484631000053],[95.02371232500008,25.732084176000058],[95.03758361800004,25.74063380900003],[95.04681702000005,25.75955988000004],[95.04970973600007,25.79746584700007],[95.02889552600004,25.83624409600003],[95.00795740300003,25.87029414600005],[95.01855039000009,25.885547639000038],[95.01840823900005,25.903589511000064],[95.04424664600003,25.928545150000048],[95.07169654000006,25.94207878900005],[95.11246837000004,25.973883543000056],[95.14229963500009,26.010631515000057],[95.16685778500005,26.05258352000004],[95.18012228500004,26.079628788000036],[95.14289532200007,26.09261718500005],[95.11658164000005,26.11039641900004],[95.12047236700005,26.14396539300003],[95.12574472900008,26.180174285000078],[95.14010479200005,26.208631377000074],[95.12273488500006,26.225306746000058],[95.12594348300007,26.252071641000043],[95.12679381000004,26.303710961000036],[95.12748167600006,26.335494351000023],[95.12622390700005,26.363273409000044],[95.11960781600004,26.38853753500007],[95.09654483800006,26.401040201000058],[95.08629405200008,26.444432548000066],[95.06516146900003,26.44294904000003],[95.08159772000005,26.481346511000027],[95.11422397200005,26.51972672100004],[95.12225982500007,26.552221216000078],[95.14307965900008,26.570605300000068],[95.14758201200004,26.607056871000054],[95.16720936300004,26.631149739000023],[95.18948881200004,26.642623349000075],[95.21225472900005,26.65171596500005],[95.24269076500008,26.682045131000052],[95.25828198800008,26.655414154000027],[95.30255077400005,26.65250015500004],[95.31796944800004,26.66478905400004],[95.33783947300003,26.67438283900003],[95.36546499700006,26.675050576000046],[95.38850494900004,26.683866979000072],[95.41664586100006,26.694720115000052],[95.43351611800006,26.711247125000057],[95.44470255500005,26.723139674000038],[95.46194376700004,26.742995502000042],[95.48253671000003,26.74677308300005],[95.49584220900005,26.779493330000037],[95.51517604400004,26.808765251000068],[95.53318572700005,26.827385496000034],[95.55743165500007,26.829508012000076],[95.57463032500004,26.815874531000077],[95.59559496700007,26.81450011000004],[95.61035628000008,26.819893483000044],[95.62884187500003,26.855590148000033],[95.63382694700005,26.873059278000028],[95.65934358100009,26.894681415000036],[95.69746316000004,26.886770961000025],[95.71402521400006,26.87930373900008],[95.72922121000005,26.89037281800006],[95.74660817000006,26.903763147000063],[95.74960347600006,26.925998888000038],[95.75881676800003,26.961622111000054],[95.77897410900005,26.978507086000036],[95.78900886400004,26.994901713000047],[95.80844483000004,27.012760687000025],[95.86558555700003,27.012760687000025],[95.89565962400007,27.026294015000076],[95.93287628200005,27.047721788000047],[95.96332627500004,27.085690297000042],[95.99302441700007,27.124034734000077],[96.01825607400008,27.16574062500007],[96.06368038700003,27.203445713000065],[96.13239202300008,27.23820475800005],[96.18611832200008,27.249707183000055],[96.21889888400005,27.267999795000037],[96.27498691900007,27.27970711100005],[96.31964375500007,27.28937266300005],[96.34699793400006,27.28792130200003],[96.37537069000007,27.28292361000007],[96.40220395200004,27.29101680200006],[96.43225720300006,27.30202829900003],[96.45640180400005,27.305911280000032],[96.50051753800005,27.298714929000027],[96.52475476400008,27.28852558600005],[96.54869996100007,27.313000533000036],[96.57052057100003,27.32295298300005],[96.59423632300008,27.338624077000077],[96.60443540800009,27.363704247000044],[96.65634507300007,27.36051585900003],[96.70006309400009,27.363578102000076],[96.72824241700005,27.360262146000025]]]}},{"type":"Feature","properties":{"id":"shan","name":"Shan","nameMy":"ရှမ်း","stSource":"Shan (East)"},"geometry":{"type":"Polygon","coordinates":[[[99.23387172400004,22.116480073000048],[99.27636875200005,22.106931149000047],[99.30619047400006,22.10076551700007],[99.32612502300003,22.095022261000054],[99.35577006700004,22.094274512000027],[99.38431455700004,22.102230038000073],[99.41468291500007,22.10742282800004],[99.43882988700005,22.112046055000064],[99.45602168400006,22.11901615900007],[99.47388690500009,22.13519168600004],[99.48551331900006,22.125846941000077],[99.49808787100005,22.115572220000047],[99.53097627300008,22.103495672000065],[99.55660079800003,22.111498878000077],[99.56726008700008,22.102716588000078],[99.58834627100003,22.109207643000047],[99.60519599600008,22.104959422000036],[99.62577033800005,22.10115148700004],[99.65017349600004,22.095447266000065],[99.67353256000007,22.074918256000046],[99.69555005700005,22.069793532000062],[99.69472758300009,22.043955061000077],[99.72053989600005,22.045778760000076],[99.71888730400008,22.061195803000032],[99.73432097100005,22.06782415200007],[99.75046211300008,22.072081402000038],[99.77026882500007,22.06285160500005],[99.81349830400006,22.04916282100004],[99.83308763500008,22.032334355000046],[99.85369395900005,22.024155370000074],[99.86914561100008,22.03710266400003],[99.87899564000008,22.039898796000045],[99.86278006400005,22.05700281000003],[99.87860716800009,22.069223373000057],[99.90468125800004,22.068112083000074],[99.92702564500007,22.059330932000023],[99.94794161600004,22.054568859000028],[99.97130095900008,22.058051384000066],[99.95780739400004,22.039813851000076],[99.97096254100006,22.01339555000004],[99.99094514300003,21.98899489200005],[99.98849396000008,21.96122861300006],[99.98014747300005,21.937667151000028],[99.97518945700006,21.913832140000068],[99.96075044400004,21.894178888000056],[99.94562295700007,21.865033354000047],[99.94527510200004,21.83792896600005],[99.94363392900004,21.822689548000028],[99.95728412400007,21.796793192000052],[99.96984350000008,21.761193499000058],[99.97725424000004,21.735071307000055],[99.98875983800008,21.707605858000022],[100.01748663600006,21.69363360600005],[100.03221883200007,21.684464740000067],[100.04075865300007,21.675285795000036],[100.04954855600005,21.673450608000053],[100.06914188900004,21.690022374000023],[100.08842610400006,21.697500199000046],[100.10106027500007,21.70325028700006],[100.11185076700008,21.704678887000057],[100.12682075900005,21.701605350000023],[100.14483425200007,21.688459127000044],[100.17160559100006,21.66053374100005],[100.16185574800005,21.65102743700004],[100.13989019200005,21.636812685000052],[100.12560145800006,21.61051315900005],[100.10981401400005,21.58420377300007],[100.12130474900005,21.557373340000026],[100.12237381300008,21.52845465100006],[100.14014905400006,21.50393848400006],[100.16712722300008,21.487168590000067],[100.18705762900004,21.51968869700005],[100.23070343400008,21.478723957000057],[100.27041982100008,21.47422683700006],[100.30203565400006,21.489569868000046],[100.32998275600005,21.504256361000046],[100.36128216700007,21.529936994000025],[100.39668009200005,21.527839861000075],[100.43833077600004,21.52857109400003],[100.46269017000009,21.496504061000053],[100.46738927400008,21.477339267000048],[100.47622018600003,21.461472594000043],[100.49652536700006,21.461698200000058],[100.52143133700008,21.471328295000035],[100.54100475800004,21.46865585000006],[100.57445813300006,21.450666010000077],[100.60997981100007,21.463421452000034],[100.66256754900007,21.481969540000023],[100.69335241700009,21.510008940000034],[100.71767742800006,21.51097800900004],[100.74516607900006,21.540394887000048],[100.77376896500004,21.570975960000055],[100.80044769700004,21.602511827000058],[100.83549677600007,21.637349409000024],[100.87952190500005,21.686857522000025],[100.90121687200008,21.687957936000032],[100.91012938800009,21.68893581100008],[100.93909710100007,21.699495641000055],[100.96851107800006,21.699511490000077],[101.00306096300005,21.710251681000045],[101.02863720800008,21.726663108000025],[101.06517184000006,21.756487440000058],[101.08629914900007,21.775899691000063],[101.11754673700005,21.77811999000005],[101.11177233500007,21.759458190000032],[101.11812209100003,21.720921176000047],[101.12388121300006,21.69042593000006],[101.14476378500007,21.67244240200006],[101.15109384800007,21.652447864000067],[101.16098710000006,21.635235628000032],[101.16767847900007,21.59236835200005],[101.13905248600008,21.571862078000038],[101.16129955700006,21.532959024000036],[101.14297243300007,21.512955848000047],[101.09881153700007,21.470302631000038],[101.07148359100006,21.45937475100004],[101.03812426900004,21.433258427000055],[100.99365612300005,21.385393863000047],[100.95090167400008,21.380147728000054],[100.91174785600003,21.355575600000066],[100.89578162700008,21.350254662000054],[100.87367303600007,21.32649507700006],[100.83172827900006,21.301543829000025],[100.78893371200007,21.29629947500007],[100.74538470800007,21.311431955000046],[100.71702147600007,21.28302775000003],[100.70725587400005,21.241646074000073],[100.69783430800004,21.179227284000035],[100.67905931900003,21.143923378000068],[100.64974079300003,21.110147245000064],[100.64025110800009,21.067691877000073],[100.60731296500006,21.042414305000023],[100.56942575300008,21.03046046000003],[100.55208446500006,21.00863410200003],[100.52563759000009,20.962463618000072],[100.51022983800004,20.897514236000063],[100.55495430500008,20.87037471900004],[100.60209494300005,20.890650040000025],[100.64880991700005,20.89190009200007],[100.63225241700007,20.86638363700007],[100.57215422400009,20.824078537000048],[100.52105315300008,20.816299180000044],[100.46812904300003,20.822146442000076],[100.43437444400007,20.825195766000036],[100.39591862000003,20.833064965000062],[100.35751627000008,20.818449782000073],[100.30985369600006,20.783656824000047],[100.25388438200008,20.750172360000022],[100.22385967800005,20.71495042600003],[100.19962139500007,20.671124519000045],[100.16766614000005,20.616798609000057],[100.14680735800005,20.54027431700007],[100.12685893700007,20.478642579000052],[100.12174630600003,20.450678778000054],[100.12356214800008,20.41474158500006],[100.08446283300003,20.361351023000054],[100.07999213400007,20.372930482000072],[100.06546653100008,20.376900653000064],[100.06772963800006,20.391204220000077],[100.05915112400004,20.397661587000073],[100.05496800600008,20.390950598000074],[100.04085231200008,20.402328709000074],[100.02684965600008,20.404945799000075],[100.01470186200004,20.416143920000025],[99.99126622900008,20.421943330000033],[99.98187462500005,20.44154123800007],[99.95398366700005,20.465755127000023],[99.90626610800007,20.448510963000047],[99.89473143900005,20.444363758000065],[99.87764774100003,20.444625878000068],[99.85586385900007,20.41590773300004],[99.84028039000003,20.394932464000078],[99.83366321400007,20.370204364000074],[99.81358354500009,20.34282141700004],[99.77438842600009,20.337794598000073],[99.74657729400008,20.34449844100004],[99.72678346600009,20.347152365000056],[99.71085792700006,20.324988895000047],[99.67436912300008,20.320433390000062],[99.64069243900008,20.34213916300007],[99.61354145800004,20.336146795000047],[99.58270637300006,20.344662408000033],[99.54572730700005,20.35720996300006],[99.51325371500008,20.36543015700005],[99.47938680400006,20.38897566000003],[99.45810314300007,20.39109681700006],[99.45834197700003,20.373252301000036],[99.46577868500003,20.35931932400007],[99.49218333300007,20.34294335000004],[99.50720972500005,20.32302650200006],[99.51385835800005,20.279787965000025],[99.52108543500003,20.24856565600004],[99.53304430500003,20.23184933500005],[99.55249360000005,20.216057054000032],[99.56149464600009,20.203082985000037],[99.55233379700007,20.176971150000043],[99.53836027400007,20.163201025000035],[99.52090033000007,20.149797818000025],[99.50792833800006,20.141771616000028],[99.49669184900006,20.11592616200005],[99.45873475100007,20.101873037000075],[99.43754331700006,20.092133466000064],[99.417921,20.093236314000023],[99.39652570700008,20.08810315100004],[99.33186865300007,20.06571244400004],[99.31391355600005,20.071389070000066],[99.28888898400004,20.08726581600007],[99.26264039300008,20.10803646100004],[99.23149457300008,20.125612255000078],[99.21854615300003,20.125505043000032],[99.18854988600003,20.126172259000043],[99.16920233900004,20.131430039000065],[99.15513592700006,20.130141699000035],[99.13437759100003,20.119189540000036],[99.13039528600007,20.10825821800006],[99.11879787700008,20.101601711000058],[99.10387473300005,20.097718187000055],[99.09622047900007,20.106171070000073],[99.08271138300006,20.100171724000063],[99.06794369000005,20.087767186000065],[99.06806273000007,20.06881125600006],[99.04487100700004,20.03867021800005],[99.04360222700006,20.01938036200005],[99.05499544000008,20.003031547000035],[99.03202087000005,19.975762849000034],[99.04019843400005,19.94170001200007],[99.02363542600006,19.92095531600006],[99.02292921800006,19.90623133200006],[99.03612004100006,19.885045372000036],[99.02997041900005,19.842345906000048],[99.01968201500006,19.816705842000033],[99.01689331900008,19.802459428000077],[98.95971709500009,19.772001427000077],[98.92392945400007,19.750221340000053],[98.90295298400008,19.762773421000077],[98.87525265800008,19.784706323000023],[98.83911559800003,19.814501952000057],[98.81773481400006,19.78455787100006],[98.78339020000004,19.752778448000072],[98.74333240900006,19.752498838000065],[98.71484198600007,19.76593616300005],[98.70124137100004,19.755201894000038],[98.67137234800003,19.74889128500007],[98.65062214600005,19.738688769000078],[98.62738239900006,19.715621744000032],[98.61540299400008,19.737438350000048],[98.60307558400007,19.771602882000025],[98.57739427400008,19.788312959000052],[98.57137653400008,19.801540874000068],[98.57665970800008,19.83676204300008],[98.56702066500009,19.846995442000036],[98.56093657200006,19.849616986000058],[98.55855340600004,19.852933651000058],[98.55546112000007,19.85077907300007],[98.55162238000008,19.852121415000056],[98.54291300100004,19.87743540500003],[98.54091415800008,19.880468389000043],[98.53758825600005,19.882062838000024],[98.53427317900008,19.88272991900004],[98.53076689700003,19.881818890000034],[98.52783013600003,19.882616212000073],[98.52637282700005,19.885747416000072],[98.52475934500006,19.885935003000043],[98.52388181400005,19.888135748000025],[98.52073835400006,19.902728357000058],[98.51914029700004,19.90576735800005],[98.51564958000006,19.909295704000044],[98.51350570200003,19.90973096400006],[98.51122849300003,19.90870852300003],[98.50906524200008,19.908803926000076],[98.50831796100005,19.912595700000054],[98.50999611900005,19.914662897000028],[98.51311301900006,19.92134237500005],[98.51063523500005,19.94102855600005],[98.50607830100006,19.959855881000067],[98.51687728000007,19.996627619000037],[98.52198032700005,20.005864984000027],[98.52417898900006,20.00876433600007],[98.52464874200007,20.014447759000063],[98.51810647900004,20.023122499000067],[98.51846068000003,20.02980588300005],[98.51131983200008,20.04282206000005],[98.50409860200006,20.054037013000027],[98.50286629800007,20.065917985000056],[98.49454263500007,20.07258585900007],[98.49019772600008,20.07801975700005],[98.50581132700006,20.09133285300004],[98.53359012400006,20.116475971000057],[98.55376959800009,20.132352423000043],[98.56970792600004,20.14150022700005],[98.58497821400005,20.137689463000072],[98.59975634200003,20.13470226800007],[98.61365284900006,20.14021120800004],[98.63429972700004,20.15404789400003],[98.65430272500004,20.168672400000048],[98.67887679900008,20.176397234000035],[98.69319759200005,20.197679021000056],[98.68805864200004,20.22666738500004],[98.69082469500006,20.24374534100008],[98.69359363300003,20.26198718200004],[98.69855317000008,20.280370193000067],[98.68625259900006,20.296731588000057],[98.67153212900007,20.31130096800007],[98.65361176300007,20.321008213000027],[98.64745525100005,20.335530781000045],[98.64597903800006,20.353899144000025],[98.64011204400003,20.375142759000028],[98.64214921100006,20.39022978500003],[98.64404510900005,20.398870398000042],[98.65208604600008,20.409444506000057],[98.65353584100006,20.427133651000076],[98.64972090400005,20.444402840000066],[98.64941562500007,20.463189612000065],[98.63915823600007,20.484696979000034],[98.62915175300009,20.496606560000032],[98.61611700400005,20.516325100000074],[98.60819778200005,20.54318753000007],[98.60057649200007,20.560174602000075],[98.60252164100007,20.57471244800007],[98.59455247400007,20.600885378000044],[98.58005348400008,20.619096268000078],[98.56291750900004,20.64854229200006],[98.54401987200004,20.68264928900004],[98.52907738900007,20.71347206400003],[98.51209077600004,20.73524231400006],[98.50051648100003,20.762506071000075],[98.50181395300007,20.787874052000063],[98.50484648400004,20.792811807000078],[98.49711398200009,20.81638514800005],[98.49802540300004,20.83532877400006],[98.49548480500005,20.847371612000074],[98.49458846400006,20.873968239000078],[98.48842426100003,20.90083134300005],[98.49089235100007,20.928945499000065],[98.49936834200008,20.94431869400006],[98.50316396100004,20.95639218900004],[98.51954456200008,20.961908160000064],[98.54149044800005,20.960851743000035],[98.56139162000005,20.954858338000065],[98.57924034800004,20.95598779900007],[98.60059527900006,20.961511759000075],[98.61668156200005,20.973062123000034],[98.62954472600006,20.989538324000023],[98.64183561400006,20.987367753000058],[98.65733511200006,20.99727046000004],[98.67694278600004,20.991273897000042],[98.69567263000005,20.988019682000072],[98.71439927400007,20.98586070600004],[98.73312919400007,20.982057344000054],[98.74877756400008,20.996583803000078],[98.77149856500006,21.028240466000057],[98.79069677500007,21.050031268000055],[98.79878824900004,21.059827417000065],[98.78883581200006,21.094488842000032],[98.70743372000004,21.147242987000027],[98.70114515000006,21.190913634000026],[98.70254260700005,21.22340459800006],[98.69730213100007,21.247510798000064],[98.68018323800004,21.297120654000025],[98.66026941900009,21.326467329000025],[98.66061878500005,21.357910197000024],[98.65747449800006,21.391449257000033],[98.60472035400005,21.441408478000028],[98.58585463500003,21.463418486000023],[98.55829046200006,21.52608694500003],[98.56189909700004,21.54149771300007],[98.58068293900004,21.548414036000054],[98.61214213500006,21.553578904000062],[98.62703518600006,21.551400802000046],[98.62850719700003,21.54567134100006],[98.63803685000005,21.54104377300007],[98.64610114700008,21.53845788900003],[98.65995204100005,21.53314372400007],[98.68018881500007,21.523885902000075],[98.68971812400008,21.521440578000067],[98.70496913100004,21.514363893000052],[98.73039050200003,21.513295695000068],[98.74725169700008,21.509626406000052],[98.77783962500007,21.503166417000045],[98.82957881100003,21.486066179000034],[98.87517945200005,21.484750774000076],[98.89031036400007,21.506486745000075],[98.89089348200008,21.515968866000037],[98.88488156800008,21.522236876000022],[98.88041068600006,21.528782825000064],[98.88272195200005,21.541709943000058],[98.88361166500005,21.549867393000056],[98.88551125500004,21.557030416000032],[98.90023943000006,21.561543321000045],[98.91049358600009,21.56851256400006],[98.92426831400007,21.573574608000058],[98.92226092800007,21.584097365000048],[98.92953311700006,21.587631956000052],[98.93715597600004,21.59434025300004],[98.93707200400007,21.60636773300007],[98.95349260700004,21.627542017000053],[98.96701591400006,21.63385167100006],[98.97594565300005,21.647638433000054],[98.97169248700004,21.652886340000066],[98.95523141300004,21.670010371000046],[98.96438847000007,21.678808074000074],[98.95707915800006,21.693330266000032],[98.95128070700008,21.71078656700007],[98.95229826600007,21.72306652000003],[98.95023514200005,21.734662983000078],[98.94795356100008,21.745309328000076],[98.94912066600006,21.75492587800005],[98.93386639200008,21.768417597000052],[98.92572950300007,21.773728016000064],[98.91751374000006,21.783501431000047],[98.91618849300005,21.792138108000074],[98.91229737200007,21.801094637000062],[98.92312762200004,21.812477655000066],[98.93529255700008,21.816307881000057],[98.95112048400006,21.820550267000044],[98.96123230600006,21.826699252000026],[98.97221853700006,21.836533065000026],[98.98232413700003,21.846229595000068],[98.98920611700004,21.85455742000005],[98.99751823400004,21.86050036200004],[99.00180184000004,21.86290837000007],[99.00591055200005,21.867805874000055],[99.01347672000009,21.866883206000068],[99.01874167600005,21.862507936000043],[99.02290139900003,21.861481561000062],[99.02497603800003,21.858143848000054],[99.02811166100008,21.85629751400006],[99.03224356700008,21.856095266000068],[99.03489787600006,21.859563007000077],[99.03839633500007,21.86140566100005],[99.03944157100005,21.869142061000048],[99.03974667600005,21.874989049000078],[99.04062443300006,21.878281740000034],[99.03980436300009,21.882439894000072],[99.04215394700003,21.888718716000028],[99.04415678100008,21.893105311000056],[99.04663181800004,21.89871247700006],[99.04979039900007,21.90762464200003],[99.05796594200007,21.920285273000047],[99.06671640800005,21.92883314200003],[99.06652286000008,21.934151694000036],[99.05908735400004,21.948552450000022],[99.04894525600008,21.956707834000042],[99.04818967600005,21.963758858000062],[99.04472904900007,21.97794845900006],[99.03423475600005,21.98172551700003],[99.02688336400007,21.98551446400006],[99.02932112500008,21.992994183000064],[99.03236955600005,21.997559757000033],[99.03923940600004,22.00082185100007],[99.05822955600007,22.01747615100004],[99.06388972300005,22.02322575100004],[99.07628462900004,22.032959239000036],[99.09543038200007,22.036076622000053],[99.09757013500007,22.050342948000036],[99.09326727100006,22.07574647100006],[99.09400304500008,22.089272778000066],[99.11240380100008,22.10378656100005],[99.12716497000008,22.11504106500007],[99.13351201900008,22.12788869600007],[99.12083489300005,22.147930513000063],[99.14612377900005,22.160501390000036],[99.18999893300008,22.138888311000073],[99.23387172400004,22.116480073000048]]]}},{"type":"Feature","properties":{"id":"shan","name":"Shan","nameMy":"ရှမ်း","stSource":"Shan (North)"},"geometry":{"type":"Polygon","coordinates":[[[96.66868766700009,24.149805144000027],[96.66775310600008,24.137387966000063],[96.67615327300007,24.135126052000032],[96.68451090600007,24.128480729000046],[96.69016078400006,24.12112971700003],[96.69387214300008,24.110864711000033],[96.68942445000005,24.099386244000073],[96.68254641400006,24.09414102900007],[96.68011294900003,24.09196673300005],[96.67764821000009,24.086324353000066],[96.67740039200004,24.08193784100007],[96.67816325100006,24.078096177000077],[96.68049814700004,24.071317329000067],[96.68723478100009,24.072175904000062],[96.69423869700006,24.070111879000024],[96.69802638600004,24.06733884600004],[96.69960591700004,24.06495081500003],[96.69834673900004,24.055730873000073],[96.69970511300005,24.046586689000037],[96.70266520100006,24.041902277000077],[96.69425060000003,24.020168312000067],[96.71548005700004,23.997305820000065],[96.72851002000004,23.995553736000033],[96.74368448200005,23.992872343000045],[96.74810209400005,23.99329556200007],[96.76255790600004,23.998845909000067],[96.77892294700007,24.004930237000053],[96.78870574500007,24.01462739400006],[96.80848473900005,24.020044252000048],[96.81303399600006,24.018546944000036],[96.83029357200007,24.022798334000072],[96.84596826100005,24.024411918000055],[96.85642035000006,24.00796702300005],[96.85915537400007,24.003926910000075],[96.85458537700003,23.994436218000033],[96.84744429400007,23.979772274000027],[96.83204063400007,23.956197504000045],[96.84227219800005,23.925502368000025],[96.83917815600006,23.894994668000038],[96.84663946400008,23.88987135800005],[96.85401322500007,23.889421507000066],[96.87188150500003,23.88113203900008],[96.88123874600007,23.863691214000028],[96.88518699900004,23.84988567000005],[96.88279915200008,23.83068657000007],[96.87039738300007,23.809976660000075],[96.86216895900009,23.79851719100003],[96.85298343500006,23.78527262600005],[96.82639500300007,23.77865016900006],[96.81181127000008,23.778649957000027],[96.79647255900005,23.785058675000073],[96.78288067800008,23.77223759000003],[96.78174767300004,23.760396805000028],[96.78132848000007,23.74536243500006],[96.80784391900005,23.741464577000045],[96.82333181900003,23.736078144000032],[96.84264952800004,23.734113413000046],[96.85057236900008,23.733213215000035],[96.86310742700005,23.72554597800007],[96.86953745400007,23.716158112000073],[96.88033836300008,23.715406108000025],[96.88894442500003,23.714307588000054],[96.90231781500006,23.717350126000042],[96.92207915400007,23.714594006000027],[96.94750409700004,23.71584877400005],[96.95901290700004,23.712034113000072],[96.97291748400005,23.716012921000072],[96.98336194600006,23.70964589500005],[96.99256693300003,23.70649122100008],[97.00444965900004,23.69914790100006],[97.00471665600008,23.68601400800003],[97.00568941000006,23.662179619000028],[97.01359745900004,23.64788630000004],[97.02517885000003,23.644517548000067],[97.04676256200008,23.64157293900007],[97.07909566900008,23.637582499000075],[97.09472885000008,23.63987092600007],[97.11411511500006,23.656908737000037],[97.13504587600005,23.667459284000074],[97.14552092200006,23.673070689000042],[97.13631245900007,23.682306391000054],[97.15674784600009,23.675084952000077],[97.17855612600005,23.670350812000038],[97.18895512600005,23.687490221000076],[97.20462212700005,23.682679920000055],[97.21417030100008,23.69796945400003],[97.22952808300005,23.693033274000072],[97.23350682500006,23.68078401400004],[97.24279604700007,23.68964962800004],[97.25556364100004,23.702669252000078],[97.26651581600004,23.707956378000063],[97.27242438000007,23.711942521000026],[97.28912158800006,23.703790593000065],[97.30121405200003,23.699712823000027],[97.30524635900008,23.705888750000042],[97.31107491500006,23.71519251500007],[97.32357575500004,23.71687865800004],[97.33110201100004,23.705282313000055],[97.33759764500007,23.696870987000068],[97.34519767800003,23.698594981000042],[97.34695578400004,23.702199816000075],[97.34330913500008,23.713403585000037],[97.34808887600008,23.726579726000068],[97.36363356700008,23.736360567000077],[97.37005753900007,23.743387192000057],[97.38395467000004,23.744211304000032],[97.40704109100005,23.738664545000063],[97.43018519600008,23.751722077000068],[97.46076339900009,23.773767371000076],[97.45315453500007,23.79857234600007],[97.46339954500007,23.809621926000034],[97.46652764800007,23.813371765000056],[97.47359647900004,23.81708733000005],[97.48511666800005,23.82013864700008],[97.49418411400006,23.818643432000044],[97.50463661500004,23.81855209200006],[97.51133528700007,23.818025435000038],[97.51829706100006,23.811826805000067],[97.52538059500006,23.816331629000047],[97.53755722600005,23.816541460000053],[97.54361116000007,23.821210587000053],[97.55217920200005,23.820821570000078],[97.56676581300007,23.81896924800003],[97.58541284400007,23.818490902000065],[97.58798398500005,23.81846810600007],[97.58851380100003,23.81956653700007],[97.58903270700006,23.820032209000033],[97.59315254400008,23.820470638000074],[97.59420148800007,23.822191260000068],[97.59609011100008,23.82264877800003],[97.59694448700009,23.822324800000047],[97.59728040300007,23.82185153000006],[97.59778772500005,23.821218215000044],[97.59966810500003,23.820570072000066],[97.60035864400004,23.82103889800004],[97.60088133400006,23.821820950000074],[97.60123239400008,23.822603186000038],[97.60192626900005,23.823068672000034],[97.60278843800006,23.823533975000032],[97.60330734400009,23.82400298300007],[97.60450921600005,23.824304721000033],[97.60553923100008,23.82445345700006],[97.60622197200007,23.824133002000053],[97.62586912900008,23.851232069000048],[97.64640328400009,23.853639543000043],[97.65046406700009,23.850996958000053],[97.66344109500005,23.865421387000026],[97.67038177300003,23.862585852000052],[97.68200353300006,23.87086407000004],[97.69240828300008,23.880982798000048],[97.70661022900003,23.86526575000005],[97.71305082800006,23.877036326000052],[97.70618418900006,23.88397924800006],[97.71993161800003,23.88537776900006],[97.72965204300004,23.899152697000034],[97.74951154800004,23.907532006000054],[97.76530187400004,23.911406845000045],[97.76612479300007,23.929648722000024],[97.79212858200003,23.94569887600005],[97.80779313600004,23.955513452000048],[97.81355418200008,23.956342112000073],[97.81776212200003,23.954225289000078],[97.82222542600005,23.965805943000078],[97.82925539600006,23.967530157000056],[97.83960932500008,23.97308944100007],[97.86172674300008,23.98335307800005],[97.87817457500006,23.975780128000054],[97.89669948000005,23.98372078600005],[97.88374971700006,23.999211502000037],[97.89678939000004,24.01543872900004],[97.93761558800009,24.021185711000044],[97.96729554400008,24.03144548000006],[98.00871632700006,24.05683072100004],[98.06842254600008,24.081173007000075],[98.10788802000008,24.091928594000024],[98.16672010600007,24.106219620000047],[98.22044227000004,24.116231179000067],[98.27510802500007,24.111608714000056],[98.34357468300004,24.10128761900006],[98.36367729000006,24.105932891000066],[98.42451273700004,24.123770619000027],[98.50308123900004,24.126778026000068],[98.55431325800004,24.11322664900007],[98.59107304500009,24.093099046000077],[98.61167060200006,24.086979346000078],[98.65193667300008,24.10783764400003],[98.69353784000003,24.107434819000048],[98.71737197900006,24.130668711000055],[98.74436745600008,24.130328158000054],[98.77012315200005,24.130467492000037],[98.81979368700007,24.13648425100007],[98.86086855000008,24.138324966000027],[98.88905959900006,24.13588120600008],[98.89675025900004,24.105361715000072],[98.86895974100008,24.075170206000053],[98.82572504200004,24.04644369400006],[98.79832937400005,24.024975185000073],[98.76546281300006,24.009701238000048],[98.75274000400003,23.980765229000042],[98.71985132400005,23.97392836100005],[98.70083999600007,23.98271015800003],[98.68248360500007,23.96757352000003],[98.68391946300005,23.95499396400004],[98.70115359000005,23.945281048000027],[98.69534049000004,23.93239708400006],[98.68368936300004,23.90548738500007],[98.69642529400005,23.88566758500008],[98.69772596900003,23.85778368600006],[98.70367358200008,23.836205320000033],[98.67964464800008,23.81274546700007],[98.69198851300007,23.79765872200005],[98.70730996800006,23.79209155800004],[98.73592773000007,23.78966509600008],[98.77961548900004,23.780976834000057],[98.80763203500004,23.769242332000033],[98.81920796100007,23.744099250000033],[98.82639666500006,23.723171110000067],[98.83476220400007,23.690129531000025],[98.84613363100004,23.657938779000062],[98.85962348000004,23.630716344000064],[98.88499817700006,23.619883865000077],[98.88748232200004,23.600586857000053],[98.86594482800007,23.58667646200007],[98.84556168000006,23.57844878800006],[98.82209370100009,23.556596812000066],[98.80859144500005,23.52517388600006],[98.81884175700009,23.488441226000077],[98.84847422700005,23.47980745800004],[98.87501757000007,23.486297860000036],[98.89681030400004,23.449623444000053],[98.91355944800006,23.40565636300005],[98.91842250400003,23.373375831000033],[98.91862371300004,23.352835609000067],[98.89820732100009,23.351464073000045],[98.90647876800006,23.33530600200004],[98.93802118000008,23.315883774000042],[98.93671848600007,23.294943488000058],[98.93008489400006,23.269755220000036],[98.91063598900007,23.238699920000045],[98.89035914400006,23.213595832000067],[98.88552893600007,23.19042700500006],[98.90725002300007,23.187245003000044],[98.94263697700006,23.18233570900003],[98.98966101100007,23.167802020000067],[99.04394775200007,23.165187606000075],[99.05821891000005,23.160521892000077],[99.04826023100009,23.123327502000052],[99.10153238600009,23.09478891400005],[99.11363923000005,23.101805463000062],[99.13631232500006,23.105146396000066],[99.16390288200006,23.106997874000058],[99.18349623200004,23.098084938000056],[99.20351229900007,23.112664600000073],[99.22321562200005,23.090280436000057],[99.24299028200005,23.081470555000067],[99.26152228200004,23.087405465000074],[99.27778588200005,23.100697229000048],[99.29460940600006,23.107584201000066],[99.31945561700007,23.10879343700003],[99.32595246200003,23.127121788000068],[99.34129815900008,23.134046584000032],[99.36097139700007,23.127848852000056],[99.38547003300005,23.10052561400005],[99.42475074300006,23.089707800000042],[99.48072164200005,23.086437489000048],[99.51936906300006,23.076760036000053],[99.53273429200004,23.051763616000073],[99.52381449700005,23.036023017000048],[99.52092876300009,23.022861574000046],[99.52253397300007,23.002166514000066],[99.53483580200003,22.975140956000075],[99.54487572500005,22.96323873600005],[99.56572167500008,22.932337330000053],[99.55073068300004,22.904433440000048],[99.53374192500007,22.89985973200004],[99.48423267100009,22.917356359000053],[99.44963374800005,22.936962954000023],[99.43574124800006,22.912434646000065],[99.45124836900004,22.867883807000055],[99.46098671400006,22.845716475000074],[99.42802717000006,22.837438637000048],[99.40606668300006,22.82726988400003],[99.39007695400005,22.814213480000035],[99.38551509400008,22.76914147800005],[99.36106132200007,22.76245659400007],[99.33057728200004,22.752718232000063],[99.31632785500005,22.739407475000064],[99.33290247900004,22.713882013000045],[99.34753079700005,22.673123563000047],[99.36548582100005,22.628169556000046],[99.38288727300005,22.580520028000024],[99.35970497800008,22.540488653000068],[99.37418089000005,22.509258860000045],[99.36987659200008,22.48905627700003],[99.34689037100009,22.46536545300006],[99.32031979400006,22.443440722000048],[99.29931074900009,22.417267639000045],[99.25730196700005,22.399135125000043],[99.26012899500006,22.37690484700005],[99.27729578400005,22.35616667200003],[99.25849579900006,22.33741576500006],[99.23502227400007,22.301707059000023],[99.22939251400004,22.268758096000056],[99.22306851600007,22.237418711000032],[99.20519210100008,22.22973524100007],[99.19423582000007,22.208543640000073],[99.17653729500006,22.192769592000047],[99.18024416300005,22.17573554300003],[99.19583704200005,22.16942169300006],[99.17363571700008,22.168591485000036],[99.13754057500006,22.156312400000047],[99.12088606300006,22.140062296000053],[99.13809336200006,22.125249323000048],[99.12446766400006,22.11404048600008],[99.10612625100003,22.104897679000032],[99.09402859900007,22.089027913000052],[99.09321334400005,22.075566688000038],[99.09542251400006,22.042851076000034],[99.09477020600008,22.028371157000038],[99.07183622600007,22.03182696700003],[99.06388960300006,22.023076154000023],[99.05331047800007,22.014345384000023],[99.03869352400005,22.000634871000045],[99.03111846100006,21.99664886000005],[99.02933424400004,21.990774221000038],[99.02682237200008,21.985342024000033],[99.03582917500006,21.981397883000056],[99.04767066100004,21.97554983300006],[99.04929891100005,21.959286786000064],[99.04897862500007,21.95372787100007],[99.06199790400007,21.94724714000006],[99.06651884100006,21.933700457000043],[99.06673991400004,21.928480342000057],[99.05664999800007,21.919740705000038],[99.04949988000004,21.90432649400003],[99.04543827000003,21.897099341000057],[99.04414561900006,21.89200638400007],[99.04155560400005,21.88786762500007],[99.03979272500004,21.881096840000055],[99.04058734100005,21.878083763000063],[99.03944172500007,21.87379907600007],[99.03954102100005,21.867624074000048],[99.03753875000007,21.86104606200007],[99.03469224000008,21.858556108000073],[99.03125529600004,21.85554994900008],[99.02768688500004,21.856666976000042],[99.02432410700004,21.858788358000027],[99.02234656400003,21.861912269000072],[99.01769589900005,21.862911429000064],[99.01180765100008,21.867196187000047],[99.00498339400008,21.866741585000057],[99.00022223300004,21.862183421000054],[98.99711368000004,21.86014995200003],[98.98790882100008,21.853347899000028],[98.98071403600005,21.84418129200003],[98.97016673900004,21.834756156000026],[98.95991330600003,21.824379514000043],[98.94848362900007,21.820275439000056],[98.93235959800006,21.816032969000048],[98.92019786200007,21.810154907000026],[98.91193153300009,21.799503540000046],[98.91692149600004,21.790501566000046],[98.91751579600003,21.782452427000067],[98.92902588600003,21.77264086100007],[98.93753232500006,21.76610213500004],[98.94926961800007,21.750698385000078],[98.94810228000006,21.742170432000023],[98.95029266000006,21.733285488000035],[98.95200553900008,21.720201434000046],[98.95128386700009,21.708604193000042],[98.95825379200005,21.690194203000033],[98.96441459000005,21.67860199000006],[98.95577779300004,21.665699535000044],[98.97477099800005,21.65084192200004],[98.97580331700004,21.640610104000075],[98.96291497300007,21.63166568500003],[98.95068533600005,21.622648294000044],[98.93705953800009,21.60612668500005],[98.93707444500006,21.594121651000023],[98.92557681500006,21.588719215000026],[98.92279627500005,21.580258065000066],[98.92250975800005,21.573025658000063],[98.90814782500007,21.56782634700005],[98.89789374500003,21.560314606000077],[98.88404980300004,21.554028111000036],[98.88346637100005,21.549867368000037],[98.88215817100007,21.538746282000034],[98.88045759900007,21.528630531000033],[98.88502684200006,21.522236904000067],[98.89162639800008,21.51214712700005],[98.88943278400006,21.504984023000077],[98.86334082400003,21.48299690300007],[98.81467091200005,21.493081662000066],[98.77177415500006,21.502326021000044],[98.74285316700008,21.511125057000072],[98.72657943000007,21.513563161000036],[98.70115800200006,21.51545112900004],[98.68927919800007,21.521577636000075],[98.67798797800003,21.525317880000046],[98.65833858900004,21.53355178100003],[98.64581057600009,21.538457831000073],[98.63730428500008,21.541314870000065],[98.62850715700006,21.545945638000035],[98.62718348300007,21.55167208000006],[98.63406139400007,21.567575111000053],[98.64285803500007,21.595079406000025],[98.64373223100006,21.598626077000063],[98.63696849100006,21.61635768700006],[98.62917908000009,21.631835729000045],[98.61904284800005,21.659181446000048],[98.60832352700004,21.67486337100007],[98.58835047400004,21.70390507700006],[98.57998421700006,21.71494870500004],[98.57002840000007,21.73663466200003],[98.57089788500008,21.75157239200007],[98.57117991600006,21.767060787000048],[98.56456905700009,21.786973707000072],[98.55114939400005,21.795828051000058],[98.54923776300006,21.80647052200004],[98.54908893300006,21.809743800000035],[98.54805566000005,21.816631339000025],[98.54863872400006,21.823934147000045],[98.54649914900006,21.840303333000065],[98.54209329000008,21.851213544000075],[98.54136023500007,21.85496567100006],[98.52433689300005,21.85879998000007],[98.50332447500006,21.860005989000058],[98.49384906500006,21.850629343000037],[98.47981164700008,21.84455000300005],[98.46057387600007,21.85194914500005],[98.46287583100008,21.863130072000047],[98.47191922700006,21.88302554200004],[98.48014049500006,21.892397790000075],[98.48573095800003,21.904729694000025],[98.48178474800005,21.92758482200003],[98.48230510700006,21.945329401000038],[98.48620754000007,21.954888848000053],[98.48358300800004,21.969293483000058],[98.46883967600007,21.97971109300005],[98.45924145300006,21.986945809000076],[98.44439477200007,21.992917883000075],[98.43754749900006,21.996400573000074],[98.42559232400004,22.004282020000062],[98.43180262900006,22.007341350000047],[98.42937758400006,22.021584757000028],[98.41512738500006,22.04021963300005],[98.42784954900009,22.05315054600004],[98.42477367700008,22.070693137000035],[98.41269498400004,22.073140649000038],[98.38202307500006,22.067185394000035],[98.36338819900004,22.06565076000004],[98.35058737500003,22.070226236000053],[98.34200852200007,22.084474512000043],[98.32520073900008,22.102681888000063],[98.30689412200007,22.122022406000042],[98.29938274100004,22.113542297000038],[98.28725232700003,22.111013306000075],[98.27461050200009,22.10724803000005],[98.26161757200003,22.106237347000047],[98.23962192300007,22.103948676000073],[98.22144483100004,22.09996609600006],[98.21077508400003,22.096498281000038],[98.19661504800007,22.094343222000077],[98.18602135400005,22.081369235000068],[98.17184587900005,22.071897558000046],[98.15458075500004,22.065168405000065],[98.14580292200009,22.06550802000004],[98.14605123800004,22.08038102000006],[98.14406370500006,22.090680967000026],[98.14212198800004,22.100366095000027],[98.13799857000004,22.112970166000025],[98.12643961900005,22.127603709000027],[98.11587715400003,22.132028708000064],[98.10519989400007,22.13534309000005],[98.09722273600005,22.135118522000027],[98.08912455000007,22.136220611000056],[98.07977463400005,22.135461771000053],[98.06573634700004,22.140538685000024],[98.05770280400009,22.136793113000067],[98.04588139700007,22.13569396300005],[98.03492910300008,22.12262509900006],[98.02245045600006,22.117369103000044],[98.02036099900005,22.109826878000035],[98.02005569100004,22.105814053000074],[98.00062865300004,22.08147443300004],[97.98769183500008,22.076036628000054],[97.98246186200004,22.076351093000028],[97.97386139600007,22.078683366000064],[97.96277799400008,22.069639075000055],[97.94922019800003,22.06214043600005],[97.92315476200008,22.056215226000063],[97.91793577200008,22.05835864900007],[97.91103120500009,22.055551297000022],[97.90287939500007,22.049905495000075],[97.89287774700006,22.04924576800005],[97.88749847200006,22.044782608000048],[97.88274528000005,22.038312742000073],[97.87774699300007,22.034196204000068],[97.86670491100006,22.01847612200004],[97.85925832900006,22.011148521000052],[97.84544653800003,22.006083363000073],[97.81221157400006,22.018629058000045],[97.80326988400009,22.01665662000005],[97.80148947000004,22.013547849000076],[97.79111656700007,22.001420599000028],[97.78650436400005,21.997613370000067],[97.78018264100007,21.994704053000078],[97.78933791200006,21.975053717000037],[97.77750305100005,21.97192752600006],[97.75905790500008,21.983873045000053],[97.76782416400005,21.969308675000036],[97.76257108000004,21.96434972000003],[97.75703356600008,21.96412651600008],[97.74581990000007,21.951717635000023],[97.72748400900008,21.95205389000006],[97.71283617000006,21.959055807000027],[97.71053097100008,21.959830862000047],[97.69005784500007,21.96498765700005],[97.68093653500006,21.966310459000056],[97.67654977600006,21.965200435000042],[97.67618714100007,21.959748939000065],[97.67455040500005,21.957178228000032],[97.67023987900006,21.965448011000035],[97.65386288000008,21.974980628000026],[97.64727762100006,21.98039607900006],[97.64874068500006,21.982781889000023],[97.64363302900006,21.987688209000055],[97.63827658200006,21.99603028200005],[97.63116987300003,21.999875892000034],[97.62932759400007,22.004823590000058],[97.61725783600008,22.010457948000067],[97.59714714600005,22.011960719000058],[97.58429343400007,22.015516303000027],[97.56753516700007,22.02578515600004],[97.55678766800008,22.04305412700006],[97.54290582100003,22.05194616800003],[97.52410710500004,22.062414172000047],[97.50076488300004,22.06431770300003],[97.48769960200008,22.067876488000024],[97.47165079800004,22.06520245300004],[97.46428461100004,22.054956057000027],[97.45762782800006,22.04581218100003],[97.45391269600003,22.034574676000034],[97.45176079700008,22.025872631000027],[97.43617065300003,22.031259109000075],[97.43057405400003,22.037000324000076],[97.42154065800008,22.03079011500006],[97.40732349100006,22.029149862000054],[97.39213339100007,22.029725506000034],[97.37331197000003,22.035772278000024],[97.37218676800006,22.051282454000045],[97.35927760500005,22.070543086000043],[97.33634732300004,22.070363936000035],[97.32163048900009,22.07291218000006],[97.30988860100007,22.067987352000046],[97.29573034600008,22.063876899000036],[97.28326559700008,22.060670564000077],[97.26512723400003,22.06281466400003],[97.24997901200004,22.07171065600005],[97.24798757400004,22.095384683000077],[97.24798017500007,22.122304538000037],[97.25219107700008,22.14823288300005],[97.24301300700006,22.169656344000032],[97.21227043300007,22.182767854000076],[97.18892454200005,22.18402253900007],[97.18872643400005,22.200929073000054],[97.18668189800007,22.214197324000054],[97.17806395500008,22.22774266500005],[97.16781030600004,22.234952720000024],[97.14154637800004,22.253065182000057],[97.11786404500003,22.245141709000052],[97.10088920700008,22.244035161000056],[97.07674594300005,22.252794438000024],[97.04533968000004,22.253072899000074],[97.02723495900005,22.241960144000075],[96.99529813000004,22.25201591600006],[96.97781141400009,22.263810552000052],[96.95889807200007,22.268323618000068],[96.94399793500008,22.258855416000074],[96.94535199800004,22.23047418500005],[96.95805150900009,22.200246958000037],[96.96808040500008,22.173311227000056],[96.97521770800006,22.145757393000054],[96.97836061800007,22.105035962000045],[96.98171382500004,22.079949789000068],[96.98884375900008,22.062059288000057],[96.97583935200004,22.041486465000048],[96.96517373000006,22.019475457000055],[96.95695258300003,22.006307394000032],[96.95901257200006,21.99979595700006],[96.96391091500004,21.992891298000075],[96.96228194600008,21.97216607000007],[96.95720063900006,21.957635544000027],[96.95318387600008,21.943815099000062],[96.94615327800005,21.936601763000056],[96.91875987600008,21.938387043000034],[96.90003754300005,21.947046151000052],[96.88481324600008,21.959546524000075],[96.87030596200003,21.961312803000055],[96.86283647000005,21.95785277600004],[96.85049597200003,21.952653372000043],[96.83555808400007,21.952890120000063],[96.82052390200005,21.96556636400004],[96.80215600200006,21.977335160000052],[96.78948765500007,21.98146575100003],[96.78141308500005,21.982074991000047],[96.76893032600003,21.995096063000062],[96.76059527300004,21.99720196000004],[96.75710098200005,22.00319070300003],[96.75429736400008,22.012819172000036],[96.75780659400004,22.01954057300003],[96.75598705600004,22.026704791000043],[96.75410263300006,22.033536644000037],[96.75186325100003,22.038011633000053],[96.75316321400004,22.054574672000058],[96.75304575100006,22.071046644000035],[96.74378015000008,22.07294645500008],[96.73825644700008,22.081678073000035],[96.72820443400008,22.086263539000072],[96.72033102900008,22.08782757800003],[96.71185119400008,22.089727313000026],[96.70228395500004,22.089834207000024],[96.69455137700004,22.08826620600007],[96.68351918500008,22.089490666000074],[96.67727644900003,22.08892614000007],[96.67030143200009,22.092504344000076],[96.65893358600005,22.09081827400007],[96.65371899600007,22.092046656000036],[96.64316373300005,22.099992499000052],[96.63138667400005,22.11267188200003],[96.59093172000007,22.112727507000045],[96.55762683300009,22.124021321000043],[96.55643277400009,22.131528828000057],[96.54988298800004,22.135221154000078],[96.53094392800006,22.13862473300003],[96.52829927600004,22.143491399000027],[96.52490049000005,22.147294801000044],[96.51896102200004,22.14897311900006],[96.51569531200005,22.14527326800004],[96.50988180100006,22.143480107000073],[96.50152365100007,22.145826226000054],[96.48426235000005,22.15269016800005],[96.48157837300005,22.189072965000037],[96.48148530400005,22.228792268000063],[96.47359285900006,22.253088011000045],[96.44758133100004,22.311044809000066],[96.42193444000009,22.33221840400006],[96.40386456800007,22.366002009000056],[96.33759902600008,22.366585459000078],[96.32200431100006,22.409108842000023],[96.32855080200005,22.46262736400007],[96.32990071400008,22.465776178000056],[96.33207900800005,22.467904813000075],[96.33144951700007,22.503961506000053],[96.32453705000006,22.517843219000042],[96.31418564600006,22.514703500000053],[96.30659660600008,22.51876446600005],[96.30067219500006,22.520406539000078],[96.28937442300008,22.533526341000027],[96.29665566200003,22.545038332000047],[96.30211036200006,22.543083100000047],[96.29854467500007,22.55768213300007],[96.29534362800007,22.576519673000064],[96.28477084300005,22.585136415000022],[96.27841484700008,22.588324202000024],[96.27206018500004,22.606216841000048],[96.26298198000006,22.610690676000047],[96.25723449700007,22.622510627000054],[96.25000942400004,22.63238615700004],[96.23758871300004,22.655420314000025],[96.23721092500006,22.678041350000058],[96.23778658700007,22.693575141000053],[96.24016817700004,22.700380239000026],[96.22495897600004,22.693446633000065],[96.22182766700007,22.714918450000027],[96.20840778400009,22.73102231200005],[96.20682286400006,22.748032984000076],[96.21172127500006,22.751485916000036],[96.21621837000004,22.75740680800004],[96.22674829100004,22.76457202100005],[96.23327434100008,22.765050590000044],[96.23739413300007,22.764268634000075],[96.24078542700005,22.764776065000035],[96.24199450200007,22.770093753000026],[96.25381172500005,22.77821557200008],[96.27036291700006,22.79163545700004],[96.28062241600009,22.789262825000037],[96.28636803200004,22.784306852000043],[96.29718964900007,22.78415607900007],[96.31790638800004,22.780627405000075],[96.33179343400008,22.780855059000032],[96.34459085500004,22.78011862900007],[96.35173618100004,22.77866543400006],[96.35827828200007,22.778780023000024],[96.38060763100003,22.80079395200005],[96.38730230200008,22.793983938000054],[96.39353730500005,22.800516309000045],[96.40660764300009,22.803141589000063],[96.42140636400006,22.796078562000048],[96.43264967800008,22.789069882000035],[96.44694700500008,22.78622222200005],[96.45800676500005,22.787144649000027],[96.46124042500008,22.790147796000042],[96.47347420100004,22.791498223000076],[96.48146632900006,22.792455566000058],[96.48982426800006,22.80348390900008],[96.51682845600004,22.80904771300004],[96.52687638600008,22.81873905200007],[96.53547092200006,22.827928369000063],[96.54292077300005,22.830842954000047],[96.55661285800005,22.825339669000073],[96.56757513300005,22.82716170300006],[96.57797010300004,22.823826164000025],[96.59083732400006,22.82000897100005],[96.60331508800004,22.820463032000077],[96.60877003800005,22.815593728000067],[96.61470202600003,22.819909842000072],[96.61906211100006,22.822488487000044],[96.62257190100007,22.824506419000045],[96.62511255300006,22.828760222000028],[96.63141409000008,22.828878132000057],[96.63274565200004,22.827871048000077],[96.63044537700006,22.825963998000077],[96.63371843800007,22.82193552500007],[96.64195430700005,22.82496429500003],[96.64491640900007,22.833810821000043],[96.65091115000007,22.836839437000037],[96.65508642500004,22.841993070000058],[96.66229068400008,22.84513256500003],[96.66373988900006,22.85588254000004],[96.66555186900007,22.86361101400007],[96.66361020300008,22.868650092000053],[96.67014480100005,22.87884310100003],[96.67219700800007,22.890714427000034],[96.68018508700004,22.900350221000053],[96.68538835800007,22.908750380000072],[96.69773288900006,22.92454699600006],[96.70814673400008,22.933733097000072],[96.71420083700008,22.936201063000055],[96.71624631900005,22.943966803000023],[96.71370499400007,22.952550767000048],[96.71091253400004,22.96307551900003],[96.70388206100006,22.969567942000026],[96.69467699900008,22.969339038000044],[96.68618953200007,22.978513821000035],[96.67988407000007,22.98545615100005],[96.66389642900003,22.983877203000077],[96.63603782000007,22.977369018000047],[96.62174039900003,22.98116846000005],[96.60065274400006,22.995489038000073],[96.57814587500008,23.00311468600006],[96.57155791600007,23.010292071000038],[96.56306274200006,23.016923762000033],[96.54874988200004,23.020795931000066],[96.54181077700008,23.026470132000043],[96.52574700500008,23.041272892000052],[96.51278466000008,23.053220519000035],[96.49865127900006,23.045938487000058],[96.48533818800007,23.03822493000007],[96.48173686600006,23.032781620000037],[96.47732342800003,23.029184411000074],[96.46825608000006,23.022340572000076],[96.46186984100007,23.02857787100004],[96.45176104100005,23.030603254000027],[96.43692183600007,23.022974050000073],[96.42239175600008,23.023160992000044],[96.40552124100003,23.021677130000057],[96.38539300100007,23.014669414000025],[96.35717365200009,23.008806247000052],[96.35080903100004,23.010392796000076],[96.33532489300006,23.00424775600004],[96.31163029400005,23.01226583500005],[96.30200759100006,23.008405654000057],[96.28506658800006,23.004552619000037],[96.25853509000007,23.010538084000075],[96.23695187700008,23.013620428000024],[96.21051956400004,23.027517070000044],[96.19658829800005,23.03858724400004],[96.19920331800006,23.05553212600006],[96.20403449000008,23.07010448500006],[96.19582144300006,23.08714100900005],[96.17064066600005,23.105508480000026],[96.15254371500004,23.124131875000046],[96.15429116100006,23.13651055400004],[96.15489377900008,23.144411055000035],[96.15535051700004,23.16312391200006],[96.16414072400005,23.164247556000078],[96.17020938000007,23.18881211400003],[96.18095929900005,23.20468134400005],[96.18178729100003,23.218759439000053],[96.18767133600005,23.232538292000072],[96.18674836000008,23.247819680000077],[96.18280163800006,23.27292839200004],[96.19841603500004,23.300379512000063],[96.17827878600008,23.322020707000036],[96.16542432100005,23.32908985800003],[96.18305348300004,23.34772639700003],[96.18916892400006,23.35651596300005],[96.19165610500005,23.351548858000058],[96.19569569500004,23.34731839600005],[96.20166575500008,23.345075442000052],[96.20496147600005,23.341664996000077],[96.21024505500009,23.334154092000063],[96.21751601800008,23.331667046000064],[96.23369024600004,23.339654949000078],[96.23400665600008,23.346486984000023],[96.22693835200005,23.359369309000044],[96.22901333800007,23.370710100000053],[96.23412870500005,23.376668910000035],[96.23967911800008,23.38822358500005],[96.24486340100003,23.395769123000036],[96.24803705400006,23.402082419000067],[96.26083531500007,23.408277214000066],[96.27737609000008,23.41992384200006],[96.29358085200005,23.423144689000026],[96.29525981800003,23.43456166800007],[96.29756353400006,23.444761088000064],[96.29374512200008,23.45345482700003],[96.29309253000008,23.459550963000027],[96.29492351700009,23.467336439000064],[96.30249197500007,23.471296090000067],[96.31521000200007,23.47557987700003],[96.31693448900006,23.480539102000023],[96.31281857300007,23.49200232000004],[96.30997277400007,23.498178362000033],[96.31802534100007,23.502637666000055],[96.33029724900007,23.509153324000067],[96.34032248200003,23.514905619000046],[96.34279435700006,23.527875823000045],[96.35052283800007,23.53946886800003],[96.35664556800003,23.544763292000027],[96.36445040500007,23.550695164000047],[96.37587534200009,23.55673417500003],[96.38314982500003,23.560369278000053],[96.39253034800004,23.569131774000027],[96.39564296400005,23.576677208000035],[96.39526522600005,23.584085537000078],[96.39530342000006,23.591528038000035],[96.40347829900008,23.597142896000037],[96.41711608100007,23.60851841400006],[96.41860742100005,23.614980708000076],[96.41925600800005,23.625753158000066],[96.43732379800008,23.644082834000073],[96.43185998300004,23.669984811000063],[96.43829532000007,23.677446234000058],[96.43802824200009,23.688737563000075],[96.44016045200004,23.69720998200006],[96.45721956400007,23.710318105000056],[96.47881855100007,23.724729486000058],[96.48837444700007,23.725808999000037],[96.49861689400007,23.734186142000055],[96.50726495300006,23.742120485000044],[96.51623732600007,23.756982679000032],[96.52071581200005,23.77213081600007],[96.52575842000005,23.785402049000027],[96.52869992100005,23.797876254000073],[96.53283472100009,23.808671682000067],[96.53957561000004,23.81884203000004],[96.54879948600006,23.82215674300005],[96.55683708600009,23.82144338100005],[96.56057937300005,23.834722199000055],[96.55822189000008,23.85194565000006],[96.55178256500005,23.86375219000007],[96.54509518000003,23.873418710000067],[96.52961157700008,23.878171647000045],[96.52784161900007,23.897310324000046],[96.51920892900006,23.925939653000057],[96.50987417000005,23.955621680000036],[96.51719062300003,23.972299445000033],[96.50863434800004,23.991445389000035],[96.50877566200006,24.002752196000074],[96.49609956700004,24.010191048000024],[96.46505916100006,24.01592064400006],[96.43840975600006,24.00060062600005],[96.41997718500005,24.00330528300003],[96.40917005800009,24.005948958000033],[96.41201336100005,24.052990728000054],[96.43916096100008,24.085843922000038],[96.44321984200008,24.09019661900004],[96.48473550300008,24.107412046000036],[96.50877786000007,24.10386344500006],[96.55822575700006,24.154889703000038],[96.57748233000007,24.158937425000033],[96.61252407200004,24.15189906200004],[96.63386337700007,24.14862240700006],[96.64739009800007,24.156007716000033],[96.66565877800008,24.15641208900007],[96.66868766700009,24.149805144000027]]]}},{"type":"Feature","properties":{"id":"shan","name":"Shan","nameMy":"ရှမ်း","stSource":"Shan (South)"},"geometry":{"type":"Polygon","coordinates":[[[96.96957576300008,22.26812497000003],[96.98649038400004,22.257028108000043],[97.00421675300004,22.251035173000048],[97.04026928800005,22.249254163000046],[97.06647626700004,22.256169958000044],[97.08429101700006,22.245260168000073],[97.11189476600003,22.243161635000035],[97.13612501800009,22.251249319000067],[97.16440723700003,22.23996932800003],[97.17392922000005,22.231427761000077],[97.18157412000005,22.219925614000033],[97.19185265900006,22.208395333000055],[97.18713529900003,22.191831223000065],[97.20283688100005,22.18124176200007],[97.23305303300003,22.17541286200003],[97.24687768000007,22.155076915000052],[97.25114648100003,22.13672783900006],[97.24622540000007,22.10891532100004],[97.24634691300008,22.076406229000042],[97.26006880200003,22.06387471100004],[97.27860467300007,22.057435789000067],[97.28777131700008,22.06195587800005],[97.30481517200008,22.066251303000058],[97.32088291700006,22.07262980300004],[97.32959921700007,22.071298468000066],[97.35021594800008,22.073045626000066],[97.36807407000003,22.05711890300006],[97.37376984800005,22.043054188000042],[97.38427922400007,22.03469277100004],[97.39818351800005,22.029962431000058],[97.41835770100005,22.027551240000037],[97.42789242500004,22.035318304000043],[97.43280559200008,22.033090454000046],[97.44078997100007,22.026430016000063],[97.45654083200009,22.02546466900003],[97.45478580400004,22.040033445000063],[97.46328869400008,22.052488132000065],[97.46825548400005,22.061182076000023],[97.48248096700007,22.065034469000068],[97.49416178200005,22.06616355500006],[97.51453593000008,22.061277485000062],[97.53477233900009,22.056654098000024],[97.55342286300004,22.04514500600004],[97.55849820200007,22.03316311800006],[97.57480388200008,22.01633217500006],[97.58969683700008,22.01289575000004],[97.60405123900006,22.013757300000066],[97.62780149600007,22.008924557000057],[97.63086091200006,22.001791001000072],[97.63495788200004,21.99677073500004],[97.64184745000006,21.99213612500006],[97.64832865200003,21.984636410000064],[97.64752369300004,21.98118200700003],[97.64753102400005,21.97699493300007],[97.66947335000003,21.968879535000042],[97.67209058400005,21.962011177000022],[97.67563798300006,21.95890619000005],[97.67596244300006,21.96295353900007],[97.67864013300004,21.966207112000063],[97.68983988600007,21.964932916000066],[97.70582398200008,21.956296577000046],[97.71257968200007,21.959062748000065],[97.72212482900005,21.95473348200005],[97.73619268200008,21.94959760000006],[97.75427992400006,21.962325657000065],[97.75930939700004,21.964361061000034],[97.76524137400008,21.96647812300006],[97.75925221500006,21.98072243200005],[97.76044060400005,21.985317231000067],[97.78789344900008,21.971631648000027],[97.78129913800007,21.984878885000057],[97.78414672600007,21.99722495700007],[97.78820224500004,21.998956332000034],[97.79536699300007,22.011004899000056],[97.80185848900004,22.015127195000048],[97.80722237400005,22.01640521400003],[97.82786812500007,22.004544819000046],[97.85598654600005,22.012279568000054],[97.86184815100006,22.01211209300004],[97.87641842800008,22.03019933400003],[97.87973385400005,22.035963192000054],[97.88493118300005,22.04172662800005],[97.89249237200005,22.048658120000027],[97.89391128600005,22.051602828000057],[97.90655337000004,22.05367861900004],[97.91518008500003,22.05624530700004],[97.92012926300004,22.054427307000026],[97.93713966200005,22.062807036000038],[97.96097717100008,22.066520404000073],[97.96612331600005,22.075052294000045],[97.98017280700009,22.077715011000066],[97.98412882600007,22.07793943200005],[97.99127774600004,22.078737300000057],[98.01737610200007,22.098668477000047],[98.02127634100003,22.108060496000064],[98.02208889100007,22.11455735000004],[98.03000056000008,22.119134577000068],[98.03985024400004,22.131104980000032],[98.05234338600008,22.136151795000046],[98.06151345000006,22.13894853900007],[98.07322479600003,22.138810615000068],[98.08576020800007,22.136159535000047],[98.09451077100005,22.13544223100007],[98.10223532200007,22.13528234200004],[98.11186739900006,22.132817789000057],[98.12019886700006,22.131528897000067],[98.13233383800008,22.119127348000063],[98.14187776600005,22.107156487000054],[98.14182454500008,22.094713246000026],[98.14618437800004,22.08613024400006],[98.14472373400008,22.073152239000024],[98.14789756300007,22.064569214000073],[98.16413648100007,22.070058577000054],[98.17996016800004,22.076685029000032],[98.19282299200006,22.087960862000045],[98.20410338700003,22.098084924000034],[98.21846963900003,22.097009145000072],[98.23068047900006,22.101816324000026],[98.25473176600008,22.105730016000052],[98.27039546600008,22.10627882500006],[98.28314341600009,22.109284913000067],[98.29547679700005,22.111814071000026],[98.30235816300006,22.118211605000056],[98.31912039000008,22.112947459000054],[98.33569099000005,22.087518576000036],[98.34808493700007,22.077588852000076],[98.35173880800005,22.06536156100003],[98.36738955200008,22.073588607000033],[98.40591956400004,22.06893926600003],[98.41951206100003,22.072885475000078],[98.42497435900003,22.059770461000028],[98.42386037000006,22.045335807000072],[98.42367750600005,22.029257940000036],[98.43179863400007,22.010053328000026],[98.42697289000006,22.00548382200003],[98.42915835000008,21.997030566000035],[98.43869197200007,21.991094098000076],[98.44932786500004,21.988918915000056],[98.46547135900005,21.980046697000034],[98.48308987600007,21.97532641600003],[98.48663853700003,21.95792672600004],[98.48344557000007,21.946542743000066],[98.48059979300007,21.93228311400003],[98.47800296800006,21.91623947000005],[98.49017044400006,21.900125784000068],[98.47173844200006,21.88906569900007],[98.46576260200004,21.872863425000048],[98.45744979300008,21.855402078000054],[98.46649318900006,21.838959540000076],[98.49163816700008,21.849915959000043],[98.50065497900005,21.857377943000074],[98.51664293000005,21.854579951000062],[98.53193449200006,21.860170414000038],[98.54194790500009,21.851896217000046],[98.54473686800009,21.84425901800006],[98.54890920000008,21.82955716600003],[98.54820050500007,21.81949694700006],[98.54776558600008,21.813428315000067],[98.54923776300006,21.806946414000038],[98.54953208000006,21.801831867000033],[98.55650481100008,21.790650879000054],[98.56897546000005,21.77251589100007],[98.57148133400005,21.75634836000006],[98.56876335500004,21.74089774600003],[98.57660484400009,21.720132368000066],[98.58365428500008,21.709222597000064],[98.60391045500006,21.68713903300005],[98.61375250300006,21.668454878000034],[98.62491014900007,21.648408593000056],[98.63637718500007,21.620996253000044],[98.64357900600004,21.60695054200005],[98.64285803500007,21.595555298000022],[98.63905496500007,21.58484432100005],[98.62835447100008,21.55467740100005],[98.60627915400005,21.554856914000027],[98.57620376200003,21.54841016200004],[98.56179984800008,21.541242065000063],[98.55863778800006,21.52175673000005],[98.59144447900007,21.452588166000055],[98.61345448400004,21.423241490000066],[98.66446180300005,21.38061893500003],[98.66341370700007,21.347778606000077],[98.66306434200004,21.323323044000063],[98.67948450700004,21.293976369000063],[98.70394007000004,21.242619685000022],[98.70324133900004,21.217116024000063],[98.70219324200008,21.184625063000055],[98.71826404200004,21.13571393500007],[98.80141295800007,21.079815506000045],[98.79603382100004,21.056615445000034],[98.78690858000004,21.046655792000024],[98.75996951200005,21.017235464000066],[98.74804462300006,20.992780499000048],[98.73283568700003,20.98205723500007],[98.71410576700004,20.985860595000077],[98.69186588500008,20.990480241000057],[98.67167800900006,20.991265799000075],[98.65411571100003,20.997263135000026],[98.63861610300006,20.988184150000052],[98.62904509800006,20.989045886000042],[98.61346592000007,20.96784401800005],[98.60059531500008,20.961240237000027],[98.57924042000008,20.955438655000023],[98.55758807600006,20.956220608000024],[98.53856451300004,20.961122156000044],[98.51691239800004,20.96025667300006],[98.50295064000005,20.956144005000056],[98.49966192300008,20.943772710000076],[98.48826357100006,20.924828959000024],[98.48813808900007,20.891782532000036],[98.49678578200007,20.86951641400003],[98.49533652500008,20.847371559000067],[98.49856713600008,20.832292622000068],[98.49843412700005,20.809805049000033],[98.50485724800006,20.792796011000064],[98.50123358900004,20.78389557400004],[98.50169145900009,20.755514057000028],[98.51312037800005,20.729345484000078],[98.53376203500005,20.707857299000068],[98.54446566700005,20.675657],[98.56511825400008,20.641416433000074],[98.58327662200008,20.61416432900006],[98.59587240300004,20.595952718000035],[98.60261681100008,20.57471248400003],[98.60061837500007,20.55974629700006],[98.61010499300005,20.536333083000045],[98.62080180100008,20.509752382000045],[98.63134583500005,20.493593193000038],[98.64193925700005,20.48223297900006],[98.64927135400006,20.456331335000073],[98.65147623900003,20.44152659300005],[98.65324607900004,20.422197333000042],[98.65062490700006,20.407384654000055],[98.64404837000006,20.397363299000062],[98.64142039100005,20.387621067000055],[98.64011549800006,20.37226279500004],[98.64598259200005,20.35033580100003],[98.64877524400003,20.33025185500003],[98.65639267100005,20.31936793400007],[98.67541712500008,20.308709528000065],[98.68888686000008,20.294336179000027],[98.69855694000006,20.275296698000034],[98.69271655400007,20.25924112000007],[98.68921866100004,20.239354615000025],[98.68747556800008,20.220426733000068],[98.69217863300008,20.192876660000024],[98.67492849400008,20.174333387000047],[98.64563027300005,20.16385758200005],[98.62954487100006,20.14850055900007],[98.61160464500006,20.13856299400004],[98.59604330200006,20.134694901000046],[98.58492796400009,20.137689480000063],[98.56970301600006,20.141497025000035],[98.54747980700006,20.127061456000035],[98.52101314300006,20.109048576000077],[98.49805986400008,20.087751311000034],[98.48992878400009,20.077564206000034],[98.49656437100003,20.07086348100006],[98.50334315000003,20.063748859000043],[98.50418239100009,20.053391990000023],[98.51286498900004,20.041379495000058],[98.51857921800007,20.028581276000068],[98.51822810800007,20.021562507000056],[98.52488869300004,20.01310935500004],[98.52489236900004,20.007875327000022],[98.52103036700004,20.005418466000037],[98.51529232800004,19.992863357000033],[98.51152806600004,19.953833901000053],[98.51449985200009,19.936795662000065],[98.51174344100008,19.91733358700003],[98.50946240100006,19.913903979000054],[98.50817668200006,19.911630253000055],[98.50958446300007,19.908670538000024],[98.51165961900006,19.908994246000077],[98.51375399200003,19.909781271000043],[98.51671020000003,19.908593818000043],[98.51952148900006,19.90531317700004],[98.52361332800007,19.900737991000028],[98.52383995100007,19.887300595000056],[98.52542682600006,19.885934948000056],[98.52687263800004,19.885233017000076],[98.52826107000004,19.882352522000076],[98.53186626400009,19.881875939000054],[98.53479549900004,19.88278396900006],[98.53827067300006,19.881722919000026],[98.54137239200008,19.880014189000065],[98.54707392600005,19.87480090500003],[98.55260283000007,19.85155284700005],[98.55682579200004,19.851495189000048],[98.55864858400008,19.85293364200004],[98.56202204100003,19.850412997000035],[98.56806079200004,19.842537766000078],[98.57806855500007,19.827252327000053],[98.57035258300004,19.79321060700005],[98.57899291200005,19.787023412000053],[98.60378000900005,19.76808076700007],[98.61716405100003,19.73285959800006],[98.62687182700006,19.712869944000033],[98.60229607400004,19.710724560000074],[98.57277835700006,19.695017583000038],[98.56013799300007,19.673994119000042],[98.52549355400004,19.70647301500003],[98.49315313600005,19.703384191000055],[98.46328545800009,19.69324952200003],[98.42564947100004,19.692627748000064],[98.39200590400009,19.705007968000075],[98.35794957400003,19.692434884000022],[98.33980318500005,19.699071829000047],[98.32517108200005,19.69758121800004],[98.29515193600008,19.68147020300006],[98.27214752800006,19.68230905000007],[98.24819723900004,19.676448461000064],[98.23346111200004,19.700019344000054],[98.23218292200005,19.719803228000046],[98.21570216000003,19.726040486000045],[98.20017894700004,19.73661115300007],[98.18257694300007,19.754111839000075],[98.17654175000007,19.762618261000057],[98.14283742700007,19.78203631100007],[98.12733070600007,19.782651706000024],[98.10575947400008,19.772582254000042],[98.08669672600007,19.79113322300003],[98.08045933900007,19.81039974500004],[98.06305993300003,19.802969205000068],[98.04834249900006,19.81511051900003],[98.03720797400007,19.800697998000032],[98.03397038100007,19.78685766800004],[98.03400715900005,19.753735851000044],[98.03113686000006,19.725665492000076],[98.03464930100006,19.699583435000022],[98.03436879900005,19.671887365000032],[98.04756846200007,19.653245944000048],[98.02690892500004,19.641082118000043],[98.00980455200005,19.63733813700003],[97.99454128200006,19.638888187000077],[97.97223693700005,19.634542786000054],[97.97497499200006,19.609209505000024],[97.94425969400004,19.59644296600004],[97.92246745700004,19.585165474000064],[97.89449510100008,19.572405566000043],[97.85903704900005,19.58493207300006],[97.85658071600005,19.598161735000076],[97.84876052500005,19.61114288600004],[97.85424610500007,19.61924545200003],[97.85734335500007,19.630384398000047],[97.85373110200004,19.642725012000028],[97.83887670000007,19.64685981200006],[97.82825271900003,19.65613723900003],[97.80961805800007,19.651678144000073],[97.80246140200006,19.650956895000036],[97.79634071400005,19.647061982000025],[97.77925652300007,19.658502335000037],[97.75666690600008,19.668184730000064],[97.74518001100006,19.67112918400005],[97.74350150800007,19.65860187900006],[97.73589868300007,19.656297589000076],[97.71901882900005,19.65837286900006],[97.71213306700008,19.65848338400008],[97.70066628300003,19.664525628000035],[97.68953483000007,19.669775049000066],[97.67843432400008,19.66176016000003],[97.66689109900005,19.668741300000022],[97.65582470600003,19.67470745600008],[97.64061547000006,19.67491336200004],[97.62613475000006,19.675130858000045],[97.61373703700008,19.679735102000052],[97.60588232300006,19.68704021900004],[97.60337648100005,19.70181847400005],[97.59628871800004,19.707017720000067],[97.59352679300008,19.708959316000062],[97.59121107500005,19.711999671000058],[97.59342003900008,19.715017336000074],[97.59015440900004,19.717924210000035],[97.57517406100004,19.721646983000028],[97.57191268300005,19.725450159000047],[97.56593125900008,19.726304656000025],[97.56146785300007,19.74099141800008],[97.56122375800004,19.759103457000037],[97.56775862900008,19.77518623000003],[97.57299972400006,19.789621099000044],[97.57826030200005,19.807016212000065],[97.58474534900006,19.819379715000025],[97.59086428800003,19.828992693000032],[97.58746125400006,19.83389820600007],[97.58078178800008,19.834134919000064],[97.56273845700008,19.83291056400003],[97.55486475500004,19.83446308300006],[97.54923800700004,19.83366550100004],[97.54543846800004,19.838571353000077],[97.54321840300008,19.84512146900005],[97.53342410800008,19.854862103000073],[97.52894374900006,19.867429738000055],[97.53854539900004,19.87867916600004],[97.53556227200005,19.880827036000028],[97.52715854100006,19.889543437000043],[97.51691987300006,19.89744345200006],[97.50423631300004,19.900808083000072],[97.49602673100009,19.895612605000053],[97.48158839200005,19.887693272000035],[97.47328364000003,19.884839949000025],[97.45671661900008,19.880579071000057],[97.44639015100006,19.88118140800003],[97.44323540300007,19.888196694000044],[97.43526642300009,19.900056908000067],[97.42692345600005,19.905835874000047],[97.41611276800006,19.909105124000064],[97.40118193700005,19.917222713000058],[97.39844669200005,19.924092938000058],[97.39307983100008,19.93181401000004],[97.37629443300006,19.95366020000006],[97.35031113500008,19.94223210100006],[97.34574689500005,19.936655089000055],[97.33670587900008,19.93271041500003],[97.33586200600007,19.91189238000004],[97.32475466900007,19.898832023000068],[97.31536666300008,19.901182007000045],[97.29994357800007,19.89655866000004],[97.29374479900008,19.89515675000007],[97.28777486800004,19.89466281500006],[97.27401913800009,19.89459391300005],[97.26531776700006,19.891206430000068],[97.25892805400008,19.891797704000055],[97.24859804300007,19.89758108700005],[97.24175050100007,19.899434771000074],[97.23394647800006,19.905089411000063],[97.22382928600007,19.90581310300007],[97.22298977900005,19.91911475300003],[97.22036155000006,19.930425461000027],[97.21947702100005,19.949701703000073],[97.21487729900008,19.97000730700006],[97.20926069200004,19.989355192000062],[97.18975507500005,19.992826884000067],[97.17457385200004,19.994417241000065],[97.14711164700003,19.992448626000055],[97.14981192100004,19.97584721100003],[97.15492305500004,19.94848370400007],[97.15080452700005,19.923722945000065],[97.14774122200004,19.87615759600004],[97.15385730600008,19.851196009000034],[97.15756044700004,19.836088118000077],[97.14654930900008,19.82592252300003],[97.14942359200006,19.78420838200003],[97.15452369200005,19.77019284100004],[97.15388645400009,19.76347895500004],[97.13887589500007,19.76728608700006],[97.11609932600004,19.75071106400003],[97.09398449100007,19.71450225500007],[97.04971836300007,19.692247095000027],[97.01287388500003,19.678544601000056],[97.01104688500004,19.651139616000023],[96.97999667300007,19.638062494000053],[96.96873668600006,19.63213148600005],[96.95566761200007,19.61673522600006],[96.94992637100006,19.600509561000024],[96.94632126000005,19.588274100000035],[96.93301928500006,19.57661984300006],[96.92485233500008,19.57222936100004],[96.91877904400008,19.578695038000035],[96.91199103900004,19.576984242000037],[96.91141702300007,19.573339512000075],[96.90773173800005,19.56231882000003],[96.90102555400006,19.55861823600003],[96.89837806600008,19.55595981400006],[96.90278403300005,19.54811644700004],[96.90548880900008,19.540016008000066],[96.90788426000006,19.53210629600005],[96.90738728200006,19.530542277000052],[96.89446821900003,19.532197733000032],[96.87607731500003,19.522394244000054],[96.87312107100007,19.51045396300003],[96.87929724900005,19.503988270000036],[96.90843044100006,19.473311715000023],[96.90707205800004,19.462190468000074],[96.91813825900005,19.455018962000054],[96.92363539500008,19.45213490900005],[96.93064314400004,19.456292751000035],[96.93779954000007,19.459600179000063],[96.94595527300004,19.454530816000045],[96.96175650000004,19.43509328400006],[96.95970112800006,19.41682329400004],[96.92704754500005,19.40185524000003],[96.92043687900008,19.40053457600004],[96.91366743200007,19.391529066000032],[96.90250768200008,19.382289978000074],[96.90075865900008,19.38021628100006],[96.89560105000004,19.37836658200007],[96.88867654100005,19.369549697000025],[96.88254911300004,19.364576293000027],[96.88089922000006,19.36146339100003],[96.87476715100007,19.355228363000037],[96.88066714800004,19.34759112200004],[96.87957544200003,19.33121690200005],[96.87104952600004,19.319283786000028],[96.86657108900005,19.300584488000027],[96.86494623900006,19.29937913300006],[96.85926234500005,19.300504555000032],[96.85416190800004,19.309640585000068],[96.84172229700005,19.31950157600005],[96.83603857600008,19.326654180000048],[96.83507310700008,19.334052085000053],[96.82521254100004,19.361310898000056],[96.81741495600005,19.368936380000036],[96.80802315100004,19.389265162000072],[96.80199241900004,19.402786137000078],[96.79784558200004,19.404763957000057],[96.78007284700004,19.41118419700007],[96.76681695500008,19.424562525000056],[96.76260543700005,19.43338564100003],[96.73584223400007,19.44283875600007],[96.70956510300005,19.451122578000025],[96.69028340900007,19.46948615100007],[96.68165753400007,19.473554345000025],[96.67625203600005,19.484914471000025],[96.67302500500006,19.496126041000025],[96.66685262500005,19.50488854500003],[96.66815747900006,19.51239550400004],[96.67323873500004,19.51737750600006],[96.67521837500004,19.519321366000042],[96.67118619700005,19.52454356800007],[96.66720757800005,19.53392197100004],[96.66178693300009,19.542985647000023],[96.65816485000005,19.550610310000025],[96.65561876700008,19.554952336000042],[96.65187240200004,19.570945793000078],[96.64777177200006,19.577133058000072],[96.63485151400005,19.578824783000073],[96.62494087800007,19.57291962100004],[96.61964577600008,19.573873339000045],[96.61214257500006,19.57711957500004],[96.60785081400007,19.578157430000033],[96.60026737700008,19.578226160000042],[96.59370237400003,19.576940471000057],[96.58460415600007,19.58267752100005],[96.57642521300005,19.583936791000042],[96.56791859800006,19.587463252000077],[96.55854974100004,19.586538033000068],[96.55182821200003,19.592058003000034],[96.55173675000003,19.59530415000006],[96.55307562900003,19.599599956000077],[96.54776567500005,19.601941923000027],[96.54877262500008,19.604597177000073],[96.54834168400004,19.609418730000073],[96.54517171400005,19.616090463000035],[96.55156521600009,19.618421382000065],[96.56246379500004,19.626562054000033],[96.57035248800008,19.630315623000058],[96.58582318000003,19.649018184000056],[96.61501251100003,19.665450503000045],[96.62582972500007,19.671209426000075],[96.63804411900009,19.673501833000046],[96.64724892900006,19.678556165000032],[96.65482881000008,19.688783713000078],[96.65490534300005,19.696889740000074],[96.65038110800003,19.705167432000053],[96.64152333100009,19.713472270000068],[96.63631992600006,19.720987027000035],[96.62809951600008,19.72825417300004],[96.61203944000005,19.728925815000025],[96.60562336000004,19.737222419000034],[96.60295644100006,19.747316278000028],[96.59282112400007,19.759321020000073],[96.58305532100007,19.766824760000077],[96.57752774900007,19.77631575500004],[96.56260117100004,19.78827466200005],[96.55823675600004,19.802316392000023],[96.55168703200007,19.810716462000073],[96.55296522100008,19.820993307000037],[96.55182082800007,19.83124720400008],[96.54314998300003,19.839986804000034],[96.52755911200006,19.851938231000076],[96.51767165100006,19.859910911000043],[96.49822052400003,19.85759907700003],[96.48396104000005,19.855516290000025],[96.46994567800004,19.851815946000045],[96.45429436400008,19.850043656000025],[96.45044903100006,19.856344249000074],[96.44362841300006,19.867265463000024],[96.44441025200007,19.87994954000004],[96.44755358900005,19.888948372000073],[96.45508765300008,19.893793076000065],[96.45379437000008,19.895419960000027],[96.44973914400003,19.90060235900006],[96.44611178600007,19.90445879300006],[96.44146152800005,19.907869430000062],[96.44138891900008,19.91586496900004],[96.43542261400006,19.921209433000058],[96.42413897800009,19.931547038000076],[96.41972143400005,19.938707298000054],[96.41157692000007,19.948426917000063],[96.40125456000004,19.958051461000025],[96.39266382600005,19.966394491000074],[96.38739179500004,19.97513368500006],[96.37980815500003,19.981904642000075],[96.37754627800007,19.99102961400007],[96.37267468900006,20.000161841000022],[96.36348544900005,20.01299864400005],[96.37106118100007,20.024328238000066],[96.39712315000008,20.02168827400004],[96.40130774700003,20.028978188000053],[96.42517645500004,20.018766310000046],[96.43590725500007,20.026559599000052],[96.44370769900007,20.03272190200005],[96.44646616100005,20.042110407000052],[96.45650641900005,20.052739926000072],[96.46931643100004,20.06233780100007],[96.47311583200008,20.07232470400004],[96.46412086600009,20.085256508000043],[96.45669370300004,20.088891931000035],[96.45602583600004,20.097723001000077],[96.44716452600005,20.120877965000034],[96.44105341800008,20.13631614700006],[96.44936148100004,20.147828925000056],[96.46041688600008,20.154134441000053],[96.48197372200008,20.160934246000068],[96.48845459800003,20.176957877000063],[96.49491699200007,20.183080693000022],[96.50465966200005,20.192827050000062],[96.51133131300008,20.197744156000056],[96.52246673400003,20.208368207000035],[96.53177463500003,20.20738000600005],[96.54141815400004,20.216195975000062],[96.54678917000007,20.221857036000074],[96.53682143200007,20.241017973000055],[96.53328106000004,20.254960993000054],[96.52181064500007,20.268365548000077],[96.52559861400005,20.275052678000065],[96.51825523600007,20.283426225000028],[96.51314746100007,20.295236672000044],[96.50349596000007,20.30835538300005],[96.49429895500003,20.323148452000055],[96.49933784000007,20.336105245000056],[96.49601926900004,20.337087342000075],[96.49782336000004,20.343030859000066],[96.49354722200007,20.35430802600007],[96.48805025300004,20.357915967000054],[96.48270581400004,20.362851843000044],[96.47478270600004,20.36927587300005],[96.47340959600007,20.375039921000052],[96.46870617500008,20.394937238000068],[96.46479965300006,20.418363466000073],[96.46324712600006,20.430448398000067],[96.46763768300008,20.441224696000063],[96.46628373600004,20.45423690800004],[96.46967490300005,20.46203804000004],[96.48002800900008,20.477266256000064],[96.49629777900003,20.486085806000062],[96.49038883100008,20.494912784000064],[96.49241036800004,20.50829128400005],[96.51404739100008,20.509748518000038],[96.53683282800006,20.50711254500004],[96.54641128500003,20.52879523200005],[96.54526339700004,20.549112081000033],[96.54664601100006,20.57470299700003],[96.54066853100005,20.597284597000055],[96.52412189000006,20.57758140800007],[96.51698492300005,20.579263794000042],[96.51165941700003,20.58986844900005],[96.50039080800008,20.60587115800007],[96.48433848500008,20.60868255200006],[96.47545056200005,20.622266444000047],[96.46638287700006,20.641981131000023],[96.45252802600004,20.653806401000054],[96.44281492900006,20.682740454000054],[96.43993688200004,20.69668791400005],[96.45919786600007,20.701057296000045],[96.45902820700007,20.711002230000076],[96.46360944000008,20.71866396400003],[96.45697564900007,20.724157226000045],[96.45611355700004,20.73345355400005],[96.46715337900008,20.745889655000042],[96.48313335900008,20.75367533000008],[96.48039061300005,20.76539021800005],[96.49727450100005,20.779306378000058],[96.51492863800007,20.78337275900003],[96.52979462500008,20.775357975000077],[96.54202431300007,20.778123722000032],[96.55564316200008,20.779592571000023],[96.56463783500004,20.789991361000034],[96.56448524700005,20.806348800000023],[96.56382527900007,20.81787659300005],[96.55999182100004,20.827642155000035],[96.57052029600004,20.835710618000064],[96.57513509300009,20.843301008000026],[96.57501803500008,20.853734900000063],[96.56358492400005,20.87801141600005],[96.55369343900009,20.88731935800007],[96.54879951500004,20.892744167000046],[96.53722921900004,20.885854693000056],[96.52791373500008,20.88791440600005],[96.51665665000007,20.905961710000042],[96.49507710100005,20.920491884000057],[96.49189926800005,20.91817259100003],[96.48910710100006,20.91269113100003],[96.48195821900003,20.908704784000065],[96.47660230500009,20.907968596000046],[96.46885458300005,20.902684833000023],[96.46548647700007,20.904638397000042],[96.44191141800007,20.913316723000037],[96.43411414900004,20.92699218100006],[96.42772181400005,20.942996932000028],[96.42026714800005,20.941232429000024],[96.41301889300007,20.93901823500005],[96.40048273500008,20.933166287000063],[96.38910104200005,20.92947193200007],[96.38287165800006,20.936174153000024],[96.38061663800005,20.942587321000076],[96.36402742500007,20.941972907000036],[96.33654965800008,20.948694111000066],[96.31154424200008,20.960534781000035],[96.30421611600008,20.963891653000076],[96.28320131000004,20.967267669000023],[96.27189825700003,20.967283045000045],[96.26180430100004,20.974176088000036],[96.25309538800008,20.980691961000048],[96.24835375200007,20.987577370000054],[96.24401645400008,21.00177939200006],[96.23476954000006,21.002672225000026],[96.22061314900009,21.002782483000033],[96.21684429400005,21.016897296000025],[96.21357133900005,21.028322235000076],[96.20908135100007,21.03779021200006],[96.21514644500007,21.05675373400004],[96.20454568000008,21.069505699000047],[96.20913513300007,21.074941439000042],[96.22515533300003,21.084396850000076],[96.23150439600005,21.097032631000047],[96.22473316200006,21.11815057900003],[96.21850009900004,21.134191198000053],[96.24576757000006,21.15502725600004],[96.26611898500005,21.167924669000058],[96.28619010200003,21.169613794000043],[96.30940134700006,21.168521501000043],[96.33124722700006,21.167975354000077],[96.35057264800008,21.165117147000046],[96.35978122700004,21.159788062000075],[96.36593411000007,21.165884007000045],[96.37463178000007,21.18364294500003],[96.37095041900005,21.19832008000003],[96.36163888500005,21.20310781200004],[96.36231780500003,21.212400346000038],[96.36157395300006,21.217687475000048],[96.34349979600006,21.23072238900005],[96.33259020300005,21.25299268300006],[96.33505050000008,21.264459549000037],[96.32487909200006,21.278326567000022],[96.32147006100007,21.288331679000066],[96.31995932100006,21.30203421500005],[96.32374360100005,21.307355597000026],[96.32033717300004,21.320718745000022],[96.31246743700007,21.339773182000044],[96.31101395000007,21.354881156000033],[96.29062754600005,21.35705598900006],[96.30561248000004,21.368768643000067],[96.29628938400003,21.381658317000074],[96.29956988000004,21.392373949000046],[96.29364943100006,21.41614317400007],[96.29286010100009,21.434331952000036],[96.29071622800006,21.44965154500005],[96.28708233200007,21.463271149000036],[96.31503822900004,21.461888713000064],[96.31611805500006,21.470037474000037],[96.32643681300004,21.470762045000072],[96.32026075800007,21.48016757000005],[96.33822828500007,21.488245109000047],[96.34070757600006,21.490102525000054],[96.32717293100006,21.51933654900006],[96.32257652300007,21.53218643100007],[96.33070582200008,21.538383424000074],[96.35144234000006,21.548521278000067],[96.36926038500008,21.54913569400003],[96.38065532200005,21.54601832700007],[96.39627243900009,21.55207981700005],[96.41066935100008,21.550893785000028],[96.42986879200004,21.559682589000033],[96.45177646500008,21.55563902600005],[96.46901506700004,21.563760415000047],[96.49120888800007,21.573541645000034],[96.52967006400007,21.585487124000053],[96.54461623200007,21.598946005000073],[96.56019401400005,21.58864772800007],[96.58087989000006,21.59526663300005],[96.59703262200009,21.61712046300005],[96.61201430300008,21.622457859000065],[96.63285405600004,21.64072188800003],[96.63090745500006,21.658749099000033],[96.66176476000004,21.684964153000067],[96.68306449200009,21.71145228200004],[96.70332512900006,21.724954411000056],[96.71435340600004,21.72320344800005],[96.72581646900005,21.721235109000077],[96.73788255000005,21.704591593000032],[96.74270414000006,21.710676031000048],[96.75365984500007,21.717779112000073],[96.76428782600004,21.714944891000073],[96.77417949300008,21.725389276000044],[96.78483384600008,21.73454093400005],[96.79147115300003,21.74096475400006],[96.79644586400008,21.74110982800005],[96.80059235600004,21.744165373000044],[96.80682188800006,21.747129293000057],[96.80700457600005,21.754365827000072],[96.80700504200007,21.774346991000073],[96.81252089400004,21.767259470000056],[96.82825638000008,21.761766529000056],[96.83946018000006,21.749055741000063],[96.84645645700004,21.74289125200005],[96.86363404000008,21.739732563000075],[96.87565037300004,21.735620237000035],[96.89150432700006,21.73427776400007],[96.89416303100006,21.738725626000075],[96.89413999600004,21.74931526000006],[96.88953563100006,21.77022720100007],[96.89108060300003,21.78006531500006],[96.88141422300004,21.78566135600005],[96.87865240900004,21.79324923400003],[96.88115115500005,21.804277291000062],[96.87631394900006,21.81672103300008],[96.87473486200008,21.82415949500006],[96.86351207100006,21.827531777000047],[96.84893236100004,21.838323709000065],[96.84529688600009,21.848722241000075],[96.84828744500004,21.856080701000053],[96.85459298100005,21.857591486000047],[96.85756848000005,21.86577010700006],[96.84701319000004,21.88048361700004],[96.83217788800005,21.893869255000027],[96.81912423100005,21.91574299000007],[96.81188780400004,21.918065983000076],[96.81583953500007,21.924467139000058],[96.81410786700008,21.934121778000076],[96.80511647200007,21.94188106400003],[96.79616345800008,21.959092775000045],[96.78152241100008,21.97723163300003],[96.78442198200008,21.980485929000054],[96.79219961700005,21.981309576000058],[96.81005614100008,21.974462522000067],[96.82578799900006,21.957509654000035],[96.84211150200008,21.952997339000035],[96.85611901700008,21.954630056000042],[96.86508746600003,21.95986350000004],[96.87507065100004,21.96035155900006],[96.88956653700006,21.956060385000058],[96.90767464800007,21.941530159000024],[96.93001341300004,21.93759348100008],[96.95067412000009,21.938398122000024],[96.95553385900007,21.949289347000047],[96.95910441400008,21.963693380000052],[96.96328178400006,21.980859372000054],[96.96256066900008,21.99616786400003],[96.95860470000008,22.002431974000046],[96.95828391900005,22.011655553000026],[96.96694758100006,22.02852425900005],[96.98273246000008,22.047453021000024],[96.98750470200008,22.069051525000077],[96.98170289800004,22.093522697000026],[96.97522887900004,22.13033113700004],[96.97387846600009,22.154188068000053],[96.96495967800007,22.184415712000032],[96.94936544300003,22.21463956900004],[96.94512361700004,22.236436904000072],[96.94799586200008,22.26831631700003],[96.96445990000007,22.268533210000044],[96.96957576300008,22.26812497000003]]]}},{"type":"Feature","properties":{"id":"tanintharyi","name":"Tanintharyi","nameMy":"တနင်္သာရီ","stSource":"Tanintharyi"},"geometry":{"type":"MultiPolygon","coordinates":[[[[97.90662060200003,9.671713680000039],[97.90625057600005,9.67125210200004],[97.90428219300009,9.672827573000063],[97.90396557400004,9.675379604000057],[97.90629635400006,9.679221006000034],[97.91038189500006,9.68162426300006],[97.91245327500008,9.678538174000039],[97.91114483500007,9.675158353000029],[97.90662060200003,9.671713680000039]]],[[[98.10501796400007,9.698350380000022],[98.09713522800007,9.69277478400005],[98.09348225000008,9.697485202000053],[98.08675308400007,9.695947106000062],[98.07963939500007,9.702003356000034],[98.09119639400006,9.706896581000024],[98.11376587900008,9.72247924800007],[98.10924772700008,9.704214368000066],[98.10501796400007,9.698350380000022]]],[[[98.15500605400007,9.767959865000023],[98.15846676700005,9.755174450000027],[98.15279504300008,9.757000938000033],[98.15020595300007,9.76584785700004],[98.15500605400007,9.767959865000023]]],[[[98.03250315700006,9.771906534000038],[98.02377663400006,9.765492504000065],[98.02002860300007,9.765182970000069],[98.02284912300007,9.774193621000052],[98.02817973600008,9.772598606000031],[98.03250931900004,9.77200943500003],[98.03250315700006,9.771906534000038]]],[[[98.11674594000004,9.79987533800005],[98.11540010600004,9.778822662000039],[98.10819028300006,9.795357185000057],[98.10320545500008,9.799504682000077],[98.11232391600004,9.806412241000032],[98.11674594000004,9.79987533800005]]],[[[98.11417543800007,9.823543577000066],[98.11109323700003,9.82267839900004],[98.10828141000007,9.823976167000069],[98.11017398600006,9.83003241800003],[98.11359578500009,9.831696942000065],[98.11417543800007,9.823543577000066]]],[[[98.03428826200008,9.833706865000067],[98.04248301600006,9.835648609000032],[98.05206583500006,9.835187437000059],[98.05772688400003,9.82079996400006],[98.06147518900008,9.810391583000069],[98.05219400900006,9.796222362000037],[98.04322178900009,9.787762839000038],[98.02989163100005,9.789557285000058],[98.01423149000004,9.791092467000055],[98.00784560000005,9.798529504000044],[98.00570399600008,9.806560754000031],[98.00887096200006,9.81390970900003],[98.00628947600006,9.829613583000025],[98.01375875800005,9.833450977000041],[98.01015274500008,9.843262437000021],[98.01501174300006,9.846110241000076],[98.02837333700006,9.838755895000077],[98.03428826200008,9.833706865000067]]],[[[98.23409081600005,9.92411334600007],[98.22640308400008,9.932647304000056],[98.23015219200005,9.933151991000045],[98.23409081600005,9.92411334600007]]],[[[98.52998399300009,9.955817075000027],[98.54852123700005,9.953652373000068],[98.53237580900009,9.930296751000071],[98.51894807400004,9.930762143000038],[98.52751588400008,9.959185451000053],[98.52998399300009,9.955817075000027]]],[[[98.49631515200008,9.973721501000057],[98.48928538800004,9.975200080000036],[98.49310702500009,9.978874528000063],[98.49631515200008,9.973721501000057]]],[[[98.47710331500008,9.993964769000058],[98.48212606100009,9.99664239200007],[98.48801464500008,9.995503376000045],[98.49454054800003,9.986479444000054],[98.49069531000004,9.986735793000037],[98.48321082500007,9.990290824000056],[98.47851872400008,9.987248492000049],[98.47403261300008,9.980583414000023],[98.46865545000009,9.988409753000042],[98.46980285100005,9.996348888000057],[98.47484372600007,9.994746937000059],[98.47710331500008,9.993964769000058]]],[[[98.52129090800008,10.016235204000054],[98.51274881900008,10.012416176000045],[98.49941118300006,10.015959601000077],[98.50047798900005,10.020700090000048],[98.50171832500007,10.030827852000073],[98.51022699200007,10.029721861000041],[98.51774014800009,10.022624678000057],[98.52129090800008,10.016235204000054]]],[[[97.99244555700005,10.038389308000035],[97.98819227100006,10.044084627000075],[97.99056488400004,10.056609937000076],[97.99244555700005,10.038389308000035]]],[[[98.22178718900005,10.05790261200002],[98.22139025800004,10.050888364000059],[98.22059717600007,10.046201981000024],[98.20978244600008,10.048653321000074],[98.20884516900009,10.05492586300005],[98.21834879600004,10.057748983000067],[98.22178718900005,10.05790261200002]]],[[[98.26250626400008,10.062359988000026],[98.27048513000005,10.065340048000053],[98.27573682800005,10.063499708000052],[98.27932917800007,10.060052847000065],[98.28586608100005,10.055054037000048],[98.29170691700006,10.055827761000046],[98.29595330800004,10.052916498000059],[98.28865387800005,10.05072814600004],[98.28587891400008,10.046920682000064],[98.27894465400004,10.045248684000057],[98.27237593400008,10.050061730000039],[98.26740894000005,10.045921599000053],[98.27519554800006,10.043037672000025],[98.27980983000003,10.041595708000045],[98.28096340300004,10.036020111000028],[98.28846161700005,10.039480825000055],[98.28865387800005,10.032463265000047],[98.29720953500004,10.030925172000025],[98.29994953000005,10.035751792000042],[98.30371452500003,10.021231537000062],[98.29951667500006,10.019581721000065],[98.29153780800004,10.01919719700004],[98.28855774800007,10.025061184000037],[98.28567381800008,10.01775523300006],[98.28166704400007,10.018643535000024],[98.27208586300009,10.018516178000027],[98.26154495200007,10.013813864000042],[98.25664117700006,10.007004061000032],[98.26154495200007,10.000067138000077],[98.25922122400004,9.987838131000046],[98.24810464500007,9.981097300000044],[98.25012339600005,9.975617836000026],[98.25273186700008,9.962942927000029],[98.24644638600006,9.953699980000067],[98.24017384200005,9.957304889000056],[98.22943504700004,9.952450395000028],[98.22964750600005,9.946778553000058],[98.22572823000007,9.940071486000022],[98.21461661500007,9.936916948000032],[98.20095241800004,9.939568731000065],[98.19504036500007,9.933584581000048],[98.19518662900003,9.926387570000031],[98.19332806500006,9.921576831000039],[98.18775844500004,9.922481456000071],[98.18020072200005,9.923814699000047],[98.17261330400004,9.919654121000065],[98.16605688400006,9.915560028000073],[98.17009438400004,9.908638601000064],[98.17344671700005,9.912829352000074],[98.16995018900008,9.90416851200007],[98.16807368600007,9.899370083000065],[98.16371859400004,9.901702473000057],[98.15711670800005,9.90251025300006],[98.16288456300003,9.894363154000075],[98.16043322600007,9.889316281000049],[98.16793143800004,9.886216058000059],[98.15885903400005,9.881957813000042],[98.15394438500005,9.872084809000057],[98.15355392900005,9.86082858900005],[98.14291335900003,9.852762489000042],[98.13858746800008,9.84281293600003],[98.13370327500007,9.841245263000076],[98.13271778100005,9.846274906000076],[98.12510510300007,9.856295302000035],[98.11544394300006,9.846850435000022],[98.11566023800003,9.859828115000028],[98.11472296100004,9.865451774000064],[98.12171773700004,9.871573529000045],[98.12637155900006,9.87758997900005],[98.12820532500007,9.886143959000037],[98.12589818400005,9.895877217000077],[98.12470386200005,9.899418153000056],[98.12604238000006,9.906259358000057],[98.11741636400006,9.902990970000076],[98.11630912200008,9.907845520000023],[98.12020242500006,9.91346917900006],[98.12420224800007,9.921969865000051],[98.12609547100004,9.930154883000057],[98.12244447800003,9.936198141000034],[98.12898739200006,9.934738151000033],[98.12806814100009,9.941984020000064],[98.12098448800003,9.947932122000054],[98.12180764400006,9.952761586000065],[98.12720296000003,9.959990547000075],[98.12706894200005,9.962731811000026],[98.13266440000007,9.95842241400004],[98.14084164900004,9.953327641000044],[98.14445245600007,9.953880224000045],[98.15176185500007,9.963362542000027],[98.15167829700005,9.970004833000075],[98.15753828000004,9.977240044000041],[98.16523415700004,9.98288939300005],[98.16660713100003,9.987898615000063],[98.16875856400009,9.994074976000036],[98.17200298600005,10.001212699000064],[98.17394963600003,10.007629439000027],[98.17185504300005,10.01285017300006],[98.17694246400004,10.018142370000021],[98.18024865100006,10.021578575000035],[98.18642262600008,10.033080105000067],[98.19428133000008,10.027961133000076],[98.20459137300008,10.029763588000037],[98.21024339100006,10.028622787000074],[98.21634338100006,10.027600642000039],[98.21944360400005,10.035603545000072],[98.22451119500005,10.043353031000038],[98.22703434200008,10.046036765000053],[98.23395537100004,10.051977848000035],[98.23885805200007,10.055342432000032],[98.23932285100005,10.059740661000035],[98.24462590700006,10.058514751000075],[98.25103947100007,10.064167886000064],[98.25760358200006,10.059379931000024],[98.26290613500004,10.063381889000027],[98.26250626400008,10.062359988000026]]],[[[97.98306667100007,10.076605174000065],[97.99258363300004,10.07016439900002],[97.98537381400007,10.065550113000029],[97.97806786400008,10.071606363000058],[97.97681816200009,10.082276898000032],[97.98306667100007,10.076605174000065]]],[[[98.62957766300008,10.107930938000038],[98.63079013800007,10.10081118000005],[98.62284550500004,10.098500351000041],[98.63527625000006,10.123113558000057],[98.62771394900005,10.10862983000004],[98.62957766300008,10.107930938000038]]],[[[98.32785631600007,10.136752285000057],[98.33285512400005,10.141462701000023],[98.33208607600005,10.127619846000073],[98.31574381700005,10.139540083000043],[98.32276137600007,10.137905857000021],[98.32785631600007,10.136752285000057]]],[[[98.30776494700007,10.142712405000054],[98.31105686700005,10.135751611000046],[98.31517563500006,10.130127482000034],[98.30449649600007,10.133579963000045],[98.30776494700007,10.142712405000054]]],[[[98.27759585200005,10.139988695000056],[98.28528632800004,10.136656156000072],[98.28579902700005,10.123325997000052],[98.30130815300004,10.128068459000076],[98.30258989900005,10.123454172000038],[98.31135094900009,10.11587180500004],[98.31668910600007,10.10461250800006],[98.30169267700006,10.106663300000037],[98.30797323200005,10.091666874000055],[98.30508387300006,10.089059753000072],[98.29207958300003,10.084873618000074],[98.28490180400007,10.088590681000028],[98.28695259900007,10.097562904000029],[98.28156926600008,10.101792665000062],[98.28682442500008,10.106406952000043],[98.27605776000007,10.116789091000044],[98.27362244100004,10.119224410000072],[98.27484947900007,10.132525259000033],[98.27759585200005,10.139988695000056]]],[[[98.15914829100007,10.153532476000066],[98.15491852900004,10.139176921000058],[98.14428003600005,10.141740415000072],[98.14146019500004,10.148533668000027],[98.13902488000008,10.156736841000054],[98.14560251500006,10.158094078000033],[98.15773836900007,10.162376524000024],[98.16070330800005,10.156920198000023],[98.15914829100007,10.153532476000066]]],[[[97.93029078700005,10.16733141800006],[97.91942799000003,10.15935255100004],[97.90894971600005,10.161275168000031],[97.92413840500006,10.163005527000053],[97.93029078700005,10.16733141800006]]],[[[97.98633512600009,10.151373681000052],[97.97633750500006,10.133685589000038],[97.97999048100007,10.147047791000034],[97.96826250600009,10.146374872000024],[97.96345596200007,10.131570707000037],[97.95980298600006,10.135031421000065],[97.96079083100005,10.14254685900005],[97.97364584100006,10.160602253000036],[97.97950982800006,10.179540046000056],[97.98316280400007,10.165889454000023],[97.98633512600009,10.151373681000052]]],[[[98.18997916100005,10.189141177000067],[98.20488525600007,10.19630006400007],[98.21035403900004,10.177842923000071],[98.21069583700006,10.170494246000032],[98.21821541500003,10.175621231000036],[98.23558798400006,10.175342616000023],[98.22983657600008,10.166563560000043],[98.23222917000004,10.15511329700007],[98.22761488400005,10.134263564000037],[98.21412036300006,10.130196916000045],[98.21217183100003,10.139071372000046],[98.19582758500007,10.112217532000045],[98.19531488600006,10.091026],[98.20061276800004,10.087437112000032],[98.19531863000003,10.076489436000031],[98.18834004900003,10.074324850000039],[98.19103374700006,10.057256128000063],[98.19480218700005,10.042832357000066],[98.18910814400004,10.039754466000034],[98.18249742700004,10.042832357000066],[98.17856674100005,10.041977860000031],[98.18523181800003,10.057187910000039],[98.18061753600006,10.072910658000069],[98.18437732200005,10.089829705000056],[98.19026828200003,10.100446444000056],[98.17942123800003,10.131016472000056],[98.16899637100005,10.14451752900004],[98.18061753600006,10.155284193000057],[98.19206779700005,10.18553339600004],[98.17837146700003,10.186625271000025],[98.18745351000007,10.191002181000044],[98.18997916100005,10.189141177000067]]],[[[98.04251831900007,10.157461976000036],[98.03598141400005,10.15563548800003],[98.03146326000007,10.154962570000066],[98.03173137600004,10.16026832600005],[98.02790641400009,10.170535782000059],[98.02146564400005,10.179860484000073],[98.02857933300004,10.192165244000023],[98.03867308100007,10.168132508000042],[98.04251831900007,10.157461976000036]]],[[[97.87446507800007,10.20905424700004],[97.88290056900007,10.200023948000023],[97.87554655200006,10.200348391000034],[97.87019326100005,10.193535111000074],[97.86867919700006,10.205863903000022],[97.87446507800007,10.20905424700004]]],[[[97.96863768400004,10.204589502000033],[97.97466189100004,10.189208550000046],[97.96812498500003,10.20061608800006],[97.96543332000005,10.20907561200005],[97.96863768400004,10.204589502000033]]],[[[97.96953490700008,10.213305373000026],[97.96684324100005,10.218560530000047],[97.97389284300004,10.226763703000074],[97.96953490700008,10.213305373000026]]],[[[98.24155065300005,10.257933864000051],[98.25236713700008,10.25281392100004],[98.24308874900004,10.232982544000038],[98.23864536500008,10.250243389000048],[98.24155065300005,10.257933864000051]]],[[[97.99664917200005,10.327888839000025],[97.99024497200008,10.322223113000064],[97.98338310500009,10.323370683000064],[97.99357298300004,10.343942705000075],[97.99559173200004,10.366917998000076],[97.99664917200005,10.327888839000025]]],[[[97.96684858100008,10.347884072000056],[97.96627179600006,10.363649547000023],[97.97117447200009,10.357881692000035],[97.96684858100008,10.347884072000056]]],[[[97.94781465600005,10.368552224000041],[97.94281584500004,10.356824249000056],[97.93810543000006,10.359035261000031],[97.95098697800006,10.376819485000055],[97.94781465600005,10.368552224000041]]],[[[97.94803735600004,10.392519269000047],[97.94541138100004,10.398545080000076],[97.93983578500007,10.409888532000025],[97.94704560800005,10.40758138600006],[97.94803735600004,10.392519269000047]]],[[[97.96224833000008,10.410531976000073],[97.95819679700008,10.417002220000029],[97.95041019200005,10.420462933000067],[97.95685096300008,10.435747752000054],[97.96132588700004,10.433504853000045],[97.96224833000008,10.410531976000073]]],[[[98.27870868400004,10.431872231000057],[98.27582310900004,10.43425596700007],[98.28473075300008,10.439650738000068],[98.27870868400004,10.431872231000057]]],[[[98.16450638100008,10.446890764000045],[98.16331180700007,10.445923727000036],[98.16208857400005,10.44742924600007],[98.16312361800004,10.44874657300005],[98.16196015800006,10.450657970000066],[98.16180629000007,10.450910756000042],[98.16321771300005,10.453451314000063],[98.16462913600009,10.457967869000072],[98.16764017000008,10.455333213000074],[98.16726379200009,10.44912295100005],[98.16450638100008,10.446890764000045]]],[[[98.25048022800007,10.448182005000035],[98.24420723900005,10.456462352000074],[98.24019252700003,10.466248216000054],[98.25098206800004,10.455960512000047],[98.25048022800007,10.448182005000035]]],[[[97.68578784800007,10.458380479000027],[97.68541782200003,10.457918902000074],[97.68411319600006,10.458292743000072],[97.67921130800005,10.462214252000024],[97.68082874100008,10.464754839000022],[97.68904941500006,10.466624041000046],[97.69017474900005,10.463904161000073],[97.68855350500007,10.460062763000053],[97.68578784800007,10.458380479000027]]],[[[98.19229302000008,10.467659638000043],[98.18391857900008,10.456744636000053],[98.18081355800007,10.462555654000028],[98.19229302000008,10.467659638000043]]],[[[98.21948643100006,10.46568364500007],[98.22014509500008,10.461072998000077],[98.21965588600006,10.442301211000029],[98.21488304200005,10.433905358000061],[98.21496987800003,10.456368258000055],[98.21478168900006,10.463895844000035],[98.21948643100006,10.46568364500007]]],[[[98.16387637500009,10.47744550300007],[98.16999001700003,10.472992521000037],[98.16152400300007,10.468506490000038],[98.16048896100006,10.479421493000075],[98.16387637500009,10.47744550300007]]],[[[97.90407507800006,10.465356083000074],[97.91599531500003,10.470258761000025],[97.93329888200003,10.481698341000026],[97.93772090600004,10.474584652000033],[97.92887686000006,10.460741797000026],[97.93555980400004,10.459450835000041],[97.94569977300006,10.444111146000068],[97.94108549000003,10.426807575000055],[97.92455096700007,10.430845074000047],[97.92070573000007,10.427384361000065],[97.91368817000006,10.421424244000036],[97.91656723600005,10.41895904200004],[97.92445483600005,10.414598947000059],[97.93666346600008,10.419020970000076],[97.93657523600007,10.415029704000062],[97.93858608500005,10.410465314000021],[97.92608906300006,10.406716209000024],[97.91051585100007,10.401909661000047],[97.89904449600004,10.398844198000063],[97.89932634500008,10.408799480000027],[97.89667299500007,10.41709835000006],[97.89551942400004,10.424308171000064],[97.90042210300004,10.43661293200006],[97.90120343700005,10.447695458000055],[97.89422242900008,10.464984909000066],[97.89571838900008,10.47960742500004],[97.89946079200007,10.491503698000031],[97.91176555400006,10.49602185200007],[97.90359442200008,10.469105188000071],[97.90407507800006,10.465356083000074]]],[[[97.91795066600008,10.512337702000025],[97.90911163200008,10.51122620500007],[97.90810599100007,10.50556287300003],[97.90205031700003,10.505730510000035],[97.90043138200008,10.503551596000023],[97.89344483900004,10.498946829000033],[97.88984571100008,10.50529823200003],[97.89497976100006,10.509797141000035],[97.90974676900004,10.52022402600005],[97.91842701900003,10.515195831000028],[97.91795066600008,10.512337702000025]]],[[[98.23813812100008,10.532334164000076],[98.23286880900008,10.522077825000054],[98.23268061800007,10.495543078000026],[98.22948139400006,10.488391869000054],[98.20852337200006,10.486647422000033],[98.19410173100005,10.483216652000067],[98.19852419100005,10.495637172000045],[98.19225750300006,10.508940512000038],[98.19993561400008,10.523301058000072],[98.20896871700006,10.530358171000046],[98.22138923700004,10.534498344000042],[98.23656405900005,10.533265751000044],[98.23813812100008,10.532334164000076]]],[[[98.23333928500006,10.563667747000068],[98.24030230400007,10.562162231000059],[98.22590579000007,10.551623609000046],[98.22468255900009,10.557363394000049],[98.23333928500006,10.563667747000068]]],[[[98.09853420700006,10.557070513000042],[98.09103650900005,10.572993594000025],[98.09260479600005,10.576977701000033],[98.09853420700006,10.557070513000042]]],[[[98.04885193700005,10.57491602500005],[98.03721425400005,10.580144803000053],[98.04652964200005,10.589083815000038],[98.04885193700005,10.57491602500005]]],[[[98.02454281400009,10.588038314000073],[98.02171996900006,10.571289432000071],[98.03357591700006,10.57053667200006],[98.02140869200008,10.561583301000042],[98.01899121800005,10.566396499000064],[98.01033449200008,10.555763783000032],[97.99979586900008,10.543343262000064],[97.99567238900005,10.543669559000023],[97.98973695000007,10.538342331000024],[97.98445840900007,10.544001925000032],[97.97815405200004,10.54550744200003],[97.97598987200007,10.539767656000038],[97.96977961000005,10.548330287000056],[97.95754728300005,10.549271237000028],[97.94528329100007,10.557374601000049],[97.93891650100005,10.559057101000064],[97.95063902200008,10.562083132000055],[97.95754728300005,10.561315379000064],[97.96968551500004,10.568748871000025],[97.98022414100006,10.570913053000027],[97.98728125400004,10.56602011900003],[98.00450061000004,10.570254387000034],[98.00638250900005,10.576276460000031],[98.00525336900006,10.583051286000057],[98.01029958700008,10.589346699000032],[98.01710932200007,10.594813144000057],[98.02454281400009,10.588038314000073]]],[[[98.23284093100006,10.616657088000068],[98.23124131800006,10.616657088000068],[98.22625429100003,10.622490968000022],[98.23067674700008,10.624184678000063],[98.23265274100004,10.627760281000064],[98.23491101500008,10.627572091000047],[98.23707519900006,10.62371420200003],[98.23679291400003,10.620797263000043],[98.23500511000003,10.619291744000066],[98.23284093100006,10.616657088000068]]],[[[98.26248080600004,10.620514978000074],[98.25420046000005,10.616939372000047],[98.24930753000007,10.619385840000064],[98.26172805000004,10.631806359000052],[98.26248080600004,10.620514978000074]]],[[[98.27217257600006,10.680453397000065],[98.25711740000008,10.660317100000043],[98.25476503100003,10.647990674000027],[98.24083899000004,10.655518261000054],[98.23999213800005,10.658341106000023],[98.23999213800005,10.67029115300005],[98.24610830200004,10.681958913000074],[98.26680917000004,10.683276241000044],[98.27217257600006,10.680453397000065]]],[[[98.19944945600008,10.818081891000077],[98.20134639000008,10.811011489000066],[98.19832854000003,10.811183938000056],[98.19798364200005,10.813425772000073],[98.19608670300005,10.816529850000052],[98.19505201300007,10.83015330400002],[98.19703517300007,10.831101774000047],[98.19970812900004,10.829291062000038],[98.19944945600008,10.818081891000077]]],[[[98.61775486500005,10.84127447700007],[98.62060027100006,10.834893874000045],[98.62232476100007,10.844895903000065],[98.62844668900004,10.833341834000066],[98.61939313100004,10.827133678000052],[98.60749416400006,10.827737249000052],[98.60128600600007,10.832307143000037],[98.59430183000006,10.8311],[98.60068243400008,10.840929580000022],[98.58852479500007,10.834980099000063],[98.59662989000003,10.848431104000042],[98.60956354900009,10.847827532000053],[98.61775486500005,10.84127447700007]]],[[[98.19679805500004,10.858639689000029],[98.19099483800005,10.83630253900003],[98.18895163500008,10.822425444000032],[98.18119144200006,10.850965719000044],[98.18438174200008,10.859933056000045],[98.19679805500004,10.858639689000029]]],[[[98.62163976000005,10.847525413000028],[98.60489887200004,10.857425797000076],[98.62745760000007,10.86229643200005],[98.62163976000005,10.847525413000028]]],[[[98.06715488700007,10.873173290000068],[98.08043344300006,10.874035536000065],[98.08655537700008,10.859980958000051],[98.08310639900009,10.839976899000021],[98.08000232200004,10.829974870000058],[98.07051764000005,10.847909542000025],[98.05827377500003,10.852910560000055],[98.04689215500008,10.855152393000026],[98.02964727500006,10.854721271000074],[98.04646103100004,10.871362580000039],[98.07431151100008,10.883692668000037],[98.06715488700007,10.873173290000068]]],[[[98.50089206900009,10.882748413000058],[98.52045880000009,10.880931786000076],[98.53408846100007,10.874384647000056],[98.54728079300008,10.867400471000053],[98.56030067700004,10.849983142000042],[98.55426496900009,10.835066323000035],[98.55814506800004,10.811613287000057],[98.54409049300006,10.790660758000058],[98.52641449100008,10.781089852000036],[98.51184256800008,10.774623021000025],[98.50916961200005,10.783245461000035],[98.50666910400008,10.78729800900004],[98.49813515400007,10.798529442000074],[98.50968695800003,10.81014747100005],[98.51753337800005,10.820235727000068],[98.49954277900008,10.824660119000043],[98.51348083000005,10.84041223500003],[98.50244410800008,10.85136273300003],[98.50140941700005,10.866020881000054],[98.49201095600006,10.89076728200007],[98.50089206900009,10.882748413000058]]],[[[98.01080764900007,10.876646778000065],[98.01727766800008,10.874179241000036],[98.00951747200008,10.870622487000048],[97.99723049600004,10.881616097000062],[97.99917054400004,10.892027693000045],[98.00427934200007,10.884332166000036],[98.01080764900007,10.876646778000065]]],[[[98.54331447100009,10.876683963000062],[98.53564050200004,10.881771202000039],[98.53796856000008,10.895825778000074],[98.54331447100009,10.876683963000062]]],[[[98.48640637100004,10.898430874000042],[98.47890484900006,10.889377312000022],[98.47036863400007,10.88178956400003],[98.47028241000004,10.893257408000068],[98.47761148100005,10.897654854000052],[98.48640637100004,10.898430874000042]]],[[[97.92772205900008,10.926364959000068],[97.94798478900003,10.930503732000034],[97.94505316000004,10.919639459000052],[97.94781233900005,10.897910913000032],[97.93315419500004,10.884459904000039],[97.93479245700007,10.866611456000044],[97.92280726500007,10.87118134800005],[97.91780625100006,10.867559922000055],[97.91521952000005,10.859627279000051],[97.89314607600005,10.852556880000066],[97.87995374300004,10.840571688000068],[97.88547210500008,10.859799727000052],[97.89176648300008,10.863507377000076],[97.90030269900006,10.87083645000007],[97.89590525600005,10.876958383000044],[97.90073382000008,10.883597663000046],[97.88521343200006,10.888598676000072],[97.89443943900005,10.895065504000058],[97.88857618100008,10.902567028000021],[97.89728484500006,10.907568042000037],[97.90047514700007,10.91489711500003],[97.90720065200009,10.921536394000043],[97.91392615300003,10.93240066800007],[97.92892919900004,10.928865469000073],[97.92772205900008,10.926364959000068]]],[[[98.43788479000006,10.927660944000024],[98.43290533200008,10.933287084000028],[98.44001884200009,10.931929051000054],[98.43788479000006,10.927660944000024]]],[[[98.70589644800003,10.933785811000064],[98.67514470200007,10.930590446000053],[98.68556475100007,10.937390723000021],[98.70589644800003,10.933785811000064]]],[[[98.67271891000007,10.98824746200006],[98.68056533100008,10.980918387000031],[98.66461381700003,10.983505121000064],[98.67271891000007,10.98824746200006]]],[[[98.18171741800006,10.982322193000073],[98.18773948700004,10.974041845000045],[98.19765081200006,10.967016097000055],[98.20806397400008,10.960743108000031],[98.21910443700006,10.956979312000044],[98.21910443700006,10.944433333000063],[98.22951759800009,10.926743501000033],[98.23328139300008,10.897636829000021],[98.24168720200004,10.869659292000051],[98.24770927200007,10.859371588000045],[98.25598961800006,10.859747969000068],[98.26602640200008,10.857991532000028],[98.27631410600009,10.831394054000043],[98.27794508200009,10.811571406000041],[98.28183433600003,10.793505195000023],[98.29764227100009,10.785475769000072],[98.30404071900006,10.77154973100005],[98.28609997000007,10.773431627000036],[98.28396715200006,10.772051568000052],[98.27794508200009,10.768538694000028],[98.28233617500007,10.751225243000022],[98.29074198000006,10.73930656300007],[98.28848370700007,10.736546445000045],[98.28584905000008,10.716723798000032],[98.28601892200004,10.708417202000021],[98.26891197900005,10.692384597000057],[98.25611507700006,10.690753622000045],[98.24181266100004,10.689248104000058],[98.22788662200009,10.692760976000045],[98.23892708500006,10.706937934000052],[98.25423318100007,10.711705405000032],[98.24068352200004,10.72387500900004],[98.23654334900004,10.745955932000072],[98.24620375400008,10.752856219000023],[98.25322950400005,10.756870934000062],[98.25335496100007,10.76929145500003],[98.23691972700004,10.774560766000036],[98.24921478800007,10.78522484900003],[98.24620375400008,10.80605117400006],[98.25310404100009,10.819349913000053],[98.25448410000007,10.837917964000042],[98.24745835100003,10.835910607000073],[98.23403415400008,10.83892164100007],[98.21985719600008,10.86464090000004],[98.21584248100004,10.864766363000058],[98.20982041100007,10.886094527000068],[98.19539253500005,10.894876711000052],[98.18096465600007,10.884338090000028],[98.17669902400007,10.891489298000067],[98.17117879200003,10.904411658000072],[98.16854413700008,10.918212235000055],[98.14734143200008,10.918086775000063],[98.13780648900007,10.896758610000063],[98.11181702000005,10.893233081000062],[98.10355596300008,10.882456191000074],[98.09477377600007,10.876308663000032],[98.08586613100005,10.875932282000065],[98.08285509500007,10.895629471000063],[98.10029400800005,10.90980643000006],[98.11672924100009,10.920972351000046],[98.12563688600005,10.927370799000073],[98.13291355600006,10.945813392000048],[98.14709051200003,10.960492187000057],[98.14483223600007,10.97993845600007],[98.15311258100007,10.974794605000056],[98.17368799100007,10.990100699000038],[98.18171741800006,10.982322193000073]]],[[[98.19123112200003,10.99033330800006],[98.19433520100006,10.982573109000043],[98.18683367700004,10.98574185700005],[98.19123112200003,10.99033330800006]]],[[[98.69507498000007,10.994005334000065],[98.71086362400007,10.989713275000042],[98.69216251100005,10.972085178000043],[98.69507498000007,10.994005334000065]]],[[[98.46179460700006,11.010724394000022],[98.46717794200003,10.990152371000022],[98.462083,10.98303867900006],[98.45564222900003,10.980347013000028],[98.46006424900008,10.977463086000057],[98.44910532300008,10.969484217000058],[98.44256841900005,10.959102075000033],[98.43978062200006,10.973906240000076],[98.43622377700007,10.996400882000046],[98.44497169400006,11.00524493000006],[98.45804550000008,11.019856832000073],[98.46179460700006,11.010724394000022]]],[[[98.30770071500007,11.041622489000076],[98.32023199600008,11.026906859000064],[98.31436873700005,11.009087151000074],[98.29551433400007,11.016904831000033],[98.30770071500007,11.041622489000076]]],[[[98.67582481800008,11.063243933000024],[98.67918940200008,11.039307328000064],[98.68188106600007,11.014601673000072],[98.67111440300005,11.01046804400005],[98.66390458100005,11.027194828000063],[98.65746380700006,11.017485603000068],[98.64371708200008,11.024407030000077],[98.63621887000005,11.033443340000076],[98.64977333100006,11.040268637000054],[98.65131142500007,11.05449601600003],[98.66544267700004,11.055649588000051],[98.67582481800008,11.063243933000024]]],[[[98.61305131100005,11.061898100000064],[98.61603136900004,11.050266254000064],[98.61843464200007,11.047478456000022],[98.62468315400008,11.027387090000047],[98.62343345200009,11.02142697000005],[98.61382035700007,11.014601673000072],[98.59920845400006,11.028636792000043],[98.60401500200004,11.03152071900007],[98.60036202700007,11.04257578000005],[98.60488017900008,11.054784410000025],[98.60661053800004,11.060456136000028],[98.61237839300009,11.064397503000066],[98.61305131100005,11.061898100000064]]],[[[98.54610144600008,11.021202666000022],[98.54706275700005,10.993709214000035],[98.54023746000007,10.972272014000055],[98.54331364900008,10.958621419000053],[98.54360204300008,10.95246904000004],[98.53533478200006,10.957563979000042],[98.52081901000008,10.979001179000022],[98.51399371100007,10.975444336000066],[98.51110978500009,10.957756241000027],[98.50832198600006,10.939779755000075],[98.49986246200007,10.950258028000064],[98.50149668900008,10.957467850000057],[98.49351782000008,10.955545229000052],[98.48476990500006,10.95198838300007],[98.47938657000003,10.958140765000053],[98.48842288000009,10.969580348000022],[98.47948270200004,10.98342320300003],[98.46938895400007,10.981500585000049],[98.47304193000008,10.991305941000064],[98.48303954500005,11.007359809000036],[98.49024936800004,11.024951771000076],[98.49776894200005,11.02077367000004],[98.51899252200008,11.044562486000075],[98.52187644900005,11.082630338000058],[98.53120114900008,11.095992542000033],[98.53725740000004,11.062346711000032],[98.54148716200007,11.043793438000023],[98.54610144600008,11.021202666000022]]],[[[98.52854253000004,11.111661884000057],[98.52654180300004,11.111499663000075],[98.52508181300004,11.113608537000061],[98.52578477400004,11.117555912000057],[98.52508181300004,11.123990678000041],[98.52670402500007,11.12496400300006],[98.52827216200006,11.122314396000036],[98.52875882300003,11.118150724000031],[98.53011066500005,11.114041125000028],[98.52854253000004,11.111661884000057]]],[[[98.25206130000004,11.187281729000063],[98.26197997600008,11.180352243000073],[98.25885491400004,11.173558628000023],[98.24907210700007,11.185243644000025],[98.25206130000004,11.187281729000063]]],[[[98.26170823000007,11.258071193000035],[98.27882814000009,11.251549322000074],[98.26021363600006,11.255761363000033],[98.26999644300008,11.241358900000023],[98.26619201700004,11.229673885000068],[98.29282298500004,11.228451032000066],[98.28521413700008,11.207119083000066],[98.26673550400005,11.212553975000048],[98.26347457100007,11.202091809000024],[98.24635466400008,11.200053724000043],[98.23833819700008,11.201004829000055],[98.24159913100004,11.20793431800007],[98.24010453600005,11.214999677000037],[98.23453377200008,11.232663074000072],[98.22475096900007,11.243804602000068],[98.20532123300006,11.241223028000036],[98.22515858600008,11.245435070000042],[98.24689815100004,11.258886425000071],[98.26170823000007,11.258071193000035]]],[[[97.92475166200006,11.276737697000044],[97.92420817200008,11.273748505000071],[97.92284945000006,11.273884378000048],[97.92203421400006,11.276601825000057],[97.91972438800008,11.278368165000074],[97.91999613300004,11.280134504000046],[97.92393642600007,11.282851949000076],[97.92556689300005,11.285705268000072],[97.92746910500006,11.283803056000067],[97.92611038300004,11.278368165000074],[97.92475166200006,11.276737697000044]]],[[[98.54897067000007,11.264359986000045],[98.53514226500005,11.285581743000023],[98.52479870800005,11.323133351000024],[98.54413666200008,11.309192035000024],[98.55335591700003,11.269841546000066],[98.54897067000007,11.264359986000045]]],[[[98.00573047700004,11.32342365200003],[98.01311557200006,11.321030826000026],[98.02031831800008,11.323012276000043],[98.02327354100004,11.31465613000006],[98.01155455400004,11.318222778000063],[98.00136413300004,11.316694215000041],[98.00564410900006,11.323521797000069],[98.00573047700004,11.32342365200003]]],[[[98.27217039600004,11.337556483000071],[98.28073035200003,11.323561635000033],[98.28086622500007,11.308072195000022],[98.26755074000005,11.295300199000053],[98.25043083300005,11.299104624000051],[98.25912665900006,11.291495775000044],[98.25736031900004,11.283071694000057],[98.24486006900008,11.269620337000049],[98.23331092300003,11.262826722000057],[98.23303917700008,11.271522548000064],[98.21398074400008,11.276420611000049],[98.21619101500005,11.28850658500005],[98.22950649800003,11.295300199000053],[98.23263156000007,11.303860153000073],[98.25458285100007,11.304139694000071],[98.25926253100005,11.313778832000025],[98.26945295300004,11.33144223000005],[98.27217039600004,11.337556483000071]]],[[[98.00166394200005,11.350138870000023],[98.00044699500006,11.346042630000056],[98.00513458900008,11.34318931100006],[98.00722404700008,11.339125584000044],[98.00605172700006,11.32769987100005],[97.99851081700007,11.333508411000025],[98.00166394200005,11.350138870000023]]],[[[98.01420406400007,11.36051302800007],[98.01287931100006,11.35490829500003],[98.00268888700003,11.356844476000049],[98.00798790800008,11.364487294000071],[98.01420406400007,11.36051302800007]]],[[[98.26075712600004,11.376415957000063],[98.25056670200007,11.36242111200005],[98.24350134400004,11.34353486200007],[98.23901756000004,11.348426266000047],[98.23643598500007,11.361605877000045],[98.24282198400005,11.370981065000024],[98.24893623600008,11.37628008400003],[98.25708857500007,11.37736706100003],[98.26075712600004,11.376415957000063]]],[[[98.23045760600007,11.381986721000033],[98.22081067300007,11.387829230000023],[98.22108241700005,11.397747906000063],[98.23045760600007,11.381986721000033]]],[[[98.27587873100003,11.39997568800004],[98.27692592800008,11.391633655000021],[98.26197997600008,11.400465353000072],[98.27380086600004,11.40304692500007],[98.27587873100003,11.39997568800004]]],[[[98.14567329700009,11.410655774000077],[98.13955334000008,11.381770284000027],[98.13643398100004,11.36826362100004],[98.12882513100004,11.373970255000074],[98.11999343300005,11.368671235000022],[98.11252045700007,11.395166334000066],[98.09512880400007,11.404949137000074],[98.10328114100008,11.412829731000045],[98.12135215600006,11.410791646000064],[98.14241236100008,11.41228624100006],[98.14567329700009,11.410655774000077]]],[[[98.00366350200005,11.397943076000047],[98.00777799800005,11.394405646000052],[98.01210625800007,11.389290935000076],[98.01420406400007,11.384256710000045],[98.00044699500006,11.385989081000048],[97.99239656200007,11.385581467000065],[97.99178513800007,11.396179505000077],[97.99903914400005,11.414343583000061],[97.99980974900006,11.404835969000032],[98.00248508000004,11.398013781000031],[98.00366350200005,11.397943076000047]]],[[[98.51535459100006,11.438711356000056],[98.52567528000009,11.423489483000026],[98.51340542500009,11.423990986000035],[98.50411159300006,11.412627603000033],[98.48631040800007,11.404097826000054],[98.48316212500004,11.416182134000053],[98.49444261600007,11.427693218000059],[98.50051383700009,11.461422207000055],[98.50703477300004,11.445457154000053],[98.51535459100006,11.438711356000056]]],[[[98.12542832500009,11.467586262000054],[98.13697747100008,11.459977417000061],[98.14485806100004,11.44530320900003],[98.12610768800005,11.437150870000039],[98.12610768800005,11.45630886400005],[98.12542832500009,11.467586262000054]]],[[[98.01522876800004,11.47132820400003],[98.01074498100007,11.458148591000054],[98.00938626000004,11.444697235000035],[97.99498379700003,11.440756939000039],[97.97704865400004,11.440892811000026],[97.96876044400005,11.449724510000067],[97.98370639600006,11.45760510100007],[97.99090762800006,11.453664806000063],[98.00177741000005,11.453528934000076],[98.01319068300006,11.468746629000066],[98.01522876800004,11.47132820400003]]],[[[98.68647788500004,11.49879001100004],[98.67977275300007,11.51079436200007],[98.68604529900006,11.504954405000035],[98.68647788500004,11.49879001100004]]],[[[98.31276831900004,11.527958010000077],[98.30960929100007,11.526429447000055],[98.30757120600003,11.531320851000032],[98.31195308700006,11.533562743000061],[98.31276831900004,11.527958010000077]]],[[[98.31368545700008,11.561076881000076],[98.31185118300004,11.573814908000031],[98.31450069300007,11.563318773000049],[98.31368545700008,11.561076881000076]]],[[[97.52340466100009,11.652256019000049],[97.52183851000007,11.650547489000076],[97.51856383200004,11.65068986700004],[97.52012998200007,11.653110283000046],[97.52226564100005,11.660229148000042],[97.52554031900007,11.660798659000022],[97.52525556400008,11.657381602000044],[97.52397417100008,11.655957828000055],[97.52340466100009,11.652256019000049]]],[[[98.84118050500007,11.694944092000071],[98.82089687700005,11.68436968800006],[98.80945729400008,11.69234855600007],[98.80417009300004,11.697635758000047],[98.81464836600009,11.704461055000024],[98.82752990900008,11.716477422000025],[98.84492961300003,11.709171472000037],[98.84118050500007,11.694944092000071]]],[[[98.11155266900005,11.75708015300006],[98.10589647500007,11.756866713000022],[98.10578975400006,11.758307442000046],[98.10936489600005,11.759267927000053],[98.11374044200005,11.76278970900006],[98.11688870200004,11.76625812800006],[98.11977015700006,11.765457725000033],[98.11977015700006,11.763163229000043],[98.11619501600006,11.760548576000076],[98.11155266900005,11.75708015300006]]],[[[98.29511017000004,11.803870183000072],[98.29474784500007,11.773434790000067],[98.31143749000006,11.748434287000066],[98.31524191600005,11.732808974000022],[98.31687238300003,11.719221746000073],[98.29486107000008,11.700878986000077],[98.28507826500004,11.685797161000039],[98.28820333000004,11.656041131000052],[98.28399128800004,11.62546986600006],[98.27638243800004,11.61215438000005],[98.28181733000008,11.583349456000064],[98.27774116000006,11.564734951000048],[98.27828465000005,11.551962957000057],[98.28399128800004,11.539462704000073],[98.27407260900009,11.527777688000072],[98.27950750100007,11.52275041400003],[98.27053993000004,11.507396844000027],[98.27121929100008,11.486064895000027],[98.26496916600007,11.471254814000076],[98.25260478700005,11.474379879000026],[98.25359024200009,11.456827863000058],[98.24173500400008,11.478456047000066],[98.22284875700007,11.482124598000041],[98.21225071900005,11.456716479000022],[98.20097331700003,11.457531714000027],[98.19064702500003,11.45114571800002],[98.20450599700007,11.44081942300005],[98.20966914400003,11.427232194000055],[98.19241336500005,11.433074703000045],[98.17882613300009,11.445710826000038],[98.16347256600005,11.43633563800006],[98.16428779800003,11.458890436000047],[98.17570107200004,11.450330483000073],[98.19082321300004,11.467509015000076],[98.20301140200007,11.469488475000048],[98.19173400200003,11.479543027000034],[98.19591201900005,11.496496900000068],[98.19975046900004,11.51133714100007],[98.18657085500007,11.525875476000067],[98.18969591700005,11.537017004000063],[98.19445144800005,11.54408236300003],[98.20396250700009,11.551147722000053],[98.21578339900003,11.553049934000057],[98.19608191600008,11.566365421000057],[98.19567429900007,11.581311371000027],[98.20464187000005,11.589191964000065],[98.21158404700009,11.600660598000047],[98.21659863000008,11.612833743000067],[98.22189765000007,11.627779693000036],[98.24024040900008,11.63375807400007],[98.24146325800007,11.646258325000076],[98.22488684200005,11.654138919000047],[98.22869126600006,11.666503297000077],[98.23665683700006,11.675825818000021],[98.23263156000007,11.686748269000077],[98.23860994100005,11.700335496000037],[98.23860994100005,11.712020515000063],[98.24499594200006,11.712835748000032],[98.24988734300007,11.719493491000037],[98.26483329500007,11.726966465000032],[98.25572985100007,11.744086375000052],[98.25749619200008,11.762565007000035],[98.27284975900005,11.763516112000048],[98.27040405700006,11.774250022000047],[98.26105151500008,11.79318156100004],[98.27373292900006,11.806044137000072],[98.28949411300005,11.808218096000076],[98.29511017000004,11.803870183000072]]],[[[98.53175663500008,11.793996437000033],[98.54715492300005,11.752185650000058],[98.54574623400003,11.706564194000066],[98.54466643500007,11.692187122000064],[98.54126047900007,11.672132631000068],[98.53747043700008,11.65378436800006],[98.53574211900008,11.63074492100003],[98.54846500600007,11.614036550000037],[98.53650855700005,11.602080099000034],[98.52593169900007,11.596255163000023],[98.52133306500008,11.586291456000026],[98.52409224500008,11.568969932000073],[98.52163964000005,11.538772235000067],[98.52761786400004,11.518231669000045],[98.51688771700003,11.521450711000057],[98.51520155300005,11.530494694000026],[98.49328139400006,11.54383073200006],[98.49389652500008,11.555642273000046],[98.48439070000006,11.565291025000022],[98.45695218400004,11.569889659000069],[98.43917079900007,11.56590417600006],[98.43451410200004,11.55593432300003],[98.42491503100007,11.566057465000029],[98.42552818100006,11.576021172000026],[98.42598804700003,11.586444743000072],[98.42890051400008,11.600393935000056],[98.42414859300004,11.596561738000048],[98.41317692800004,11.58612243500005],[98.40989282500004,11.596561738000048],[98.41326515800006,11.614189838000073],[98.42384201800007,11.622314090000032],[98.40912638800006,11.642088219000073],[98.39630209000006,11.645534224000073],[98.38230102000006,11.651592063000066],[98.37034457100003,11.670753038000043],[98.40023569500005,11.704629646000058],[98.40682707000008,11.720878154000047],[98.41822943700004,11.71701844000006],[98.43319257200005,11.726243226000065],[98.41878351900004,11.719651851000037],[98.40130870700006,11.71689267000005],[98.36939029600006,11.728991864000022],[98.37739581000005,11.749849548000043],[98.39214699000007,11.766668640000034],[98.40713364500004,11.75843366600003],[98.38416986400006,11.770117833000029],[98.38199444300005,11.789244517000043],[98.44024381100007,11.783266291000075],[98.44484244600005,11.767630934000067],[98.46599616300006,11.770696690000022],[98.47000638900005,11.768564756000046],[98.46844876800009,11.783419580000043],[98.44748926000005,11.791405806000057],[98.43227284600005,11.796449042000063],[98.44438258400004,11.808865357000059],[98.47059479900008,11.79460958900006],[98.49343468400008,11.803040420000059],[98.53175663500008,11.793996437000033]]],[[[97.48886112500008,11.81332820700004],[97.49437948700006,11.808882862000075],[97.51522662900004,11.815780812000071],[97.52519033700008,11.801371758000073],[97.51614635600004,11.783743661000074],[97.48932099000007,11.781444343000032],[97.48272961200007,11.775466119000043],[97.47613823800003,11.763203095000051],[97.46479494100004,11.771020772000043],[97.45406479300004,11.776232557000071],[97.43996231600005,11.785736402000055],[97.43505710600004,11.801984909000055],[97.46050288100008,11.796466548000069],[97.46709425600005,11.788955447000035],[97.48426249100004,11.793094217000032],[97.47797769200008,11.809036149000065],[97.47337905800003,11.814861085000075],[97.48886112500008,11.81332820700004]]],[[[97.66286360800007,11.820720085000062],[97.66363004600004,11.805544595000072],[97.65458606600004,11.810756379000054],[97.64937428100006,11.81872734500007],[97.66286360800007,11.820720085000062]]],[[[97.46939357500008,11.817160405000038],[97.46786069600006,11.815320950000057],[97.46372192500007,11.816087388000028],[97.46602124300006,11.81915314400004],[97.46494822700004,11.82359849200003],[97.46694097000005,11.826664248000043],[97.47000672500008,11.825284656000065],[97.47031330100003,11.821759038000039],[97.46939357500008,11.817160405000038]]],[[[98.07707369400003,11.836568212000032],[98.07239379700007,11.805832671000076],[98.06733444800005,11.79280484900005],[98.06265455100004,11.787745500000028],[98.06303400100006,11.797864196000035],[98.04848837700007,11.800140905000035],[98.05696278400006,11.814433563000023],[98.06973764100007,11.83239425100004],[98.07707369400003,11.836568212000032]]],[[[98.29141897200009,11.835286874000076],[98.28897327000004,11.818982199000061],[98.28014157100006,11.81313969300004],[98.26587498100008,11.806074334000073],[98.25527694300007,11.810286374000043],[98.26152707000006,11.822922496000047],[98.25351060200006,11.830667217000041],[98.26225818900008,11.842287528000043],[98.28938088800004,11.851863294000054],[98.29141897200009,11.835286874000076]]],[[[98.46995917700008,11.828089257000045],[98.45558844100003,11.836941627000044],[98.46811972300009,11.844529373000057],[98.46995917700008,11.828089257000045]]],[[[98.20257972500008,11.85074234800004],[98.21014611400005,11.838513842000054],[98.20128044700004,11.841188828000043],[98.19264406300005,11.840118835000055],[98.19570118900003,11.850054495000052],[98.18729409100007,11.84883164300004],[98.19868188900006,11.85272948100004],[98.20257972500008,11.85074234800004]]],[[[98.00696658300006,11.859321228000056],[98.01320644700007,11.849877109000033],[98.00983354700008,11.825086303000035],[98.02737262300008,11.803668394000056],[98.04895917500005,11.793886986000075],[98.04305660300008,11.785454740000034],[98.04356253800006,11.781913196000062],[98.05733345300007,11.773101496000038],[98.052116,11.769022396000025],[98.05399744400006,11.757417517000022],[98.05222667100008,11.748563656000044],[98.06158646600005,11.737053640000056],[98.05690657000008,11.72415230100006],[98.06753120300004,11.722760981000022],[98.07334945400004,11.732626709000044],[98.08055902400008,11.738318475000028],[98.08106496000005,11.73515638400005],[98.07752341400004,11.72389933200003],[98.06930197400004,11.701638199000058],[98.05860583900005,11.696028420000061],[98.07512022400005,11.675835523000046],[98.06576042800003,11.666855179000038],[98.06980790800009,11.658001321000029],[98.08511243700008,11.650791749000064],[98.08941288200003,11.633210512000062],[98.08321518000008,11.629542485000059],[98.06993439200005,11.637890409000022],[98.05981569600004,11.643329208000068],[98.04716732500003,11.654206809000073],[98.04400522900005,11.674191234000034],[98.03477192100007,11.68430993100003],[98.02351487100003,11.677353328000038],[98.01478749300009,11.687851475000059],[98.01137243400007,11.703788423000049],[98.02364135500005,11.709227224000074],[98.03072444100007,11.714539539000043],[98.03578378900005,11.725290653000059],[98.02870070100005,11.71795460100003],[98.02604454500005,11.725670106000052],[98.01187836800005,11.721875595000029],[98.01858200500004,11.736421220000068],[98.01415507500008,11.743251340000029],[98.02971257200005,11.754128941000033],[98.02768883200008,11.764247638000029],[98.01769661900005,11.763109284000052],[98.00669253600006,11.763235769000062],[98.01921442500009,11.773986884000067],[98.01303780400008,11.78444287000002],[98.01202593300007,11.800295496000047],[98.00477420100003,11.822219339000071],[98.00409961900004,11.84077028200005],[98.00696658300006,11.859321228000056]]],[[[98.48846867800006,11.828319188000023],[98.47041903900003,11.845334136000076],[98.48019113500004,11.859359970000071],[98.49835574200006,11.851542290000054],[98.49536663100008,11.84073550200003],[98.48846867800006,11.828319188000023]]],[[[98.41213134800006,11.865568127000074],[98.42546738900006,11.85924500300007],[98.44167757400004,11.849128007000047],[98.42926126100008,11.837746387000038],[98.42845650100008,11.823145725000074],[98.41155652000003,11.835217140000054],[98.40799257800006,11.861659287000066],[98.41213134800006,11.865568127000074]]],[[[98.20724184300008,11.871454379000056],[98.21778892900005,11.870537244000047],[98.21595465500008,11.85517518000006],[98.20632470300006,11.852423767000062],[98.20930540400008,11.857697310000049],[98.20125414200004,11.858343036000065],[98.19608333200006,11.864728703000026],[98.18706480900005,11.866410123000037],[98.19210906600006,11.872295090000023],[98.20724184300008,11.871454379000056]]],[[[97.68555020300005,11.870385339000052],[97.67129996800008,11.85993987200004],[97.67558649500006,11.846165865000046],[97.67635293500007,11.832983113000068],[97.65581236900005,11.83620215600007],[97.64140331500005,11.856282861000068],[97.64308947800004,11.882188499000051],[97.67252073800006,11.899663309000061],[97.68509033900006,11.880655620000027],[97.68555020300005,11.870385339000052]]],[[[98.26797062300005,11.92286505900006],[98.27714200300005,11.913286062000054],[98.29028764500003,11.898204237000073],[98.29029720100004,11.890102854000077],[98.28181367500008,11.892968908000057],[98.28072457400003,11.877606847000038],[98.27573763400005,11.860639796000044],[98.26367578400004,11.850298640000062],[98.25185489600005,11.859945571000026],[98.25280600100007,11.873804547000077],[98.25199076900009,11.886712415000034],[98.25049617400003,11.904647558000022],[98.26226398600005,11.921846016000075],[98.26797062300005,11.92286505900006]]],[[[97.98229523400005,11.97270684700004],[97.99152854400006,11.967141565000077],[97.99911756800003,11.964232440000046],[98.00683307400004,11.950066263000053],[97.99823218200004,11.933496900000023],[97.99911756800003,11.94437449700007],[97.98431897100005,11.960058478000064],[97.96484048200006,11.956263964000073],[97.97862720500007,11.968406401000038],[97.98520436000007,11.976627843000074],[97.98229523400005,11.97270684700004]]],[[[98.24675968500009,11.992058730000053],[98.25280600100007,11.982909996000046],[98.26598561400004,11.974621786000057],[98.27576841900009,11.948126688000059],[98.26421927400008,11.937256907000062],[98.25769740600003,11.931822015000023],[98.24071336700007,11.942555926000068],[98.23106643400007,11.952746347000073],[98.22631090500005,11.960626941000044],[98.22997945700007,11.964431363000074],[98.23772417800006,11.97013799900003],[98.24217022100004,11.982155151000029],[98.24675968500009,11.992058730000053]]],[[[98.68332322900005,11.945542180000075],[98.65506179300007,11.955189111000038],[98.60614776500006,11.978151530000048],[98.62815907600003,11.992689865000045],[98.67761659200005,11.979238507000048],[98.68604067500007,11.94758026200003],[98.68332322900005,11.945542180000075]]],[[[97.92196250400008,12.005466131000048],[97.92031821400008,11.981940159000033],[97.91222325700005,11.987378959000068],[97.91677667000005,11.995979851000072],[97.91955931300004,12.000027330000023],[97.92196250400008,12.005466131000048]]],[[[98.15352110000003,11.995681990000037],[98.15303799800006,11.993024933000072],[98.14748233200004,11.997131296000077],[98.13757875100004,12.002445411000053],[98.14144356200006,12.00365316500006],[98.14506682300004,12.005102471000043],[98.14675768000006,12.009691934000045],[98.14748233200004,12.002928513000029],[98.14941473700009,11.999063702000058],[98.15352110000003,11.995681990000037]]],[[[97.74478326000008,12.016117620000045],[97.74933933500006,11.991913472000022],[97.73861104600007,12.007400124000071],[97.74478326000008,12.016117620000045]]],[[[97.98381303600007,12.029877486000032],[97.98583677600004,12.008628222000027],[97.97925962500005,12.018746919000023],[97.97280895400007,12.02342681600004],[97.98077743000005,12.029624518000048],[97.98381303600007,12.029877486000032]]],[[[98.54855867300006,12.00899454000006],[98.53541302800005,12.018471632000058],[98.55385769100008,12.033655361000058],[98.55192151000006,12.019592578000072],[98.54855867300006,12.00899454000006]]],[[[97.79079509100006,12.048239383000066],[97.77254684300004,12.044735466000077],[97.75887862000008,12.041033654000046],[97.76941454200005,12.051142445000039],[97.78593031200006,12.050288182000031],[97.79079509100006,12.048239383000066]]],[[[97.94118802800006,12.046320369000057],[97.93967022300006,12.046320369000057],[97.93827890200004,12.049103010000067],[97.94017615800004,12.051632684000026],[97.94004967400008,12.055806646000065],[97.94207341400005,12.055047745000024],[97.94270583200006,12.048344108000038],[97.94118802800006,12.046320369000057]]],[[[97.68882896600007,12.05512901000003],[97.67473360900004,12.034626674000037],[97.66220440300003,12.028077316000065],[97.65351938500004,12.017541392000055],[97.65351938500004,12.030497732000072],[97.66690285600004,12.04957629300003],[97.67330983600004,12.059257955000021],[97.68882896600007,12.05512901000003]]],[[[98.40345482100008,12.063998914000024],[98.39312852800003,12.059243385000059],[98.39611771600005,12.06264019200006],[98.40345482100008,12.063998914000024]]],[[[97.64739716100007,12.06723108400007],[97.65636693400006,12.059115577000057],[97.64810904700005,12.041460787000062],[97.63885452100004,12.048437275000026],[97.64099018200005,12.06167836700007],[97.64739716100007,12.06723108400007]]],[[[97.96054003600005,12.06820205200006],[97.97660346500004,12.065545893000035],[97.98710161600007,12.059601157000031],[97.97774181900007,12.062763252000025],[97.96876147800003,12.058715771000038],[97.96041355200003,12.053782906000038],[97.96964686200005,12.050494330000049],[97.96534641700003,12.042905308000059],[97.96332267700006,12.038478378000036],[97.95826332700005,12.029371551000054],[97.95548068700003,12.044676079000055],[97.95586013700006,12.061498412000049],[97.95737794100006,12.068328533000056],[97.95940168100003,12.070478758000036],[97.96054003600005,12.06820205200006]]],[[[98.00278559500003,12.078320748000067],[98.01783715600004,12.073387883000066],[98.01910199300005,12.065798861000076],[98.01366319400006,12.06592534300006],[98.00050888900006,12.069213922000074],[97.99924405300004,12.072376013000053],[98.00278559500003,12.078320748000067]]],[[[97.97571807900005,12.091475052000021],[97.96812905800005,12.090716151000038],[97.97407379400005,12.107285518000026],[97.97812127000003,12.091980987000056],[97.97571807900005,12.091475052000021]]],[[[98.45028547100009,12.09401159500004],[98.46726951000005,12.082870066000055],[98.46360095800009,12.06928283800005],[98.48194371800008,12.055016247000026],[98.49077541600008,12.039526805000037],[98.49892775200004,12.020232941000074],[98.51139780800008,11.991186464000066],[98.53150690900009,11.969718642000032],[98.51805555000004,11.996757229000025],[98.53300150200005,11.994990888000075],[98.54631698900005,11.989420124000048],[98.57294795700005,11.986023317000047],[98.62226959600008,11.958305368000026],[98.65623767200003,11.950424775000045],[98.66493349800004,11.936294057000055],[98.65025929000006,11.923793806000049],[98.60759539200006,11.914282748000062],[98.57281208400008,11.920668744000068],[98.55148013600007,11.916592575000038],[98.53639831000004,11.913195768000037],[98.51995776200005,11.914690363000034],[98.53014818600008,11.899880286000041],[98.50406070500009,11.877189612000052],[98.47865258700006,11.873656932000074],[98.46058157200008,11.890233352000052],[98.45881523100007,11.920397],[98.45378795700003,11.947299713000064],[98.46044570000004,11.956946646000063],[98.46289140100004,11.961158685000044],[98.46411425200006,11.98452872200005],[98.46346508400006,11.996591162000072],[98.44552994300005,11.98816707800006],[98.43873632600008,12.013575197000023],[98.43221445700004,12.036537615000043],[98.43887219800007,12.054608630000075],[98.42949701100008,12.087897342000076],[98.42582845900006,12.096185551000076],[98.43887219800007,12.108685802000025],[98.45028547100009,12.09401159500004]]],[[[97.99857649900008,12.097728971000038],[97.98238658300005,12.111220567000032],[98.00149967700008,12.10200130800007],[97.99857649900008,12.097728971000038]]],[[[97.96979442600008,12.10627364800007],[97.96529722700006,12.12291328300006],[97.97271760600006,12.117291784000031],[97.96979442600008,12.10627364800007]]],[[[98.39000346600005,12.112641197000073],[98.38280223400005,12.123239236000074],[98.39000346600005,12.117260853000062],[98.39000346600005,12.112641197000073]]],[[[97.98216172300005,12.119765244000064],[97.98081256300009,12.11526804400006],[97.97923854400005,12.11594262500006],[97.97676508400008,12.126960763000056],[97.97451648500004,12.127860201000033],[97.97136844800008,12.128085061000036],[97.97024414500004,12.134156278000034],[97.97136844800008,12.137529177000033],[97.97406676600008,12.138653480000073],[97.97766452400003,12.13190768100003],[97.98216172300005,12.119765244000064]]],[[[98.00734603400008,12.13123310100002],[98.00217425500006,12.127185620000034],[97.99138098100008,12.138203758000031],[98.00262397700004,12.132357399000057],[98.00734603400008,12.13123310100002]]],[[[97.74695698600004,12.139706096000054],[97.73710625700005,12.130816410000023],[97.74551541700004,12.130896498000027],[97.73406294000006,12.121286026000064],[97.72269055100008,12.107430932000057],[97.71788531500005,12.117922364000037],[97.72124898200008,12.124008992000029],[97.71948706100005,12.135461469000063],[97.72965814300005,12.14755464500007],[97.74663663900009,12.141868449000071],[97.74695698600004,12.139706096000054]]],[[[98.40019388600007,12.14103850500004],[98.38361746600003,12.143076589000032],[98.38239461700005,12.162234581000064],[98.39013933800004,12.178539256000022],[98.40576465000004,12.170251048000068],[98.40019388600007,12.14103850500004]]],[[[98.15224592300007,12.18559164900006],[98.15323948800005,12.177337410000064],[98.15301020500004,12.167554603000042],[98.14796594800004,12.163656768000067],[98.14246311900007,12.173745285000052],[98.14727809400006,12.17940096700005],[98.15224592300007,12.18559164900006]]],[[[98.05311341600009,12.193901561000075],[98.04699916500005,12.18860254200007],[98.04428171800004,12.193222199000047],[98.05311341600009,12.193901561000075]]],[[[98.67002034800004,12.187912521000044],[98.67124665000006,12.198540475000073],[98.68432721100004,12.195270336000021],[98.67002034800004,12.187912521000044]]],[[[98.69577270000008,12.202832534000038],[98.69699900200004,12.209168429000044],[98.69822530500005,12.202832534000038],[98.69577270000008,12.202832534000038]]],[[[98.18628098800008,12.198725025000044],[98.18574599100003,12.210112820000063],[98.18643384300003,12.201782152000021],[98.18628098800008,12.198725025000044]]],[[[98.14192812200008,12.21448149300005],[98.15194021200006,12.20813795500004],[98.15408020000007,12.202558702000033],[98.13703672100007,12.203628695000077],[98.13252746000006,12.212341504000051],[98.14192812200008,12.21448149300005]]],[[[98.40916145800009,12.211556224000049],[98.42057473100004,12.210197503000074],[98.42600962200004,12.184381766000058],[98.41255826500009,12.17813164200004],[98.39883516400005,12.196610271000054],[98.39924278100005,12.215632394000068],[98.40956907500004,12.21413779900007],[98.40916145800009,12.211556224000049]]],[[[98.25170348800003,12.202470005000066],[98.24459566900003,12.21110638600004],[98.24337281800007,12.223564175000035],[98.25124492000003,12.206826410000076],[98.25170348800003,12.202470005000066]]],[[[98.22029151600003,12.225551308000036],[98.22006223300008,12.22371703400006],[98.21402440600008,12.224252031000049],[98.20691658900006,12.222952750000047],[98.20546445200006,12.22364060600006],[98.20729872900006,12.225016311000047],[98.21005014200006,12.225398454000072],[98.21532368700008,12.227003444000047],[98.22029151600003,12.225551308000036]]],[[[98.42419233100009,12.228642165000053],[98.41705903400003,12.22273172100006],[98.42256186400004,12.229457400000058],[98.42419233100009,12.228642165000053]]],[[[98.13650172400008,12.219678608000038],[98.12733034500008,12.229155698000056],[98.13550815600007,12.22564000400007],[98.13650172400008,12.219678608000038]]],[[[98.64856005400009,12.187299370000062],[98.63588826400007,12.190773892000038],[98.64467676300006,12.212234186000046],[98.67002034800004,12.232672562000062],[98.69536393300007,12.220205151000073],[98.66858966200004,12.202832534000038],[98.64856005400009,12.187299370000062]]],[[[98.45722250900008,12.234548837000034],[98.45939646300008,12.213050819000046],[98.44977029100005,12.221305062000056],[98.45722250900008,12.234548837000034]]],[[[97.88019377200004,12.236331670000027],[97.87846039500005,12.235498749000044],[97.87627679100007,12.237164591000067],[97.87753742900009,12.240766412000028],[97.87879806700005,12.243287689000056],[97.88059053500007,12.245132013000045],[97.88181338600003,12.243501546000061],[97.88352545700008,12.24276992800003],[97.88332285400008,12.241599334000057],[97.87992363700005,12.238267651000058],[97.88019377200004,12.236331670000027]]],[[[97.94254829300007,12.212930283000048],[97.93711340200008,12.220810877000076],[97.93493944600004,12.236028572000066],[97.94268416600005,12.242686315000071],[97.94254829300007,12.212930283000048]]],[[[98.44661126000005,12.243723990000035],[98.44324841900004,12.243723990000035],[98.44161795200006,12.246169692000024],[98.43624942700006,12.250418375000038],[98.43703226100007,12.252487754000072],[98.43896844200003,12.251978233000045],[98.44121033400006,12.249532531000057],[98.44671316300008,12.246679215000029],[98.44793601400005,12.244946841000058],[98.44661126000005,12.243723990000035]]],[[[98.49437519300005,12.264400482000042],[98.49125012800005,12.263856992000058],[98.48486413200004,12.266302694000046],[98.48038034500007,12.267933162000077],[98.47902162400004,12.269835374000024],[98.48567936500007,12.272960436000062],[98.49029902300003,12.27622137000003],[98.49750025500003,12.277444223000032],[98.50103293500007,12.275813755000058],[98.50021770000006,12.270242991000032],[98.49437519300005,12.264400482000042]]],[[[98.43577258800008,12.274386117000063],[98.43486312800007,12.271737586000029],[98.43255330100004,12.271194096000045],[98.43160219200007,12.272145203000036],[98.42956410800008,12.271737586000029],[98.42779776900005,12.276085500000022],[98.42806951300008,12.277987710000048],[98.43255330100004,12.27785184000004],[98.43567836200003,12.277715969000042],[98.43577258800008,12.274386117000063]]],[[[98.53377815800008,12.280433412000036],[98.51122335600007,12.278802945000052],[98.51652237500008,12.292526045000045],[98.53377815800008,12.280433412000036]]],[[[98.16198626900007,12.287016531000063],[98.16007556400007,12.285182255000052],[98.15495488000005,12.286940103000063],[98.15411416800004,12.28808652400005],[98.15439813700004,12.288455080000062],[98.15770629200006,12.29274864200005],[98.15999913600007,12.29443006200006],[98.16183341200008,12.294124348000025],[98.16290340500007,12.28999722900005],[98.16198626900007,12.287016531000063]]],[[[97.88092721400005,12.291433917000063],[97.88990755800006,12.287386437000066],[97.88307743800004,12.286121601000048],[97.87245280600007,12.283338960000037],[97.87789160300008,12.29876997200006],[97.88092721400005,12.291433917000063]]],[[[98.46788009500006,12.297689195000032],[98.46733660500007,12.294835875000047],[98.46380392600008,12.29537936500003],[98.45986363100008,12.294020643000067],[98.45891252400008,12.294564130000026],[98.45852725800006,12.296095560000026],[98.46570613700004,12.29918379000003],[98.46842358500004,12.301493619000041],[98.46788009500006,12.297689195000032]]],[[[97.95868880400008,12.29545845900003],[97.95186122000007,12.281497579000074],[97.94778505100004,12.275179518000073],[97.94595077700006,12.289242301000058],[97.95420502000007,12.294439416000046],[97.96072688900006,12.303305081000076],[97.95868880400008,12.29545845900003]]],[[[98.09851693000007,12.293966776000048],[98.11311470900006,12.289839654000048],[98.12496107400005,12.289686799000037],[98.13428530800007,12.279674708000073],[98.12908819100005,12.274477596000054],[98.13795386000004,12.272719746000064],[98.13642529600008,12.265917642000034],[98.12969961700009,12.263166229000035],[98.13482030500006,12.25743411600007],[98.13245103200006,12.247727741000062],[98.13199246400006,12.235575663000077],[98.11877039200004,12.215092918000039],[98.10516618100007,12.200953710000022],[98.11510183900003,12.199578002000067],[98.12236251600007,12.20599796700003],[98.13199246400006,12.197590869000067],[98.13696029300007,12.197896583000045],[98.13986456100008,12.195603739000035],[98.14788951800006,12.189336629000024],[98.14429739600007,12.183986658000038],[98.13627244100007,12.176802412000029],[98.13558458400007,12.169312454000021],[98.13917670900008,12.155631812000024],[98.13948242200007,12.148676849000026],[98.14567310200005,12.148447566000073],[98.15071736100003,12.148753277000026],[98.15025879300003,12.137824052000042],[98.14070527300004,12.139964040000052],[98.13359745500009,12.150969693000036],[98.13168675000009,12.14248617000004],[98.12878248000004,12.14722471400006],[98.12243894400007,12.155326101000071],[98.12412036200004,12.164191765000055],[98.09737050700005,12.166561037000065],[98.08881055300009,12.163733196000067],[98.07818703900006,12.168701025000075],[98.07444206000008,12.174662424000076],[98.06840423600005,12.186585216000026],[98.06504139900005,12.197208730000057],[98.04868577100007,12.203093698000032],[98.04937362700008,12.212341504000051],[98.04471150800003,12.220213605000026],[98.04624007100006,12.22350001600006],[98.04677506800004,12.243829905000041],[98.05472359800007,12.250173440000026],[98.05373003200003,12.255676269000048],[98.05869786100004,12.257969113000058],[98.05793358100004,12.266911210000046],[98.05976785400009,12.277152581000053],[98.06313069300006,12.28701181200006],[98.06955065900007,12.29320249400007],[98.07642919300008,12.299240318000045],[98.08506557500004,12.299316746000045],[98.09851693000007,12.293966776000048]]],[[[97.96633161900007,12.299738436000041],[97.96989826700008,12.291076575000034],[97.96388591900006,12.30187842500004],[97.96633161900007,12.299738436000041]]],[[[97.77746353700007,12.266137173000061],[97.77493386500004,12.277394224000034],[97.79340048400007,12.304967674000068],[97.79656257900007,12.293584141000053],[97.79213564800006,12.276129388000072],[97.78087859600004,12.266390142000034],[97.77746353700007,12.266137173000061]]],[[[98.36081272800004,12.29225430400004],[98.35170928500008,12.300950129000057],[98.36543238600007,12.299047917000053],[98.36081272800004,12.29225430400004]]],[[[98.04865324300005,12.314378675000057],[98.04199550200008,12.303237146000072],[98.04253898900004,12.313155822000056],[98.04865324300005,12.314378675000057]]],[[[98.39681888500007,12.312635145000058],[98.38675372900008,12.295210549000046],[98.38988939900008,12.280976902000077],[98.38078595500008,12.267933162000077],[98.38010659400004,12.278802945000052],[98.37344885200008,12.29470000200007],[98.38024246500004,12.315896082000052],[98.38418276300007,12.311819912000033],[98.39681888500007,12.312635145000058]]],[[[98.62875289100003,12.314129742000034],[98.62100816800006,12.311819912000033],[98.61733961600004,12.313450380000063],[98.61543740400003,12.319836379000037],[98.61910595700004,12.320651611000073],[98.62739416800008,12.318477654000048],[98.63160620700006,12.317390676000059],[98.62875289100003,12.314129742000034]]],[[[98.61666025700004,12.313042762000066],[98.59111626600009,12.313722125000027],[98.58894230800007,12.319836379000037],[98.61666025700004,12.313042762000066]]],[[[98.06984931900007,12.314922162000073],[98.06699600200005,12.318590714000038],[98.07297438200004,12.324704968000049],[98.06984931900007,12.314922162000073]]],[[[98.53151967500008,12.316689655000062],[98.52843155000005,12.334978769000031],[98.54469928400005,12.324298504000069],[98.53151967500008,12.316689655000062]]],[[[98.40366384400005,12.338021604000062],[98.39380824800008,12.344245040000033],[98.40135401300006,12.342369519000044],[98.40366384400005,12.338021604000062]]],[[[98.502443,12.331499736000069],[98.49999730100006,12.331227990000059],[98.49632875000003,12.333401947000027],[98.49755160000007,12.338157477000038],[98.49809509000005,12.34291300700005],[98.50475283100008,12.348483771000076],[98.51018772300006,12.346038071000066],[98.50910074500007,12.33910858400003],[98.50570393800007,12.333945435000032],[98.502443,12.331499736000069]]],[[[98.25231266500003,12.330961777000027],[98.25570947200004,12.319684377000044],[98.25489424000006,12.309222211000076],[98.25489424000006,12.293461027000035],[98.24280160700005,12.286939157000063],[98.24687777400004,12.297808940000039],[98.24701364500004,12.320091994000052],[98.24388858400005,12.334902072000034],[98.24538317900004,12.349304534000055],[98.25231266500003,12.330961777000027]]],[[[98.08330067400004,12.339922664000028],[98.07949625000003,12.33530300600006],[98.07800165600008,12.335574751000024],[98.07759404100005,12.33910743000007],[98.08085497400003,12.357314318000022],[98.08357242000005,12.358129550000058],[98.08547651900005,12.355366814000035],[98.08411591000004,12.343998832000068],[98.08330067400004,12.339922664000028]]],[[[98.17851506600005,12.359850598000037],[98.17046463300005,12.352819208000028],[98.17291033300006,12.359952505000024],[98.17851506600005,12.359850598000037]]],[[[98.13004354500004,12.371240361000048],[98.13384796800005,12.36055174300003],[98.14416860200004,12.357664457000055],[98.15364569100007,12.356543507000026],[98.15588758600006,12.357256838000069],[98.15527615900004,12.354607329000032],[98.14579907000007,12.353792095000074],[98.14355717400008,12.344722619000038],[98.15996375300006,12.339423600000032],[98.14946762100004,12.33493981600003],[98.14528954900004,12.330048414000032],[98.13723911600005,12.331475074000025],[98.12857725600009,12.33493981600003],[98.12796583000005,12.326583669000058],[98.11899826300004,12.335755051000035],[98.11563542200008,12.332494113000052],[98.11054021300004,12.331475074000025],[98.10325309300003,12.335753116000035],[98.10198025900007,12.339219792000051],[98.10289739400008,12.352059723000025],[98.10646404300007,12.35929492300005],[98.10442595900008,12.363269186000025],[98.11237448800006,12.364797750000037],[98.12001730200006,12.362148240000067],[98.13004354500004,12.371240361000048]]],[[[98.22174474400003,12.371282978000067],[98.23120272900007,12.376957770000047],[98.23601770400006,12.361251782000068],[98.22478276300006,12.364691050000033],[98.21778958600004,12.35907357900004],[98.20873052900004,12.368280178000077],[98.21635655900008,12.37735901600007],[98.22174474400003,12.371282978000067]]],[[[98.01190167600004,12.38084286700007],[98.01821973800008,12.369429597000021],[98.00976168800008,12.371875296000042],[98.01190167600004,12.38084286700007]]],[[[98.41315598700004,12.374289189000024],[98.41453362700008,12.38503342000007],[98.41317490500006,12.374299506000057],[98.41315598700004,12.374289189000024]]],[[[98.14560000500006,12.384511419000034],[98.14468286500005,12.380537153000034],[98.13693814500004,12.376970508000056],[98.14682285400005,12.389708535000068],[98.14560000500006,12.384511419000034]]],[[[98.42975132500004,12.360576406000064],[98.42132724000004,12.378783293000026],[98.43817540600008,12.390196566000043],[98.43111004600007,12.363293850000048],[98.42975132500004,12.360576406000064]]],[[[98.47499679800006,12.332994331000066],[98.46793143900004,12.330005138000047],[98.44646361700006,12.329597523000075],[98.42418056100007,12.32606484400003],[98.43314813100005,12.350657727000055],[98.44455013500004,12.363878990000046],[98.46304003700004,12.386935632000075],[98.48338001000008,12.38680524700004],[98.49306781300004,12.353375174000064],[98.47499679800006,12.332994331000066]]],[[[98.51009965700007,12.372865298000022],[98.49345462600007,12.389445016000025],[98.51372291700005,12.401670227000068],[98.51009965700007,12.372865298000022]]],[[[98.43523184600008,12.406456037000055],[98.43401117100007,12.405293487000051],[98.43173663900006,12.407694528000036],[98.43310535500007,12.411453033000043],[98.43709094500008,12.416887925000026],[98.43992679500008,12.416613291000033],[98.43980838800007,12.412721174000069],[98.43781559600006,12.40891675000006],[98.43523184600008,12.406456037000055]]],[[[98.00914837400006,12.418558749000056],[98.00507220500003,12.41828700700006],[98.00371348400006,12.419645729000024],[98.00860488500007,12.421276197000054],[98.00969186300006,12.423857768000062],[98.00670267300006,12.426167598000063],[98.00806139500008,12.428069810000068],[98.01159407500006,12.428205683000044],[98.01227343700003,12.421683814000062],[98.01254518100006,12.418830494000076],[98.00914837400006,12.418558749000056]]],[[[98.59332336700004,12.403341959000045],[98.56391412500005,12.419308743000045],[98.58154733100008,12.416893235000032],[98.59332336700004,12.403341959000045]]],[[[98.14386574900004,12.427707484000052],[98.16512221300007,12.419977861000064],[98.15811724000008,12.404760163000049],[98.14193334300006,12.403793961000076],[98.12550789000005,12.417079252000065],[98.13589457400008,12.424808877000032],[98.14386574900004,12.427707484000052]]],[[[98.09515741900003,12.435361622000073],[98.08843173900004,12.432508304000066],[98.09556503700009,12.42985879300005],[98.10035453400008,12.417120767000029],[98.10871067800008,12.413248407000026],[98.11115638000007,12.409579855000061],[98.12389440700008,12.404586550000033],[98.11136018800005,12.400408477000042],[98.10860877500005,12.382779048000032],[98.09892598900007,12.365874271000052],[98.08194195200008,12.365738399000065],[98.05979477000005,12.359216530000026],[98.06984931900007,12.348618489000046],[98.05794351000009,12.333774442000049],[98.03766457000006,12.316348821000076],[98.02676082100004,12.319915470000069],[98.02360178900005,12.309011718000022],[98.00964091100008,12.30269365600003],[98.00240571300009,12.301674614000035],[98.00811234700006,12.287102312000059],[98.01402279400008,12.265804332000073],[98.00108095700006,12.277421410000045],[97.99506860800005,12.292401332000054],[97.98120963700006,12.305037455000047],[97.97468776500006,12.316858343000035],[97.96908303400005,12.314005026000075],[97.96031927000007,12.323584023000024],[97.95206502800005,12.32062879800003],[97.94325031600005,12.326029721000054],[97.96240830700003,12.340975674000049],[97.97178349600006,12.353611798000031],[97.96784319800008,12.368557750000036],[97.95724516100006,12.353883542000062],[97.94773409900006,12.341926779000062],[97.93700018900006,12.345051843000022],[97.94297857100008,12.36434570800003],[97.95561469400008,12.363938090000033],[97.95670167100008,12.386492889000067],[97.97599553500004,12.389617954000073],[97.97463681300007,12.373856769000042],[97.98632183200004,12.391791908000073],[97.99963731400004,12.39056905800004],[98.01240931000007,12.402389947000074],[98.02980096200008,12.416792409000038],[98.02572479300005,12.39056905800004],[98.01964639500005,12.392358044000048],[98.00965978400006,12.388995206000061],[98.00415695500004,12.384205708000025],[98.00171125500003,12.375136230000066],[98.00833502800003,12.367493416000059],[98.00476837900004,12.360665833000041],[97.99865412800006,12.351494454000033],[98.00211887000006,12.350883029000045],[98.01230929400003,12.358016323000072],[98.01842354500008,12.357608706000065],[98.02525112800004,12.368716265000046],[98.02810444500005,12.355570621000027],[98.04807767100004,12.364232482000034],[98.05001385200006,12.373098146000075],[98.04471483400005,12.379518114000064],[98.06214045500008,12.394294222000042],[98.07966797900008,12.408764623000025],[98.08241939300007,12.42354073100006],[98.08802412200004,12.435973047000061],[98.09515741900003,12.435361622000073]]],[[[98.44904770500005,12.418337227000052],[98.44614909700005,12.416706760000068],[98.44469979400009,12.424677935000034],[98.44524328100005,12.431018642000026],[98.45049701100004,12.435547718000066],[98.45665655400006,12.439714469000023],[98.45883051100009,12.439170981000075],[98.45629422800005,12.432105620000073],[98.45122166200008,12.422866303000035],[98.44904770500005,12.418337227000052]]],[[[98.03115968400004,12.441928783000037],[98.02028990400004,12.432825339000033],[98.01431152200007,12.435950404000039],[98.02192037100008,12.442200528000058],[98.03115968400004,12.441928783000037]]],[[[98.52586084300003,12.40801093400006],[98.51698385400005,12.416706760000068],[98.50230964400004,12.439170981000075],[98.51988246400003,12.429750501000058],[98.52586084300003,12.40801093400006]]],[[[98.09579715300003,12.45500271800006],[98.09386474700005,12.45137945700003],[98.08975838400005,12.453311864000057],[98.08492737000006,12.458384429000034],[98.08541046900007,12.461283037000044],[98.09048303500003,12.459109081000065],[98.09140761800006,12.456445109000072],[98.09579715300003,12.45500271800006]]],[[[98.59068702600007,12.432467948000067],[98.58754686500004,12.429810888000077],[98.58078344600005,12.437057411000069],[98.57377847300006,12.443096180000055],[98.57160451600004,12.454207515000064],[98.57426157400005,12.461937138000053],[98.57860948800004,12.463144893000049],[98.58682221400005,12.455173718000026],[98.58923772000009,12.43947292100006],[98.59020392200006,12.435849657000063],[98.59068702600007,12.432467948000067]]],[[[97.83462949100004,12.438117545000068],[97.82590211400009,12.429010718000029],[97.82223408900006,12.442544475000034],[97.82109573300005,12.45493988100003],[97.82109573300005,12.473406501000056],[97.82640804900007,12.461643518000074],[97.83462949100004,12.452410206000025],[97.83779158200008,12.442291509000029],[97.83462949100004,12.438117545000068]]],[[[98.52885003500006,12.468942110000057],[98.52740072900008,12.465318849000028],[98.52401902000008,12.470874515000048],[98.52595142500007,12.475705530000027],[98.52764228000007,12.474256227000069],[98.52885003500006,12.468942110000057]]],[[[98.15686811400008,12.496717227000033],[98.15027813200004,12.472700401000054],[98.14383459300007,12.471382402000074],[98.14427392600004,12.485587476000035],[98.15027813200004,12.489687912000022],[98.15686811400008,12.496717227000033]]],[[[97.80132738500004,12.494704953000053],[97.78946953700006,12.50732170300006],[97.80445785600006,12.502388837000069],[97.80132738500004,12.494704953000053]]],[[[98.49938084100006,12.517010709000033],[98.51918800300007,12.494546488000026],[98.50720104900006,12.444787034000058],[98.50973733100005,12.426127241000074],[98.50448360200005,12.402938368000036],[98.46843215200005,12.405293487000051],[98.47513518500006,12.456381472000032],[98.49213432200008,12.513870549000046],[98.49938084100006,12.517010709000033]]],[[[98.48532309300003,12.54866895400005],[98.47571246900009,12.550055215000043],[98.48342088100009,12.55179401600003],[98.48532309300003,12.54866895400005]]],[[[98.25545751800007,12.564585917000045],[98.26585504600007,12.555359939000027],[98.27039481100007,12.54510885600007],[98.28079234100005,12.53456488300003],[98.28796810000006,12.523581578000062],[98.28928609500008,12.507033397000043],[98.26966259200003,12.495317872000044],[98.25692195700003,12.49209610400004],[98.23393023700004,12.493414099000063],[98.22060383000007,12.516112930000077],[98.22815772500007,12.544394170000032],[98.24227755200008,12.55199172700003],[98.25545751800007,12.564585917000045]]],[[[97.85344921300003,12.591897145000075],[97.86578137600009,12.580229025000051],[97.87469847600005,12.575296159000061],[97.87991593000004,12.563912626000047],[97.86492761000005,12.559074622000026],[97.86369439400005,12.554426345000024],[97.85876152900005,12.54380171300005],[97.85079305500005,12.551959913000076],[97.83390748100004,12.56571501600007],[97.82328284900007,12.57852149300004],[97.82546469300007,12.587059144000023],[97.83618418600008,12.588292361000072],[97.84557560100006,12.588861535000035],[97.84927525000006,12.602142326000035],[97.85344921300003,12.591897145000075]]],[[[97.86065878300008,12.604798483000025],[97.85193140800004,12.615423115000056],[97.86435843200007,12.609446760000026],[97.86065878300008,12.604798483000025]]],[[[97.87782894800006,12.624055629000054],[97.86739404300005,12.621968647000074],[97.85838207800003,12.622063512000068],[97.87782894800006,12.624055629000054]]],[[[98.21541238100008,12.64501107700005],[98.22009997600009,12.635737792000043],[98.21429143600005,12.640017769000053],[98.21622761400005,12.647456779000038],[98.21541238100008,12.64501107700005]]],[[[98.19327994900004,12.651720677000071],[98.19034394400006,12.649800575000029],[98.18861157300006,12.65112533200005],[98.18463730700006,12.652959606000024],[98.18822582700005,12.655034220000061],[98.19115917900007,12.656730062000065],[98.19523534500007,12.658462435000047],[98.19462886000008,12.656517386000075],[98.19666200400007,12.654182458000037],[98.19401249500004,12.653265321000049],[98.19327994900004,12.651720677000071]]],[[[98.21816379500007,12.66019480600005],[98.21643142500005,12.658360532000074],[98.21245715900005,12.660704327000076],[98.20787146700007,12.660806231000038],[98.20654671500006,12.662844316000076],[98.20766766000008,12.66416907200005],[98.20746385400008,12.66661477200006],[98.20940003100009,12.667531910000037],[98.21531047800005,12.66202908300005],[98.21816379500007,12.66019480600005]]],[[[98.31903597600007,12.672228731000075],[98.33157019600009,12.674776337000026],[98.33146828900004,12.665910670000073],[98.34257585100005,12.661834500000055],[98.35062628400004,12.668356369000037],[98.36020528000006,12.677323940000065],[98.36327048700008,12.657709753000063],[98.37019189300008,12.655210725000074],[98.37905756100008,12.662751639000021],[98.39077654700009,12.64502030500006],[98.40616408300008,12.624945171000036],[98.39210130100008,12.612818570000059],[98.39118416500008,12.595494851000069],[98.39230511000005,12.59131677800002],[98.39113335700006,12.585625720000053],[98.38517181500004,12.575827336000032],[98.38985940900005,12.569713085000046],[98.40728503000008,12.557178865000026],[98.41054596700008,12.563496927000074],[98.41727164400004,12.546275114000025],[98.41003644500006,12.535575168000037],[98.41706783600006,12.532721851000076],[98.42257066500008,12.535371362000035],[98.43061993200007,12.521865993000063],[98.41900401600009,12.515805751000073],[98.42623921700005,12.514582899000061],[98.43663344600009,12.51305433500005],[98.43215002800008,12.520745470000065],[98.42866098500008,12.533784057000048],[98.43520678800007,12.550147472000049],[98.43938486200005,12.560032182000043],[98.44512641200004,12.561282496000047],[98.45222479200004,12.566146436000054],[98.44111723300006,12.571547359000022],[98.43530869200004,12.592335821000063],[98.44417435900004,12.584591099000022],[98.44590673100004,12.592437724000035],[98.43969057300006,12.600691967000046],[98.45787875800005,12.608126318000075],[98.46629323700006,12.585915855000053],[98.47770650700005,12.569248852000044],[98.47299627000007,12.560553026000036],[98.46731279300008,12.548507504000042],[98.46427983100006,12.527457680000055],[98.46472277500004,12.509887374000073],[98.46303230100006,12.493522694000035],[98.46373466000006,12.469452581000041],[98.44038691800006,12.43881144900007],[98.42576243000008,12.419095531000039],[98.42113615000005,12.402584632000071],[98.40931187800004,12.386456329000055],[98.39636429500007,12.36815785500005],[98.36303029400005,12.321236623000061],[98.33223257100008,12.313265448000038],[98.31049300500007,12.32304825400007],[98.30397113300006,12.34080223500007],[98.30866269900008,12.370233905000077],[98.31955115700003,12.390803237000057],[98.32118162500007,12.400223719000053],[98.32534837500003,12.415803741000047],[98.33032229500009,12.438979584000037],[98.33331954900007,12.45565961400007],[98.31664722100004,12.481970463000039],[98.32009464700008,12.502399686000047],[98.33245532700005,12.532461796000064],[98.31470337300004,12.53236264800006],[98.31146628300007,12.538586059000068],[98.30558461800007,12.557688386000052],[98.30181416200008,12.577355899000054],[98.30094500400008,12.586484019000068],[98.29936846000004,12.600488160000054],[98.29896084300003,12.617811877000065],[98.29885893900007,12.634422263000033],[98.29641323600003,12.648179335000066],[98.30446367100006,12.67110778500006],[98.30466747800006,12.684151524000072],[98.31057792400009,12.68048297100006],[98.31874621500003,12.672828949000063],[98.31903597600007,12.672228731000075]]],[[[98.36164557000006,12.708981767000068],[98.34099298100006,12.724742953000032],[98.33519576300006,12.759888586000045],[98.35202857300004,12.73626962700007],[98.36164557000006,12.708981767000068]]],[[[98.64791337600008,12.76511729400005],[98.63670390900006,12.763384923000046],[98.62518873300007,12.760429699000042],[98.61265451300005,12.766645857000071],[98.61000500400007,12.787740031000055],[98.64067817500006,12.775817236000023],[98.64791337600008,12.76511729400005]]],[[[98.68510879800004,12.775274941000077],[98.65800189200007,12.75441734900005],[98.65030349800008,12.762823769000022],[98.67389895100007,12.777040088000035],[98.68755411800004,12.790389540000035],[98.69591026400008,12.781014354000035],[98.68510879800004,12.775274941000077]]],[[[98.51799870200006,12.784905584000057],[98.51745521200007,12.780557669000075],[98.51455660400006,12.781644649000043],[98.51528125400006,12.791065127000024],[98.51654939600007,12.798311650000073],[98.51908568000005,12.796681183000032],[98.51926684400007,12.789796986000056],[98.51799870200006,12.784905584000057]]],[[[98.22314737400006,12.814891962000047],[98.21943718600005,12.81303686800004],[98.21589564000004,12.817421638000042],[98.21387190000007,12.82079453600005],[98.21488377100007,12.823324211000056],[98.21808802600003,12.824673370000028],[98.21943718600005,12.822312342000032],[98.22517111400003,12.819445378000069],[98.22314737400006,12.814891962000047]]],[[[97.85780862800004,12.81748340300004],[97.86410470800007,12.807139850000056],[97.87332396400006,12.79387311000005],[97.87759630400006,12.781955535000066],[97.87085050500008,12.780606375000048],[97.84903908900009,12.775434596000025],[97.83509777700004,12.789600773000075],[97.84701535200008,12.810287887000072],[97.83757123400005,12.82175574300004],[97.85511031000004,12.817708263000043],[97.85780862800004,12.81748340300004]]],[[[98.32365976300008,12.841031930000042],[98.32517756900006,12.83664716100003],[98.32382841000003,12.837996320000059],[98.32163602300005,12.843224315000043],[98.31994957500007,12.846934503000057],[98.32180467000006,12.846428568000022],[98.32365976300008,12.841031930000042]]],[[[98.31522751500006,12.867846478000047],[98.30713255800003,12.908489908000035],[98.31438429100007,12.878977045000056],[98.31522751500006,12.867846478000047]]],[[[98.55999078800005,12.901665175000062],[98.55849619300005,12.901529303000075],[98.55686572700006,12.903567387000066],[98.55414828100004,12.904654367000035],[98.55292543000007,12.907779429000072],[98.55251781500004,12.913078449000068],[98.55387653700006,12.915252406000036],[98.55591462200005,12.914708916000052],[98.55577874900007,12.913214321000055],[98.56012666000004,12.904518495000048],[98.55999078800005,12.901665175000062]]],[[[98.54137628700005,12.936312613000041],[98.54844164600007,12.92951899700006],[98.54830577300004,12.918785085000025],[98.54137628700005,12.936312613000041]]],[[[98.19515231100007,12.929064594000067],[98.19565824700004,12.910850941000035],[98.18435903700004,12.921306926000057],[98.17980562300005,12.937159551000036],[98.19093618900007,12.930582399000059],[98.19515231100007,12.929064594000067]]],[[[98.32217356200005,13.01967503800006],[98.32095071100008,13.01668584600003],[98.31673867000006,13.017636953000022],[98.31442884200004,13.015055379000046],[98.31239075800005,13.016549973000053],[98.31225488600006,13.021169633000056],[98.30967331200009,13.029186099000071],[98.31252663000004,13.032582906000073],[98.31682273500007,13.02828088700005],[98.32217356200005,13.01967503800006]]],[[[98.31225488600006,13.11369866900003],[98.30967331200009,13.111796457000025],[98.30518952700004,13.114785649000055],[98.30491778100009,13.118590074000053],[98.30233620700005,13.122122753000042],[98.30287969700004,13.124296710000067],[98.30681999500007,13.124160838000023],[98.30980918300008,13.121715136000034],[98.31225488600006,13.11369866900003]]],[[[98.31157552400003,13.132313174000046],[98.31171139600008,13.126606537000043],[98.31048854600004,13.125383689000046],[98.30600476000006,13.12701415500004],[98.30315144300005,13.12701415500004],[98.30179271700007,13.128644622000024],[98.30369493000006,13.133807769000043],[98.30845046100006,13.135030621000055],[98.31157552400003,13.132313174000046]]],[[[98.29581433500005,13.142367725000042],[98.29744480300008,13.138970918000041],[98.30084161200006,13.139106791000074],[98.30138510000006,13.133807769000043],[98.29989050500006,13.131362069000033],[98.30043399500005,13.12837287800005],[98.29812416600004,13.124432580000075],[98.29554259100007,13.124704325000039],[98.29431974000005,13.127829390000045],[98.29445561400007,13.142639470000063],[98.29581433500005,13.142367725000042]]],[[[98.52904102600007,13.12416587000007],[98.52404772100004,13.151985722000063],[98.53739717500008,13.158609497000043],[98.53352481200005,13.136496279000028],[98.52904102600007,13.12416587000007]]],[[[98.54748569300006,13.196517869000047],[98.56409608100006,13.184798882000052],[98.57673220500004,13.16971705700007],[98.56919129200008,13.154125710000073],[98.55747230600008,13.15239334000006],[98.53668384400004,13.17002277000006],[98.54004668500005,13.195600730000024],[98.54748569300006,13.196517869000047]]],[[[98.25646798300005,13.216259611000055],[98.26661311600009,13.191077945000075],[98.27168001800004,13.157143837000035],[98.27942474000008,13.13421538600005],[98.28401043100007,13.115566913000066],[98.29043039600003,13.098345099000028],[98.29124563000005,13.085301358000038],[98.30021320200007,13.079390914000044],[98.30235319100007,13.094676547000063],[98.32293784400008,13.08703372900004],[98.33098827800006,13.074397606000048],[98.31768977800004,13.070491278000077],[98.31293424500006,13.058398642000043],[98.29853178300004,13.052148518000024],[98.28548804300004,13.047528859000067],[98.29364038200004,13.016549973000053],[98.29431974000005,12.988696153000035],[98.30070574000007,12.957717270000046],[98.30410254700007,12.935026596000057],[98.30695586400009,12.910977197000022],[98.30165684500008,12.922390470000039],[98.28467280700005,12.95595092800005],[98.29024357100008,12.975924157000065],[98.28385757500007,12.994810407000045],[98.27665634100003,13.016414102000056],[98.25242012000007,13.077250926000033],[98.24549063400008,13.10629362800006],[98.24498111300005,13.120560221000062],[98.23968209300006,13.132279208000057],[98.23733829500009,13.141042969000068],[98.24008970800008,13.156940029000054],[98.23978399700007,13.169576153000037],[98.24304493200003,13.18190656400003],[98.23418492700006,13.196331673000032],[98.23672120800006,13.216440775000024],[98.25103309200006,13.220607526000038],[98.25646798300005,13.216259611000055]]],[[[98.51110989600005,13.23964574100006],[98.51599728600007,13.238298600000064],[98.52058297600007,13.224643435000075],[98.52659532600006,13.21292445000006],[98.53637813300008,13.203243548000046],[98.52353820000008,13.180518905000042],[98.50784494900006,13.171755142000052],[98.48950218700008,13.176442735000023],[98.48950218700008,13.203854973000034],[98.49123456100006,13.225356766000061],[98.49806214400007,13.237279558000068],[98.51110989600005,13.23964574100006]]],[[[98.20636269000005,13.598620010000047],[98.20035269200008,13.596473583000034],[98.19970876300005,13.600122511000052],[98.20271376200009,13.605703222000045],[98.20464554800009,13.612142506000055],[98.20743590400008,13.612142506000055],[98.21022625800003,13.604415365000023],[98.20722125900005,13.602054294000027],[98.20636269000005,13.598620010000047]]],[[[98.19369876700006,13.612571790000061],[98.18146412900006,13.64154856700003],[98.19747618700006,13.625174128000026],[98.19369876700006,13.612571790000061]]],[[[98.18661555400007,13.669237484000064],[98.19026448300008,13.667734986000028],[98.19412805200005,13.669022840000025],[98.19326948000008,13.66365677300007],[98.19198162500004,13.656358917000034],[98.18811805300004,13.658290703000034],[98.18683019600007,13.661081058000036],[98.18532769700005,13.666876413000068],[98.18661555400007,13.669237484000064]]],[[[98.20377505200008,13.758234739000045],[98.18660362900005,13.774547590000054],[98.20663695600007,13.840657563000036],[98.22323599700007,13.833216615000026],[98.20377505200008,13.758234739000045]]],[[[97.91775591400005,13.86114748600005],[97.92392428100004,13.837801541000033],[97.92082674700004,13.814177118000032],[97.90921480600008,13.785784327000044],[97.90502626800009,13.816702448000058],[97.90895922000004,13.850905024000042],[97.91167528600005,13.856661403000032],[97.91775591400005,13.86114748600005]]],[[[97.91747744100007,13.906691159000047],[97.90790636600008,13.913965749000056],[97.90808947100004,13.94247679800003],[97.91747744100007,13.906691159000047]]],[[[98.21850491300006,13.930306697000049],[98.21126071900005,13.949141600000075],[98.20981188000007,13.967976504000035],[98.22204651800007,13.949463563000052],[98.21850491300006,13.930306697000049]]],[[[97.81446822500004,14.13772365400007],[97.82174630000009,14.127480435000052],[97.80826837900008,14.119213978000062],[97.80099030400004,14.111486636000052],[97.80009177700003,14.13412954200004],[97.81419866400006,14.13907144500007],[97.81446822500004,14.13772365400007]]],[[[97.82138688900005,14.182919609000066],[97.81491749000008,14.173035800000036],[97.79928310300005,14.150572603000057],[97.78643415100004,14.140149679000046],[97.77762858000006,14.152100099000052],[97.78580518200005,14.160186853000027],[97.78841091400005,14.180044319000046],[97.80197868500005,14.18651372100004],[97.81383925600005,14.189299156000061],[97.82336365300006,14.185435487000063],[97.82138688900005,14.182919609000066]]],[[[97.81067943300008,14.267530990000068],[97.80524833000004,14.266253084000027],[97.80205356200008,14.270086801000048],[97.79965748900008,14.276156856000057],[97.80093539600006,14.282386650000035],[97.80428990000007,14.286859322000055],[97.80972100300005,14.28590089200003],[97.81291576700005,14.282865866000066],[97.81579105800006,14.275198426000031],[97.81387419700008,14.273281569000062],[97.81067943300008,14.267530990000068]]],[[[97.78090861200008,14.396380041000043],[97.76902517500008,14.393866237000054],[97.76776827200007,14.409406115000024],[97.78205125000005,14.419232803000057],[97.78125140300006,14.405749674000049],[97.78090861200008,14.396380041000043]]],[[[97.77176750800004,14.444485108000038],[97.77450984000006,14.435915322000028],[97.76605431700006,14.442314095000029],[97.77176750800004,14.444485108000038]]],[[[98.02787029400008,15.095557558000053],[98.03954005700007,15.082546920000027],[98.04514093300008,15.063123504000032],[98.04441387000008,15.05369928500005],[98.04891876900007,15.040451782000048],[98.06375021500008,15.039143124000077],[98.06464585200007,15.032647865000058],[98.07867594100009,15.00713524200006],[98.09954686900005,14.991535905000035],[98.12967842400008,14.993030032000036],[98.16205116800006,14.97908484900006],[98.18269128400004,14.970178358000055],[98.20818751200005,14.981942203000074],[98.22943759800006,14.968681906000029],[98.23017460700004,14.952742626000031],[98.24312807100006,14.941093633000037],[98.25147433900008,14.91666897600004],[98.23975814400006,14.898272209000027],[98.23106866100005,14.889159110000037],[98.24501209100004,14.871946938000065],[98.25952895300009,14.84795089000005],[98.24636099800006,14.832313554000052],[98.25510830700006,14.812918136000064],[98.27086459400005,14.799099212000044],[98.28581345500004,14.773612011000068],[98.29581682400004,14.755167344000029],[98.30610941000003,14.732648658000073],[98.33060041800007,14.705210420000071],[98.34885543400009,14.69953805700004],[98.36264681100005,14.677972496000052],[98.37844196900005,14.657644969000046],[98.39670591800007,14.642737589000035],[98.41819768000005,14.628709387000072],[98.43772427200008,14.608913511000026],[98.44686550400007,14.59086820500005],[98.46012077300009,14.572461602000033],[98.46341736400007,14.529174953000052],[98.48641227300004,14.532999310000037],[98.49862933000009,14.516449300000033],[98.50411434600005,14.500570391000053],[98.51538700600008,14.47511782600003],[98.52536003400007,14.453406006000023],[98.54907156300004,14.432785843000033],[98.55825810800008,14.40516579900003],[98.56612155000005,14.384264423000047],[98.58821848800005,14.368809658000032],[98.59887052000005,14.367456860000061],[98.59748747600008,14.334467523000058],[98.62299719200007,14.314115327000025],[98.65142351000009,14.296616177000033],[98.68855186800005,14.271780483000043],[98.71447392100004,14.276534489000028],[98.73279965000006,14.242081204000044],[98.74498265200003,14.22714768000003],[98.77018097300004,14.206515079000042],[98.78586265500007,14.196192130000043],[98.81960314500009,14.176224644000058],[98.83966445600004,14.167536179000024],[98.86919336700004,14.147156299000073],[98.89119138500007,14.116735263000066],[98.91527282600003,14.109370703000025],[98.93430187900003,14.10134477400004],[98.95039666900004,14.099429546000067],[98.96718417800008,14.089366985000026],[98.96980551700005,14.054201],[98.97188219600008,14.033291116000044],[98.99608145700006,14.02314459400003],[99.00766994800006,13.999713840000027],[99.01569325300005,13.958542393000073],[99.03349066000004,13.943405318000032],[99.06127529900004,13.926989379000076],[99.07903395500006,13.895431261000056],[99.10663548800005,13.895372953000049],[99.11131428700008,13.869427666000036],[99.10046578900005,13.837211083000057],[99.11733887100007,13.815042221000056],[99.11865368900004,13.795389981000028],[99.12212429400006,13.77448725000005],[99.12521811400006,13.769635046000076],[99.13839627700008,13.746306570000058],[99.15537348600009,13.736579581000058],[99.16842385900009,13.719942896000077],[99.16877532700005,13.69347857200006],[99.16591694800007,13.679597482000077],[99.17154383900004,13.661326791000022],[99.17041960200004,13.637157240000022],[99.16674041900006,13.617904453000051],[99.16994951200007,13.604667241000072],[99.16815817800006,13.576956016000054],[99.17770977100008,13.561156130000029],[99.18926827500007,13.545937842000058],[99.18973882600005,13.526993574000073],[99.18511951300007,13.508007493000036],[99.19074996800003,13.494372858000077],[99.20109819400005,13.482299887000067],[99.20538563000008,13.47137039200004],[99.20171732500006,13.456443949000061],[99.20219775800007,13.428433859000052],[99.20795854600004,13.414142802000072],[99.20197815400007,13.388039853000066],[99.19709119700008,13.369054769000059],[99.20593788900004,13.350116274000072],[99.20078245400003,13.331322068000077],[99.19292870300006,13.309197596000047],[99.18777657400005,13.291106616000036],[99.20281180400008,13.271801336000067],[99.21113470700004,13.261172740000063],[99.19631417300008,13.253806963000045],[99.20782109700008,13.222086441000044],[99.20925674900008,13.200729644000035],[99.18407711100008,13.192099718000065],[99.17104781800003,13.203521200000068],[99.15153791200004,13.205915364000077],[99.12655253600008,13.196193423000068],[99.11857700600007,13.176292649000061],[99.12986238000008,13.166710623000029],[99.13412979000003,13.14521303600003],[99.13612578600004,13.133156819000021],[99.13516908300005,13.124904952000065],[99.12936586600006,13.114565373000062],[99.12934258700005,13.101279742000031],[99.12166649000005,13.09670655900004],[99.10671447000004,13.083892357000025],[99.10305569600007,13.067523582000035],[99.11566781900007,13.050726232000045],[99.13971143500004,13.033391312000049],[99.15251765500005,13.026944669000045],[99.16325945000006,13.018933470000036],[99.17290965700005,13.003457775000072],[99.18876507800007,12.998711681000032],[99.19034195700004,12.980367692000073],[99.19366364100006,12.967212666000023],[99.18663384400008,12.94757656400003],[99.17183496200005,12.94118532400006],[99.16226290400004,12.927446147000069],[99.18265843600005,12.909015873000044],[99.18111570700006,12.887665857000059],[99.18900547600003,12.868122679000066],[99.18976165400005,12.843641694000041],[99.20506457900007,12.83614495200004],[99.22107910300008,12.821701922000045],[99.23145986100008,12.80600127200006],[99.23181406100008,12.78373067800004],[99.23481246900008,12.75337731600007],[99.23691369000005,12.731625744000041],[99.26496787100007,12.725277156000061],[99.29079017700008,12.715364112000032],[99.30175006200005,12.693854065000039],[99.30490407100007,12.673422458000061],[99.32395847900005,12.668660429000056],[99.34231526900004,12.654205218000072],[99.35618739000006,12.637568643000066],[99.36665358400006,12.635576583000045],[99.37480618400008,12.622324381000055],[99.38861522200006,12.615606670000034],[99.40230558000007,12.61386621500003],[99.41426972800008,12.618025484000043],[99.42196874800004,12.600174880000054],[99.43130561400005,12.580236571000057],[99.43042660600008,12.555254432000027],[99.42354906400004,12.532442700000047],[99.42176014800003,12.514330311000037],[99.41781056800005,12.487934302000042],[99.40628559700008,12.472715965000077],[99.40597045900006,12.456032857000025],[99.41782595300003,12.447750172000042],[99.42525255000004,12.431173955000077],[99.44240609200006,12.410009949000028],[99.44407976000008,12.389724442000045],[99.43440392400004,12.367122149000068],[99.44424176900009,12.355102438000074],[99.44035352200007,12.34878352100003],[99.44564292100006,12.333126955000068],[99.44706666200005,12.318358636000028],[99.45477427700007,12.308429541000066],[99.46300776600003,12.296397974000058],[99.46590269500007,12.28322282800002],[99.48335018300008,12.274567434000062],[99.48168451800007,12.254040331000056],[99.47907385500008,12.229863925000075],[99.49219479100003,12.204144444000065],[99.49748890900008,12.184348342000021],[99.48863953100005,12.16909958900004],[99.48056894300004,12.146906804000025],[99.47411830000004,12.130632517000038],[99.49614182100004,12.138647302000038],[99.51723994200006,12.147447971000076],[99.52818643900008,12.14620480700006],[99.53809330300004,12.15829511000004],[99.54940104000008,12.150828492000073],[99.55939891400004,12.150274479000075],[99.56483406200005,12.141262831000063],[99.55794470800004,12.115192793000062],[99.55680347100008,12.093586209000023],[99.54634455200005,12.075556419000065],[99.53572017200008,12.047475017000068],[99.54286885600004,12.03329162600005],[99.53708081900004,12.016234620000034],[99.55212330200004,12.01162378600003],[99.56917005000008,12.008439357000043],[99.57862359100005,12.005800776000058],[99.58675448800005,11.996236675000034],[99.59156255000005,11.961808474000065],[99.58003109300006,11.941509968000048],[99.58740411800005,11.916456572000072],[99.582384,11.893865274000063],[99.58259686600007,11.878745252000044],[99.57282475300008,11.86470939000003],[99.57975253900008,11.865337745000033],[99.59282478700004,11.870898079000028],[99.60321890600005,11.872166095000068],[99.61622086000006,11.857782780000036],[99.62422684400008,11.840208921000055],[99.62736885900006,11.824814632000027],[99.63973611400007,11.819165154000075],[99.65065949200005,11.819777454000075],[99.65522092500004,11.828624129000048],[99.66090359500004,11.814089744000057],[99.64642752800006,11.789623453000047],[99.64265578300007,11.778035590000059],[99.64138039400007,11.757574955000052],[99.63553344200005,11.725634264000064],[99.61806665000006,11.71793023600003],[99.59337828400004,11.700810835000027],[99.59654982300003,11.694282702000066],[99.58634647300005,11.670170564000045],[99.57049277500005,11.644910761000062],[99.55525597500008,11.625800941000023],[99.53447284200007,11.61922131800003],[99.52039654400005,11.629303811000057],[99.50949829200005,11.635466273000077],[99.49704877900007,11.625591488000055],[99.47668063800006,11.62369999300006],[99.46837554100006,11.606257450000044],[99.46165559300005,11.585290759000031],[99.46786070100006,11.569629587000065],[99.46907208100004,11.548592941000038],[99.47489067800007,11.537495759000024],[99.45925175000008,11.513428218000058],[99.44737571500008,11.501341576000073],[99.43976032700004,11.490675244000045],[99.42526000600009,11.478833706000046],[99.40195215600005,11.468733319000023],[99.39751886200008,11.453624533000038],[99.39773154800008,11.435078683000029],[99.40198438400006,11.411503966000055],[99.40232461600004,11.391300088000037],[99.38674125500006,11.381697904000077],[99.36402435000008,11.368434905000072],[99.34135544400004,11.343319009000027],[99.32777304800004,11.33475132500007],[99.31254032400005,11.316458134000072],[99.31242241000007,11.306274690000066],[99.31200320300007,11.298459336000064],[99.32114750800008,11.290260782000075],[99.32231925500008,11.280873198000052],[99.31017449500007,11.261379318000024],[99.28474726800005,11.244496807000075],[99.26258299900007,11.196261434000064],[99.25375772800004,11.172820339000054],[99.24057944800006,11.153428810000037],[99.22540683800008,11.141340583000044],[99.22955464100005,11.117430298000045],[99.21668701600004,11.10370385300007],[99.19931954700007,11.089231682000047],[99.18230680400006,11.083662383000046],[99.17775340100007,11.069197674000065],[99.17148784200003,11.054698348000045],[99.16561569600003,11.040894019000064],[99.14553733700006,11.029983499000025],[99.11627879400004,11.019585978000066],[99.09949272300008,10.990419670000051],[99.09108374300007,10.966840742000045],[99.07387688300008,10.953670397000053],[99.06920274900006,10.938297628000043],[99.05065286300004,10.959573825000064],[99.03738597100005,10.965330460000075],[99.01586099200006,10.95519734000004],[99.00304298600008,10.92923694700005],[99.00129299200006,10.91320789200006],[99.00085030300005,10.883891702000028],[99.01064315500008,10.865238786000077],[99.00145864500007,10.847525555000061],[98.98298851600003,10.831740765000063],[98.96612164500004,10.824334211000064],[98.95076768200005,10.81614326600004],[98.92941008500009,10.821644909000042],[98.92125648300004,10.817273778000072],[98.90640962500004,10.80040159400005],[98.87815131800005,10.786814942000035],[98.86407601200006,10.776532806000034],[98.85849682700007,10.770151878000036],[98.84351765000008,10.752226894000046],[98.82775898700004,10.731508349000023],[98.82098545800005,10.723302158000024],[98.81076270100004,10.713926403000073],[98.80382741900007,10.703340752000031],[98.79468970900007,10.691519072000062],[98.78621376000007,10.679307060000042],[98.78197377200007,10.670730946000049],[98.78288348700005,10.645466901000077],[98.77519518700007,10.628566130000024],[98.77310587200009,10.619531350000045],[98.78205610900005,10.607762364000052],[98.78774153000006,10.605938237000032],[98.80228700600009,10.60358678600005],[98.80267441700005,10.592752694000069],[98.80875707000007,10.592227716000025],[98.80861846700009,10.585078401000032],[98.80781120000006,10.569220784000038],[98.80026807600007,10.562077729000066],[98.80568596600006,10.558043443000031],[98.81348372000008,10.553616699000031],[98.81683051200008,10.543568144000062],[98.81424073200009,10.538691602000029],[98.82210666400005,10.529783189000057],[98.81759711100005,10.514058478000038],[98.81688981300005,10.496884394000062],[98.80852304200005,10.489028489000077],[98.80382033500007,10.48289184500004],[98.80817567000008,10.474308120000046],[98.79917275400004,10.457677087000036],[98.79873788800006,10.446412290000069],[98.77776563300006,10.430709285000034],[98.76701014000008,10.403040051000062],[98.75695558900009,10.394139706000033],[98.74810791400006,10.376870433000022],[98.74564009700003,10.364251339000077],[98.73552519300006,10.329948407000074],[98.72680682000004,10.30906632400007],[98.71693023400007,10.279938771000047],[98.70638405000005,10.251648215000046],[98.70203165700008,10.233903843000064],[98.69794102400004,10.229791607000038],[98.69077584700005,10.23330098200006],[98.67457810200005,10.236749639000038],[98.67435783400003,10.246361886000045],[98.68549177000006,10.261577724000063],[98.68745761400004,10.266492322000033],[98.68126368400004,10.279614379000066],[98.66865624100006,10.297456312000065],[98.66425448800004,10.310988830000042],[98.65988577100006,10.317383516000064],[98.65199831300004,10.320578501000057],[98.63841975600008,10.325806299000021],[98.65014450000007,10.318280736000077],[98.66168021400006,10.305491967000023],[98.66475640500005,10.296362883000029],[98.67317996400004,10.28206119500004],[98.67676671800007,10.273140450000028],[98.68177628900008,10.260687803000053],[98.67206235700007,10.251373601000068],[98.67013973600007,10.240350587000023],[98.67398497500005,10.231634715000041],[98.69399647000006,10.225533857000073],[98.69795362400004,10.219190447000074],[98.67229734300008,10.197027572000025],[98.65532713200008,10.181172924000066],[98.63845925200008,10.21292122400007],[98.64924832900005,10.179367183000068],[98.64667604700008,10.15839937000004],[98.62515045500004,10.125933402000044],[98.61605006000008,10.106579038000064],[98.61207664900007,10.086840151000047],[98.60412982400004,10.062743325000042],[98.57477784100007,10.017241347000038],[98.56626083400005,10.003478677000032],[98.56304742600008,9.995323750000068],[98.55663792100006,9.981926885000064],[98.54927109800008,9.973405637000042],[98.54267673400005,9.986547217000066],[98.53222387800008,10.00288579200003],[98.52222626000008,10.046080631000052],[98.51684292500005,10.05620642200006],[98.52286713300003,10.065947692000066],[98.51568935600005,10.08671197700005],[98.51697110000003,10.092608006000034],[98.51543300700007,10.115166733000024],[98.51786832200008,10.143877842000052],[98.51479213400006,10.167333795000047],[98.49966753300004,10.177844110000024],[98.48928538800004,10.17669053800006],[98.48208324200004,10.193263872000045],[98.49057718000006,10.209915894000062],[98.49723221300007,10.216168313000026],[98.49466872300007,10.227063154000064],[98.51585608400006,10.241615411000055],[98.51577621400008,10.271836319000045],[98.50812705600003,10.277563942000029],[98.50633261000007,10.30178894100004],[98.51902189400005,10.303711560000067],[98.52889133700006,10.327295684000035],[98.53134623300008,10.34233043300003],[98.53683816100005,10.356775841000058],[98.53171117900007,10.367542506000063],[98.52427705300005,10.393561947000023],[98.52299530800008,10.397279009000044],[98.50883695100003,10.405409762000033],[98.50261554600007,10.415607978000025],[98.50479451400008,10.430988928000033],[98.49584036800007,10.459995298000024],[98.48723459700005,10.49033376400007],[98.48415840500007,10.508021858000063],[98.49248975300009,10.512892494000027],[98.49518142200009,10.51814765000006],[98.49737048800006,10.526325803000077],[98.49607864400008,10.535707569000067],[98.48646554900006,10.545448839000073],[98.47787785100007,10.548653204000061],[98.49389967500008,10.564546853000024],[98.48556832600008,10.565700425000045],[98.47569888300006,10.595052405000047],[98.48031316700008,10.613894071000061],[98.46852110400005,10.615688514000055],[98.45429372500007,10.621328197000025],[98.46185602600008,10.643758750000075],[98.46134332700007,10.657729781000057],[98.45185840800008,10.666317479000043],[98.45967706000005,10.680032160000053],[98.44916674200005,10.687850809000054],[98.46250381700008,10.692493467000077],[98.46788023400006,10.702590890000067],[98.45493459900007,10.70912779300005],[98.465877,10.71098846500007],[98.47005920000004,10.722201601000052],[98.46518856600005,10.750015487000042],[98.47403261300008,10.734250012000075],[98.49287427700006,10.74399128300007],[98.49595046600007,10.73091747500007],[98.51940641800007,10.722714300000064],[98.53235205100003,10.697848428000043],[98.54991197100009,10.675417873000072],[98.55211486800005,10.686504394000053],[98.53453102100008,10.718869062000067],[98.52710467800006,10.740775659000064],[98.51773874400004,10.74678708700003],[98.53517189400009,10.759500409000054],[98.55147899300005,10.74037721700006],[98.56319889700006,10.72200839900006],[98.56735956100005,10.720200740000053],[98.56661778500006,10.733529970000063],[98.56811276300004,10.756296044000067],[98.57554688900007,10.77770120100007],[98.58590249800005,10.766128803000072],[98.588108,10.768600804000073],[98.58432852400006,10.777097471000047],[98.58528816000006,10.79064683300004],[98.59913101500007,10.800388103000046],[98.60169450800004,10.80705318300005],[98.59656752300003,10.810513897000021],[98.60132602800007,10.825378724000075],[98.61092307700005,10.828330164000022],[98.62899569600006,10.831662705000042],[98.63514807800004,10.82589484700003],[98.63456397700008,10.837625886000069],[98.63412268000008,10.84819722800006],[98.62976474400006,10.860630164000042],[98.61323022100004,10.87011508200004],[98.59541395100007,10.856272227000034],[98.58873630500005,10.854575499000077],[98.58836434900007,10.858963894000055],[98.58515998600006,10.862168257000064],[98.57827937700006,10.864289189000033],[98.57657228700003,10.876267463000033],[98.59784927000004,10.887803176000034],[98.61623487800006,10.895626912000068],[98.62758577400007,10.89972341300006],[98.64629777300007,10.88456099800004],[98.65735599000004,10.879738432000067],[98.67039402700004,10.873094060000028],[98.65821950200007,10.882163493000064],[98.64222745900008,10.89357545100006],[98.63208229600008,10.902307524000037],[98.62830485900008,10.909374064000076],[98.62720125300007,10.916514285000062],[98.63075669400007,10.920630161000076],[98.65544423900008,10.915958744000022],[98.68308136900004,10.896342808000043],[98.69317511800006,10.894756648000055],[98.70143265500008,10.884075271000029],[98.69541016200009,10.860582097000076],[98.68178360000007,10.852362902000039],[98.69382400300003,10.851497722000033],[98.70393396200006,10.85847503900004],[98.70334096600004,10.86115888300003],[98.70961351100004,10.87197361400007],[98.71036857200005,10.878835433000063],[98.71396228400005,10.883169898000062],[98.72232694600007,10.884389437000038],[98.71869788300006,10.889349282000069],[98.70918092000005,10.885744372000033],[98.70910882400005,10.890935444000036],[98.70398984800005,10.896919594000053],[98.68385541200007,10.906154786000059],[98.66746987700009,10.917250607000028],[98.67561520000004,10.921745411000074],[98.67467792300005,10.925927107000064],[98.70099376800005,10.927513270000077],[98.71436855500008,10.918683755000075],[98.73451943500004,10.911651662000054],[98.73466363200004,10.914968180000074],[98.72550716000006,10.919366170000046],[98.72961675900007,10.928955233000067],[98.71715216900009,10.921767723000073],[98.71632754700005,10.92606661000002],[98.71611859600006,10.928420256000038],[98.71694974400003,10.930144403000043],[98.71642845000008,10.93290765300003],[98.71397144600007,10.938904786000023],[98.71317836600008,10.941644518000032],[98.70794672600005,10.94622015300007],[98.71151292500008,10.949317312000062],[98.71836943800008,10.952459249000071],[98.72040218800004,10.94931921400007],[98.72372877900006,10.953667968000047],[98.73491136100006,10.955089193000049],[98.72911114100003,10.96012072800005],[98.72435749500005,10.960040457000048],[98.71923461400007,10.962841390000051],[98.71641537500005,10.973925141000052],[98.71452002200004,10.98863926100006],[98.72586765000005,10.989661923000028],[98.74509292400006,10.987806532000036],[98.76102144600009,10.988031731000035],[98.76518865200006,10.986120156000027],[98.76905447700005,10.975314379000054],[98.77165001300006,10.983821970000065],[98.78606965400007,10.995501880000063],[98.78196776700008,10.993554562000043],[98.77402925400008,10.989589827000032],[98.76371921100008,10.992329558000051],[98.74410849900005,10.994204112000034],[98.73033139700004,10.995798256000057],[98.69832613500006,11.001558130000035],[98.68340180500007,10.995357682000076],[98.68112141300008,11.003048081000031],[98.68570734000008,11.010716414000058],[98.69746095700003,11.020015270000044],[98.68888126900003,11.016698752000025],[98.68908820900003,11.023661537000066],[98.69718604500008,11.036051007000026],[98.70891546400009,11.03230207200005],[98.72312791900004,11.032776654000031],[98.72774220400004,11.03573268200006],[98.72361638900009,11.037052283000037],[98.71208701900008,11.035447996000073],[98.71015024200005,11.03861660800004],[98.70130020100004,11.045217040000068],[98.70495917100004,11.050440713000057],[98.70438238400004,11.053252544000031],[98.70805939200005,11.057145848000062],[98.71692747400004,11.060029775000032],[98.72147797800005,11.060782635000066],[98.72137204600006,11.063745059000041],[98.71090823900005,11.064480033000052],[98.70599042800006,11.068098631000055],[98.70435139800009,11.06878023400003],[98.69834659300005,11.071326792000036],[98.70049455100008,11.077175228000044],[98.70178684800004,11.081010355000046],[98.70077747500005,11.08692240800002],[98.69818193800006,11.093122853000068],[98.68710173800008,11.090670310000064],[98.67927618400006,11.085187932000053],[98.67825769100006,11.092336578000072],[98.67543784900005,11.099386183000036],[98.67132491200005,11.110000306000074],[98.67297772500007,11.11397409600005],[98.66466069700004,11.11891403900006],[98.65557078600006,11.122201259000065],[98.64903388300007,11.130148083000051],[98.65291310100008,11.13188481900005],[98.66223586600006,11.125405623000063],[98.66764964900005,11.130410999000048],[98.66973249600005,11.134894160000044],[98.66698436500008,11.14312235400007],[98.67492515200007,11.146810781000056],[98.68256607300003,11.14202493700003],[98.68956596300006,11.138190833000067],[98.69728984900007,11.134708551000074],[98.69965263900008,11.13850056800004],[98.69863745000004,11.143478242000072],[98.71004498800005,11.152194114000054],[98.71330032600008,11.16033585300005],[98.72389331700003,11.167026419000024],[98.72901483000004,11.173983796000073],[98.73518060000004,11.175987400000054],[98.73653606100004,11.178441288000045],[98.73492496800009,11.184705653000037],[98.73813423700005,11.186468059000049],[98.73902502900006,11.19015640200007],[98.73877502600004,11.194681004000074],[98.74165742000008,11.199074020000069],[98.74141531400005,11.20068812900007],[98.73630874800006,11.205712253000058],[98.73842382800007,11.220571189000054],[98.74503665400005,11.226407204000054],[98.74094538100007,11.228400389000058],[98.74579351800008,11.237407973000074],[98.75030729700006,11.242590463000056],[98.75047447600008,11.250491726000064],[98.75314702500003,11.262356019000038],[98.76050509900006,11.274354109000058],[98.76200969400008,11.28137554600005],[98.77672127600005,11.270509035000032],[98.77973046400007,11.27034186000003],[98.76017074600009,11.281041193000021],[98.75436148000006,11.275986672000045],[98.74653091400006,11.284370362000061],[98.73860490100009,11.29291076800007],[98.73165946300008,11.304401761000065],[98.72345737000006,11.31828482000003],[98.72995418300007,11.322904423000068],[98.72786125800008,11.338688149000063],[98.72260617600006,11.340578547000064],[98.72479421800006,11.342924577000076],[98.71973418700009,11.359692758000051],[98.72299062300004,11.376115130000073],[98.73341312300005,11.37740020700005],[98.72301099400005,11.378886226000077],[98.72119201600003,11.387976198000047],[98.71189251600003,11.387741368000036],[98.70658427500007,11.38624092200007],[98.70340279500004,11.382837421000033],[98.69602344400005,11.381742287000066],[98.69745147500004,11.398798877000047],[98.68889618000009,11.395341318000021],[98.69469816300006,11.411518889000035],[98.70594340200006,11.423283379000054],[98.71440292500006,11.445842109000068],[98.71933454800006,11.459030430000041],[98.72619498700004,11.456993298000043],[98.74529300400008,11.453148060000046],[98.77413688800004,11.456793721000054],[98.75516244500005,11.471605203000024],[98.75207913700007,11.494026261000045],[98.75498442600008,11.52769345400003],[98.75840241600008,11.538801920000026],[98.74712305200006,11.527180757000053],[98.73276749600006,11.526155361000065],[98.71807014200004,11.517268588000036],[98.70867067400007,11.532991339000034],[98.71755744300003,11.549739485000032],[98.71311405900008,11.573836308000068],[98.73481828900003,11.574690805000046],[98.74079977000008,11.592293452000035],[98.72644421700005,11.607332605000067],[98.73020400600006,11.625447945000076],[98.72815321100006,11.656209850000039],[98.74927567600008,11.677893913000048],[98.78623810000005,11.684829654000055],[98.80369077200004,11.656380747000071],[98.81035585000006,11.667660110000043],[98.81838812500007,11.681673868000075],[98.84128865300005,11.691927834000069],[98.86794896800006,11.70354899800003],[98.88332992000005,11.69654212000006],[98.89375478700003,11.669710906000034],[98.91287016800004,11.65645207700004],[98.91750981000007,11.627669638000043],[98.91802250900008,11.610921492000045],[98.91606597300006,11.583411065000064],[98.91853520800004,11.569051125000044],[98.91767446700004,11.586832936000064],[98.92821963300008,11.603750218000073],[98.95385366500005,11.597679001000074],[98.97409106000003,11.59812872200007],[98.94553384800008,11.605773958000043],[98.92992687900005,11.612045357000056],[98.91945009600005,11.637029489000042],[98.91697663700006,11.666486139000028],[98.90101158200008,11.697516810000025],[98.88549624900008,11.708984666000049],[98.87695157100006,11.707635507000077],[98.84996837700004,11.722701122000046],[98.81151732900008,11.733944118000068],[98.78296011900005,11.75148319300007],[98.81286648900004,11.795106019000059],[98.81106760900008,11.844575204000023],[98.77666404100006,11.789484522000066],[98.74573745900005,11.76084503800007],[98.71999933700005,11.742039074000047],[98.69953708400004,11.726748600000064],[98.70223540100005,11.740015337000045],[98.70785690100007,11.709434387000044],[98.69616418400005,11.68672353200003],[98.67637651100006,11.681326894000051],[98.62218526800007,11.71325700400007],[98.60981797100004,11.72989664000005],[98.59790039400008,11.766099087000043],[98.61993666800004,11.790608821000035],[98.66895613300005,11.770371429000022],[98.63927462000004,11.787235922000036],[98.60464619300006,11.78903480200006],[98.62308470700003,11.825012392000076],[98.65523967700005,11.816242854000052],[98.64714472000009,11.841202305000024],[98.60397161100008,11.841427167000063],[98.64017406100004,11.854019323000045],[98.67682623000007,11.883026252000036],[98.72764457300008,11.869984376000048],[98.69144212700007,11.887748312000042],[98.64939332000006,11.864362877000076],[98.61170343400005,11.87571388400005],[98.56781668200006,11.873675799000068],[98.54553362700005,11.876529119000054],[98.56482749300005,11.908051492000027],[98.61224221500004,11.908119054000053],[98.66849805300006,11.921366975000069],[98.68290051500009,11.942155437000054],[98.69404204300008,11.936041182000054],[98.69703123300008,11.964302621000058],[98.73398849800009,11.953704581000068],[98.71564573700005,11.964846108000074],[98.70790101700004,11.98074316800006],[98.71632509800008,11.999357673000077],[98.73466785700003,12.004384947000062],[98.70790101700004,12.016205839000065],[98.68819953500008,12.033733364000057],[98.71523812100008,12.059956716000045],[98.73887990000009,12.06416875800005],[98.75396172500007,12.037945405000073],[98.77080988900008,12.02028200500007],[98.76388040200004,12.027754981000044],[98.74458653500005,12.063489397000069],[98.72026539500007,12.070011264000073],[98.67977545000008,12.049494548000041],[98.64295405900003,12.065935098000068],[98.62882334100004,12.08414198500003],[98.63099729900006,12.101805382000066],[98.65966635100006,12.11647959000004],[98.67080787900005,12.09759334000006],[98.67515579400003,12.089169259000073],[98.66931328400005,12.109006614000066],[98.65694890700007,12.123273204000043],[98.64173120900006,12.114849123000056],[98.62366019400008,12.118110057000024],[98.62338845000005,12.140664859000026],[98.64838895100007,12.155610812000077],[98.68819953500008,12.154387962000044],[98.69974867800005,12.152485751000029],[98.67616114400005,12.15937109500004],[98.65164988400005,12.167295830000057],[98.64390516700007,12.177486251000062],[98.67529166600008,12.181698293000068],[98.71469463100004,12.200720415000035],[98.73099930500007,12.18577446200004],[98.72339046000008,12.206291179000061],[98.69662361600007,12.236318954000069],[98.67121549600006,12.242976699000053],[98.63955725100004,12.235096105000025],[98.62827985100006,12.228710105000062],[98.62039925600004,12.206970539000054],[98.60789900600008,12.203709605000029],[98.59893143500005,12.193926798000064],[98.55038728300008,12.206502535000027],[98.53372028400008,12.23717947800003],[98.53372028400008,12.266407119000064],[98.56318947300008,12.300465775000077],[98.59676502500008,12.300948878000042],[98.67019645500005,12.32558705300005],[98.60811791100008,12.324862403000054],[98.56777893900005,12.328727213000036],[98.53565268800008,12.352882289000036],[98.55256124100003,12.398293828000021],[98.58058112800006,12.394187465000073],[98.55811690800004,12.402400191000027],[98.58106422800006,12.407231205000073],[98.60179416500006,12.403406373000053],[98.62815339200006,12.385878845000036],[98.65247453200004,12.372699233000048],[98.69282860400006,12.34674762800006],[98.69102452000004,12.362176679000072],[98.65141019900005,12.380534537000074],[98.62502832900003,12.391585482000039],[98.62516420200006,12.412645689000044],[98.62068041600008,12.412645689000044],[98.59826148500008,12.426912279000021],[98.60152242100008,12.458706397000071],[98.60179416500006,12.481532941000069],[98.62029349800008,12.487907987000028],[98.64110146600007,12.499952429000075],[98.66627311900004,12.504676524000047],[98.703638,12.499649248000026],[98.74426381600006,12.48021951000004],[98.73896479700005,12.490002317000062],[98.71491540200009,12.501143845000058],[98.70146404400003,12.508616819000054],[98.68013209400004,12.519350733000067],[98.68828443100006,12.535383663000061],[98.69467042900004,12.542584893000026],[98.67659941200009,12.527774813000065],[98.63909866100005,12.533889068000065],[98.61627247200005,12.557572735000065],[98.62225049500006,12.567449525000029],[98.62700602500007,12.572476799000071],[98.65255001600008,12.576552968000044],[98.66776771400004,12.568672374000073],[98.67413958200007,12.580859903000032],[98.66396328900004,12.56989522400005],[98.64738686900006,12.578726923000033],[98.63067457600005,12.579134540000041],[98.63855517100006,12.597069685000065],[98.64155640800004,12.611750237000024],[98.65952398100006,12.628082139000071],[98.67863749700007,12.614868956000066],[98.67890924100004,12.593808748000072],[98.68135494400008,12.60793946900003],[98.69195298100004,12.613510233000056],[98.68574007700005,12.621661905000053],[98.66151758900008,12.63443456500005],[98.67986034900008,12.636200904000077],[98.69324282500008,12.64828882200004],[98.67130324800007,12.639465858000051],[98.65390874000008,12.639869456000042],[98.64928908000007,12.656989366000062],[98.66038378300004,12.66542411100005],[98.67314160000006,12.692691377000074],[98.68651809000005,12.680087658000048],[98.70273784500006,12.666779720000022],[98.70233023000009,12.672486356000036],[98.69815215600005,12.667798762000075],[98.68979601000007,12.680638695000027],[98.67929987500008,12.70193667600006],[98.68714650100009,12.708866165000074],[98.69142647800004,12.710089015000051],[98.69815215600005,12.725476552000032],[98.68480270300006,12.736482207000051],[98.70100547300007,12.744634546000043],[98.69550264800006,12.741985036000074],[98.68908268000007,12.749016427000072],[98.68898077600005,12.720177532000037],[98.67389895100007,12.722521330000063],[98.65950624000004,12.727659793000043],[98.63374868900007,12.726189882000028],[98.62804205300006,12.733730793000063],[98.61897257500004,12.742392653000024],[98.61734210700007,12.754824966000058],[98.62549444600006,12.749220236000042],[98.63079346600006,12.739233623000075],[98.64567148000003,12.741985036000074],[98.67267610000005,12.74799738400003],[98.67644655700008,12.749933565000049],[98.68388556300005,12.764811580000071],[98.70102623100007,12.780165150000073],[98.71488520800006,12.789947956000049],[98.71733090700008,12.805573269000035],[98.71311886700005,12.806116759000076],[98.70400866000006,12.788295510000069],[98.69352223600004,12.793023481000034],[98.67328788100008,12.783393534000027],[98.66205294000008,12.779610340000033],[98.64938497200006,12.767630226000051],[98.64411142900008,12.78815118700004],[98.64955693400003,12.801449686000069],[98.67225610100007,12.797781134000047],[98.66302739800005,12.805290204000073],[98.64858247500007,12.80465967200007],[98.65267775000007,12.815174913000021],[98.63668515600006,12.813397957000063],[98.63593998300007,12.835523913000031],[98.63565337500006,12.854439884000044],[98.63731569000004,12.864929649000032],[98.63055179700007,12.871578900000031],[98.62402037400005,12.884890141000028],[98.62106515000005,12.891717725000035],[98.61831373700005,12.905576696000026],[98.60914235600006,12.913423321000039],[98.59976716700004,12.921066139000061],[98.59273577700009,12.940326038000023],[98.60384333600007,12.956732617000057],[98.62747829300008,12.963637984000059],[98.64154789900005,12.97976297300005],[98.65387831100008,12.97996678100003],[98.66518968100007,12.98220867300006],[98.66447634800005,12.98424675800004],[98.65255355500005,12.981699151000043],[98.63461841300006,12.982412483000076],[98.62361275600006,12.963458295000066],[98.61403375800006,12.961929732000044],[98.59772908200006,12.96906302800005],[98.59620051800005,12.974463951000075],[98.60027668900005,12.997901923000029],[98.59752527500007,13.006461879000028],[98.58672342600005,13.007277111000064],[98.58488914900005,13.030409372000065],[98.59395862700006,13.04049788900005],[98.59609861600006,13.050688312000034],[98.59406053100008,13.063324436000073],[98.58550057700006,13.065260617000035],[98.57520825000006,13.067808221000064],[98.57959013100003,13.070152018000044],[98.58948050200007,13.078383616000053],[98.58114700300007,13.099942020000071],[98.57819005600004,13.110991734000038],[98.57136419700004,13.116609021000045],[98.56990462100003,13.130178217000037],[98.57581233700006,13.139508179000075],[98.57489912000005,13.150963105000073],[98.57989123500005,13.155450466000048],[98.58060456700008,13.160138060000065],[98.57640542200005,13.186935423000023],[98.57000652400006,13.192237892000037],[98.56827415500004,13.205893058000072],[98.56358655900004,13.220974883000054],[98.55604564600009,13.200492135000047],[98.54065811000004,13.208236856000042],[98.53678574800006,13.219446319000042],[98.53092567600004,13.225277947000052],[98.53709146200003,13.241457635000074],[98.52445256900006,13.23631658000005],[98.51029064800008,13.245533800000032],[98.49415604600006,13.246512387000053],[98.48940028400006,13.257252787000027],[98.49327264600004,13.279366003000064],[98.50170243400004,13.293490432000056],[98.50206325000005,13.29792807800004],[98.48972388700008,13.294216404000053],[98.47992325800004,13.312547210000048],[98.48319013200006,13.296394323000072],[98.47792683500006,13.282600844000058],[98.48105251000004,13.274453769000047],[98.47629339400004,13.282237857000041],[98.46947365500006,13.299789],[98.45632221400007,13.358699413000068],[98.46068498500006,13.362820808000038],[98.46485932800005,13.378066230000059],[98.46830769800005,13.396397036000053],[98.47103009300008,13.405290200000024],[98.46612977800004,13.408012596000049],[98.46068498500006,13.392767173000038],[98.45129730000008,13.376360914000031],[98.44162820800005,13.403112282000052],[98.43702904200006,13.416438370000037],[98.42529382600009,13.43632552500003],[98.41547805900007,13.444950740000024],[98.41494871700007,13.468449811000028],[98.43436848200008,13.47443908400004],[98.42275292200009,13.479883878000066],[98.41240781400006,13.492406902000027],[98.39189909000004,13.525075666000077],[98.36757901000004,13.567726551000021],[98.37574619900005,13.579523606000066],[98.36812349000007,13.596039481000048],[98.35723390200008,13.613281327000038],[98.28917397800006,13.665914336000071],[98.28136977300005,13.69186785100004],[98.30242297700005,13.682430210000064],[98.31167912500007,13.679889307000053],[98.29625221100008,13.700216536000028],[98.27737692600004,13.708746713000039],[98.24978996800007,13.706205810000029],[98.23164065500004,13.737967107000031],[98.24415491800005,13.797511539000027],[98.24193376800008,13.843742059000022],[98.23904569500007,13.879346128000066],[98.24168189100004,13.89932445100004],[98.23090073200007,13.928823651000073],[98.23186642300004,13.958317581000074],[98.21625116400008,13.985845515000051],[98.19172552600008,14.00385734200006],[98.20948991400007,13.975703644000077],[98.20771911200006,13.94849767200003],[98.21416529100009,13.916506844000025],[98.21274235100003,13.881519190000063],[98.17324808000006,13.797379221000028],[98.17395163100008,13.746079598000051],[98.17931769800003,13.706370683000046],[98.18253734100006,13.691131049000035],[98.18296662600005,13.666876413000068],[98.17974698700004,13.645412136000061],[98.15906584100009,13.610408230000075],[98.15248735100005,13.572004307000043],[98.16987341800007,13.55655002800006],[98.16922949000008,13.536158964000037],[98.13832093100007,13.558267170000022],[98.12157879200004,13.553115741000056],[98.12372522200008,13.58359501600006],[98.12565700400006,13.59990786700007],[98.13553057500008,13.605703222000045],[98.13427328000006,13.619287534000023],[98.12909129100007,13.635753212000054],[98.14819449800007,13.639187496000034],[98.14347235600007,13.67159855500006],[98.13221837200007,13.683013438000046],[98.11256379600007,13.683189264000077],[98.10941559600008,13.688136027000041],[98.09668023100005,13.696282475000032],[98.09474844800008,13.712595326000041],[98.10054380200006,13.717317467000044],[98.08772110600006,13.726989462000063],[98.08229916600004,13.745864956000048],[98.07736238100006,13.761104591000048],[98.06856202900008,13.77119280200003],[98.06984988300007,13.793944937000049],[98.09410451900004,13.794803509000076],[98.09861201600006,13.797379221000028],[98.09195809000005,13.827429209000059],[98.08787987600004,13.852757057000076],[98.09621335200006,13.865416996000022],[98.08745059100005,13.904700609000031],[98.07392809600003,13.922730602000058],[98.07607452500008,13.940975240000057],[98.07027917200008,13.95642951800005],[98.06255250900006,13.979816791000076],[98.06620095900007,13.989269863000061],[98.06147881600003,14.002363071000048],[98.06083488800004,14.04443305600006],[98.07135238500007,14.078775901000029],[98.08036738000004,14.083068756000046],[98.08693161100007,14.145169300000077],[98.08423095200004,14.173218722000058],[98.09152880500005,14.175794433000021],[98.08372785000006,14.217799569000022],[98.07543059700004,14.212927636000074],[98.09195809000005,14.195541568000067],[98.08380166300003,14.183306930000072],[98.04859830100008,14.222348372000056],[98.02079333100005,14.26351949900004],[97.99579812600007,14.315312239000036],[97.97433384800007,14.378202572000077],[97.97108759000008,14.403071771000043],[97.99433817000005,14.464789756000073],[97.98859705000007,14.469657311000049],[97.99905313300007,14.481376061000049],[97.96817751800006,14.444039625000073],[97.96535936700008,14.43025777500003],[97.95580972400006,14.456046472000025],[97.95437207300006,14.47522110500006],[97.95007921500007,14.501836811000032],[97.93655672000006,14.522227876000045],[97.90242852100005,14.580610708000052],[97.89208742100004,14.63378724000006],[97.88482781200008,14.646506040000077],[97.87258075000005,14.676055233000056],[97.89514559200006,14.700508146000061],[97.89528512900006,14.702763608000055],[97.90672137300004,14.718411371000059],[97.93505422100009,14.725065297000071],[97.95866492500005,14.700381379000078],[97.96381635200004,14.721845656000028],[97.94939834300004,14.741483740000035],[97.94406921800004,14.770998850000069],[97.93805922100006,14.75661778400007],[97.91895601200008,14.74030493400005],[97.88976459400004,14.762627783000028],[97.89210554400006,14.726634873000023],[97.88457753700004,14.722147110000037],[97.88102840400006,14.715750503000038],[97.86756898000004,14.708355795000045],[97.85793709800004,14.708524388000058],[97.83463494000006,14.712508695000054],[97.83620451600007,14.717700367000077],[97.83871427900004,14.721389766000073],[97.83052989800007,14.731705807000026],[97.82644492300005,14.745065632000035],[97.81700740200006,14.777827174000038],[97.82014655300009,14.787727572000051],[97.81427704900005,14.803825454000048],[97.81092216300004,14.808755717000054],[97.81012541700005,14.815496981000024],[97.81005786000009,14.822501460000069],[97.79382598200004,14.866930757000034],[97.79251942500008,14.876726217000055],[97.79930606600004,14.885215970000047],[97.82515320500005,14.88220255300007],[97.83736734100006,14.889763684000059],[97.82921020400005,14.900148067000032],[97.83703431400005,14.917150397000057],[97.83707224600005,14.92364698700004],[97.85743341600005,14.928732583000055],[97.86533211700004,14.946520491000058],[97.86716237500008,14.955953609000062],[97.86858336600005,14.97212759100006],[97.86904723100008,14.998338620000027],[97.87304092100004,15.019521659000077],[97.87213301500003,15.024286134000022],[97.87340330200004,15.029291249000039],[97.87323550400004,15.033788385000037],[97.87604542700007,15.04738416400005],[97.88041504300008,15.069066741000029],[97.89380834100007,15.076848787000074],[97.93682528200009,15.063378864000072],[97.94919356800006,15.06065553700006],[97.94685542500008,15.074307755000063],[97.98411269200005,15.089020972000071],[98.01149023900007,15.10175541500007],[98.02787029400008,15.095557558000053]]]]}},{"type":"Feature","properties":{"id":"yangon","name":"Yangon","nameMy":"ရန်ကုန်","stSource":"Yangon"},"geometry":{"type":"MultiPolygon","coordinates":[[[[93.36715363900004,14.044924665000053],[93.36146183500006,14.097714650000057],[93.37130223700007,14.134457320000024],[93.36715363900004,14.044924665000053]]],[[[93.61425736600006,14.843653854000024],[93.61822351700005,14.88729528600004],[93.63901852100008,14.882783162000067],[93.61425736600006,14.843653854000024]]],[[[96.13935584200004,16.311109893000037],[96.12962073600005,16.312551848000055],[96.13249992500005,16.319716389000064],[96.16125220400005,16.330847136000045],[96.14861208800005,16.323184024000057],[96.14196891200004,16.31516491700006],[96.13935584200004,16.311109893000037]]],[[[96.06180218800006,17.78886389300004],[96.09117628200005,17.770369092000067],[96.09594155300005,17.725702253000065],[96.09596054900004,17.718164169000033],[96.09280947600007,17.714482996000072],[96.08725541500007,17.71143911400003],[96.08064053000004,17.705552975000046],[96.10475364100006,17.674283166000066],[96.13399718300008,17.63389922500005],[96.15174672100005,17.604570081000077],[96.15732239000005,17.586552536000056],[96.18134387300006,17.55382762200003],[96.20571349100004,17.512051131000078],[96.20721212900008,17.49833482100007],[96.20261552400007,17.49797258700005],[96.20849858900004,17.482111314000065],[96.22903869700008,17.482459451000068],[96.26803008900004,17.459830520000025],[96.28174030000008,17.437143074000062],[96.28164091000008,17.431108478000056],[96.28183162800008,17.42555406300005],[96.28162556500007,17.416929082000024],[96.28369313700006,17.41139037100004],[96.28439137300006,17.407048905000067],[96.28510461400003,17.403817893000053],[96.28442954500008,17.398328511000045],[96.28684790000005,17.394144097000037],[96.28973954500003,17.390443658000038],[96.29013262600006,17.386663268000063],[96.29267303400007,17.382497751000074],[96.29203219900006,17.378591225000037],[96.29060909600008,17.37656211700005],[96.29180311900006,17.372861699000055],[96.29275695400008,17.369638121000037],[96.29519081300003,17.366040935000058],[96.29737253500008,17.361150459000044],[96.29847896700005,17.355249489000073],[96.29891404500006,17.350065263000033],[96.29966128700005,17.344072090000054],[96.30290389600003,17.33752253800003],[96.30121777600004,17.332593821000046],[96.30119142400008,17.33023641400007],[96.30106530000006,17.32562432700007],[96.30207609800004,17.32362943000004],[96.30410564700009,17.319818403000056],[96.30621133700004,17.317529698000044],[96.30925916700005,17.31573643200005],[96.31163568100004,17.311945079000054],[96.30315600300008,17.29212352600007],[96.30932786400007,17.257261157000073],[96.31055999300008,17.252740825000046],[96.31535125400006,17.239935039000045],[96.31431393900004,17.235761575000026],[96.31242568200008,17.229314588000022],[96.29483666900006,17.224315562000072],[96.30876216500008,17.208649378000075],[96.30968670400006,17.197507655000038],[96.31165869100005,17.192693623000025],[96.32860599600008,17.173835635000046],[96.36133091400006,17.154339940000057],[96.39151575600005,17.108972400000027],[96.39509013600008,17.09943555700005],[96.39646306700007,17.088136561000056],[96.40197543100004,17.068521287000067],[96.39798536000006,17.072290810000027],[96.39697059700006,17.062894607000032],[96.39725313300005,17.05042213300004],[96.39689416300007,17.04540034400003],[96.39522361100006,17.039205217000074],[96.38807473100007,17.029062260000046],[96.38350494200006,17.021375603000024],[96.37596684000005,17.010068697000065],[96.37823294900005,17.000863896000055],[96.40643191300006,16.984833863000063],[96.42598677200004,16.98174625300004],[96.46235194600007,16.96905274900007],[96.48377786200007,16.97134219900005],[96.48795092500006,16.976190340000073],[96.48875246700004,16.983106502000055],[96.49212806500003,16.98235132600007],[96.50135966400006,16.986547536000046],[96.50755507900004,16.98535353400007],[96.51151458600003,16.98505947700005],[96.52753480400008,16.989979876000064],[96.54296659400006,16.986139167000033],[96.56325710400006,16.982293474000073],[96.58585631200003,16.984833863000063],[96.61295865700004,16.985863063000068],[96.65069610400008,16.996155096000052],[96.68706127900003,16.976257171000043],[96.70627306800009,16.976257171000043],[96.71633689900005,16.94998342200006],[96.74263824300004,16.931658370000036],[96.75704708700005,16.936461319000045],[96.76802525000005,16.92616928800004],[96.77421356600007,16.91386589500007],[96.78203665600006,16.915741728000057],[96.77899341900007,16.90696513200004],[96.77836786200004,16.901876122000033],[96.77838707500007,16.896978063000063],[96.78358429300005,16.892159110000023],[96.78467717600006,16.87823301700007],[96.78741652300005,16.876703064000026],[96.78745085000008,16.871789853000053],[96.78994181100006,16.86614780900004],[96.79053291800005,16.86106284300007],[96.79567912500005,16.861104684000054],[96.79366875100004,16.856660865000038],[96.79413004000008,16.85412786200004],[96.79635041000006,16.852113574000043],[96.79555699500008,16.84619301400005],[96.79948216600008,16.847013250000032],[96.80311006500006,16.854272940000044],[96.80562779500008,16.84539604300005],[96.81798729200005,16.835523669000054],[96.83746435400008,16.82168437000007],[96.81167202900008,16.76082507500007],[96.79890432500008,16.77050677400007],[96.78016653100008,16.78166094900007],[96.75967825700008,16.758219589000078],[96.74813248900006,16.744199726000033],[96.72728023400003,16.716068370000073],[96.72923507100006,16.66548690600007],[96.67442312400004,16.59035006700003],[96.61570730500006,16.537852205000036],[96.53350820700007,16.50020877000003],[96.42264174500008,16.481211579000046],[96.36877822300005,16.508746064000036],[96.31261061800006,16.54384890700004],[96.28246306600005,16.575652040000023],[96.29977416300005,16.605116760000044],[96.31885399000004,16.61703165600005],[96.33724974700004,16.62894717300003],[96.35693358800006,16.630328097000074],[96.37541198000008,16.623938477000024],[96.40027999200004,16.614439882000056],[96.41893004700006,16.61858645800004],[96.43274688100007,16.611330902000077],[96.44396972000004,16.61910525600007],[96.46244811200006,16.612196840000024],[96.46978377500005,16.613100924000037],[96.45605849700007,16.618414795000035],[96.44673156000005,16.61996737800007],[96.43481825900005,16.613577759000066],[96.42134856400008,16.62031070000006],[96.40649794900008,16.613749419000044],[96.37316893800005,16.63136569200003],[96.35728072300003,16.633089937000022],[96.34536360800007,16.632056152000075],[96.32878875000006,16.63257495000005],[96.31445311600004,16.620829498000035],[96.30512999700005,16.613924895000025],[96.28265341700006,16.60173969400006],[96.27752143700008,16.58147495000003],[96.26144027100008,16.60459796200007],[96.26380919700006,16.64702502700004],[96.24281762600003,16.672648147000075],[96.22826001100003,16.69943125700007],[96.22505957000004,16.73960765000004],[96.21632288300003,16.752841270000033],[96.23738672100006,16.784648729000025],[96.28130337600004,16.811701612000036],[96.28829953200005,16.82040293700004],[96.29789731100004,16.821699935000026],[96.30329892300006,16.82370265000003],[96.30539700500003,16.82580073500003],[96.30750271800008,16.827902632000075],[96.31198844700003,16.838960352000072],[96.31612071400008,16.868374200000062],[96.31749722400008,16.87870295700003],[96.32080075200008,16.880801039000062],[96.32420346300006,16.88290293600005],[96.32790371800007,16.88500102200004],[96.33329769900007,16.888800459000038],[96.33580014200004,16.890803176000077],[96.33830258400008,16.89290125900004],[96.34169766400004,16.898302871000055],[96.34251677500004,16.907377789000066],[96.33580016400003,16.903700659000037],[96.33370208000008,16.90080148800007],[96.33170317800005,16.897902318000035],[96.32959746700004,16.895800421000047],[96.32749938300003,16.893702335000057],[96.32129668400006,16.891703435000068],[96.31749724700006,16.889601538000022],[96.31379699000007,16.887503452000033],[96.31040190900006,16.88500101300002],[96.30829619700006,16.88290292800002],[96.30539702800007,16.880801032000022],[96.30329894400006,16.877501318000043],[96.30120085900006,16.863303013000063],[96.30079650300007,16.85080225200005],[96.30210112800006,16.834200689000056],[96.29920195900007,16.831202336000047],[96.28869628300004,16.829203436000057],[96.28250121500008,16.827101536000043],[96.28040313100007,16.82500345400007],[96.27829741700003,16.822901554000055],[96.27539824800004,16.820803471000033],[96.27330016500008,16.81880075600003],[96.27120208000008,16.815001317000053],[96.26920317900004,16.81210214600003],[96.26580047000004,16.81000025000003],[96.24749763900007,16.80790216500003],[96.24250038600007,16.805800267000052],[96.23919685600004,16.803702185000077],[96.23249825000005,16.79870111500003],[96.22250374000004,16.791300602000035],[96.21920021400007,16.78830225200005],[96.21250160600005,16.78580362400004],[96.20829780900004,16.782900640000037],[96.20500191200006,16.778700658000048],[96.20249947000008,16.774203129000057],[96.19940956400006,16.771239111000057],[96.19547661200005,16.77231867000006],[96.18962868100004,16.775484868000035],[96.18636711500005,16.77695734200006],[96.18010338000005,16.77923471500003],[96.17857750300004,16.783247776000053],[96.18129738200008,16.78549463300004],[96.18627174800008,16.78705866100006],[96.18864448800008,16.789572545000055],[96.19022758700004,16.795191596000052],[96.19169624800008,16.799631903000034],[96.19134148100005,16.803221531000077],[96.18951805400008,16.805014439000047],[96.18603523700006,16.804194281000036],[96.19034203000007,16.80153543700004],[96.188881,16.79741937600005],[96.18810661700007,16.793249913000068],[96.18534096200005,16.78853113200006],[96.18020256200003,16.786700077000035],[96.17680748300006,16.783675023000058],[96.17685326000009,16.780245610000065],[96.17965324800008,16.777502842000047],[96.18437065800003,16.77517566800003],[96.18802269400004,16.77352030000003],[96.19046028400004,16.772127934000025],[96.19487770500007,16.769175360000077],[96.19643791500005,16.76701624100002],[96.19300850300004,16.765696354000056],[96.18823250200006,16.766260930000044],[96.17643745900006,16.766455480000047],[96.16174705700007,16.767676185000028],[96.13293465100008,16.77406961400004],[96.12868889400005,16.775416204000067],[96.12506493000006,16.77771265100006],[96.12250526700007,16.779318638000063],[96.12049110600003,16.781695196000044],[96.11956032200004,16.78738290900003],[96.12033470600005,16.793894597000076],[96.12069708000007,16.798041182000077],[96.12162786600004,16.80321772600007],[96.12131506300005,16.810889082000074],[96.12016683700006,16.813959915000055],[96.11856085100004,16.81730921700006],[96.11797555400005,16.82207962500007],[96.11727531700006,16.82507593400004],[96.11621101900005,16.82818491100005],[96.11427696500004,16.832243750000032],[96.11378105400007,16.827624151000066],[96.11391838300005,16.824244330000056],[96.10989006400007,16.824011633000055],[96.10797125100004,16.82382472000006],[96.10806893600005,16.822089480000045],[96.11174017200005,16.820643263000022],[96.11370474000006,16.817927201000032],[96.11495596100008,16.81389124900005],[96.11573797400007,16.807295638000028],[96.11613851600003,16.804812269000024],[96.11582571000008,16.799284773000068],[96.11366278000008,16.789934949000042],[96.11366659400005,16.78425105100007],[96.11403282500004,16.78130228200007],[96.11634834500006,16.776728459000026],[96.11996849400003,16.773245642000063],[96.12261589500008,16.771570989000054],[96.12924583800003,16.769411869000066],[96.12739571000009,16.76660043800007],[96.12590034800007,16.764693091000026],[96.12340172300009,16.761751957000058],[96.12083061500005,16.758341620000067],[96.12074285500006,16.756209212000044],[96.13299653600006,16.768902078000053],[96.14380330300008,16.76668151100006],[96.15826422100008,16.762018995000062],[96.16171652000008,16.760969954000075],[96.16525656100004,16.759527999000056],[96.16906744300007,16.758360701000072],[96.17674261400003,16.75492366000003],[96.18209463300008,16.752173261000053],[96.18747716900003,16.749396164000075],[96.19049459500008,16.74357874900005],[96.19056326100008,16.738032179000072],[96.19662481600005,16.721819718000063],[96.20688635100004,16.681376296000053],[96.23514970300005,16.657007170000043],[96.24080803900006,16.627662771000075],[96.23786160300006,16.576476024000044],[96.27441212300005,16.499015263000047],[96.30924906100006,16.47074992000006],[96.32569771600004,16.440879164000023],[96.31148608100006,16.41364019300005],[96.25031901700004,16.366882152000073],[96.15602488300004,16.333369192000077],[96.11240763500007,16.322825368000053],[96.08050540700003,16.346438345000024],[96.06311420300005,16.360766347000038],[96.04000095200007,16.374945576000073],[96.00313953400007,16.403639643000076],[95.95696094200008,16.41545029200006],[95.90542121900006,16.410560375000045],[95.87773935700005,16.419685523000055],[95.86400721200005,16.44086808800006],[95.86240025700005,16.465410648000045],[95.84136377700008,16.464972387000046],[95.82648576600008,16.482868006000047],[95.83171659100003,16.497560531000033],[95.83623321600004,16.503278554000076],[95.85613411300005,16.51853370200007],[95.87431125100005,16.53462775500003],[95.88244065800006,16.541181550000033],[95.87828848900006,16.55396911100007],[95.87938890700008,16.557015646000025],[95.85005168300006,16.555547792000027],[95.82406660200007,16.620510498000044],[95.82519729200004,16.674268668000025],[95.83426446200008,16.700986796000052],[95.86019033600007,16.713897746000043],[95.87571132100004,16.73547523800005],[95.87485647800008,16.763556794000067],[95.87083604800006,16.802034461000062],[95.85555892300005,16.84151892500006],[95.83725149700007,16.870096321000062],[95.84626370800004,16.88646030500007],[95.84346578600008,16.901470004000032],[95.84304222000009,16.91124918400004],[95.83806246900008,16.925141672000052],[95.84920662700006,16.932786884000052],[95.85416359900006,16.948569661000022],[95.87994996400005,16.94627754000004],[95.86992193300006,16.954299966000065],[95.86734329700005,16.99040087700007],[95.84470859900006,17.012749061000022],[95.82064132400006,17.023923151000076],[95.83210192900003,17.048563456000068],[95.83324799400003,17.06804648800005],[95.82505360700009,17.09410924100007],[95.83928710100008,17.099673695000035],[95.82362529800008,17.09750147500006],[95.81107512400007,17.080724489000033],[95.80173132300007,17.099849671000072],[95.80975374900004,17.110737251000046],[95.79657405000006,17.131939373000023],[95.78711905100005,17.14282694800005],[95.78855162500008,17.15457407200006],[95.78080534800006,17.166105220000077],[95.76906859400003,17.17548967700003],[95.76591692800008,17.185517709000067],[95.74901253100006,17.196691801000043],[95.73583283400006,17.206719833000022],[95.73216434700004,17.201425236000034],[95.70746783200008,17.206146802000035],[95.69027692200007,17.23164665300004],[95.69485271300005,17.23867208200005],[95.69915889100008,17.24683195500006],[95.70191346500008,17.27144432600005],[95.70689480200008,17.277775596000026],[95.70402964800007,17.304994538000074],[95.69040812600008,17.335611266000058],[95.68376323200005,17.348687633000054],[95.67056786200004,17.354054873000052],[95.66348019000009,17.360799815000064],[95.65250176000006,17.35117355600005],[95.63813592000008,17.347139284000036],[95.61916047900007,17.360410125000044],[95.65861389000008,17.392053392000037],[95.68986368600008,17.442057103000025],[95.73613799800006,17.477992338000035],[95.74825900100006,17.468492369000046],[95.76779603000006,17.466109376000077],[95.78520207100007,17.471932967000043],[95.77828374100005,17.50175863900006],[95.78761141100006,17.507449802000053],[95.79136438300009,17.50890541800004],[95.79456270400004,17.511727541000027],[95.80737483400009,17.529798494000033],[95.81494703700008,17.544175884000026],[95.81994829200005,17.547017706000076],[95.82407571100003,17.551866424000025],[95.82968311500008,17.556672991000028],[95.83191874700003,17.55938515300005],[95.84464422500008,17.565206640000042],[95.85126278900003,17.57043261700005],[95.87040276600004,17.57644567400007],[95.89016535000007,17.57319779200003],[95.89644779700006,17.581537183000023],[95.89625197000004,17.606603078000035],[95.90627106800008,17.63269777000005],[95.94560044700006,17.658301481000024],[95.96042407000004,17.665738790000034],[95.96130910800008,17.674947410000073],[95.97673698700004,17.68630478600005],[95.97752029700007,17.705495859000052],[95.97889108700008,17.71469974400003],[95.98996934800005,17.708627652000075],[95.99510372200007,17.719743649000065],[96.00596975000008,17.727733641000043],[96.00724594200005,17.732462026000064],[96.00883262000008,17.735689],[96.01034343500004,17.744794890000037],[96.01338773500004,17.748331076000056],[96.01553515300009,17.751146420000055],[96.01691995300007,17.754739631000064],[96.01351360500007,17.756612801000074],[96.01574504100006,17.759450878000052],[96.01801848100007,17.763505644000077],[96.02942541000004,17.776592046000076],[96.03392953300005,17.782045158000074],[96.03761095100003,17.78404814000004],[96.04326030200008,17.78795432100003],[96.05190089600006,17.788347249000026],[96.05234711100007,17.792344722000053],[96.06180218800006,17.78886389300004]]]]}}]}